-0.02708829939365387,0.8290120959281921,4.280645669041405e-07,0.05148965120315552,0.8304551243782043,-0.032535798847675323,0.1303710788488388,0.7804533243179321,-0.04981961101293564,0.19944912195205688,0.761783242225647,-0.06500588357448578,0.26199954748153687,0.7688696384429932,-0.07966426759958267,0.12445103377103806,0.6158037185668945,-0.04764241352677345,0.1751880794763565,0.517349362373352,-0.07849425822496414,0.2132081240415573,0.464129239320755,-0.10126239061355591,0.24575476348400116,0.4167330861091614,-0.11947017908096313,0.0831526443362236,0.6069958209991455,-0.05556975305080414,0.13359196484088898,0.502204418182373,-0.08918435126543045,0.184231698513031,0.45234766602516174,-0.11373446136713028,0.22862508893013,0.4130210280418396,-0.13318972289562225,0.03543596714735031,0.6272600293159485,-0.06666283309459686,0.07847213745117188,0.5852360129356384,-0.11141197383403778,0.11633896827697754,0.5861128568649292,-0.13607394695281982,0.14774127304553986,0.5811706185340881,-0.15080823004245758,-0.010397285223007202,0.6700721383094788,-0.07953406125307083,0.02486059069633484,0.6945052146911621,-0.1254044771194458,0.0500965490937233,0.7375275492668152,-0.14552368223667145,0.06918410211801529,0.7675536274909973,-0.15734733641147614
-0.001428447663784027,0.8272227644920349,9.528756663712556e-07,0.07609251141548157,0.8101125359535217,-0.022757112979888916,0.15168879926204681,0.7512158155441284,-0.03927401080727577,0.22144140303134918,0.7267248630523682,-0.058318573981523514,0.2852945327758789,0.7337003946304321,-0.07753375172615051,0.14586985111236572,0.5997522473335266,-0.03182792663574219,0.2019324004650116,0.5089976787567139,-0.0626051053404808,0.2395102083683014,0.45414072275161743,-0.08194771409034729,0.2708209156990051,0.4079718291759491,-0.09455607086420059,0.10246749222278595,0.5832185745239258,-0.043854258954524994,0.15996572375297546,0.49575841426849365,-0.07748069614171982,0.21110187470912933,0.4453837275505066,-0.09838909655809402,0.25348514318466187,0.40878212451934814,-0.11036698520183563,0.051894210278987885,0.5929316282272339,-0.05889999493956566,0.09757891297340393,0.5823979377746582,-0.10539188235998154,0.12269437313079834,0.6265722513198853,-0.1242719367146492,0.13522180914878845,0.6668857336044312,-0.12841573357582092,0.0016785413026809692,0.6266096830368042,-0.07530834525823593,0.045801565051078796,0.6578766107559204,-0.11590325087308884,0.07158902287483215,0.7114574313163757,-0.12804079055786133,0.08585578203201294,0.7571727633476257,-0.13014602661132812
-0.010767191648483276,0.8010078072547913,9.155376687886019e-07,0.08097823709249496,0.7833976745605469,-0.013980217278003693,0.16643044352531433,0.7231051921844482,-0.02624344453215599,0.2370632141828537,0.7037578225135803,-0.043379683047533035,0.29697829484939575,0.7136087417602539,-0.06124356761574745,0.1573437750339508,0.584052324295044,-0.021447667852044106,0.21807745099067688,0.510444164276123,-0.0507986806333065,0.2577109932899475,0.463378369808197,-0.06842873245477676,0.29274678230285645,0.42438220977783203,-0.07996254414319992,0.11457487940788269,0.5599035620689392,-0.036846015602350235,0.17816108465194702,0.4878411591053009,-0.07091903686523438,0.23132196068763733,0.4517543315887451,-0.09138428419828415,0.2768791913986206,0.4267514944076538,-0.10219361633062363,0.06304709613323212,0.5605438351631165,-0.05459911748766899,0.12865294516086578,0.5773098468780518,-0.10070232301950455,0.1414048820734024,0.6372225880622864,-0.11603367328643799,0.14127948880195618,0.6820847392082214,-0.11666808277368546,0.01230040192604065,0.5864963531494141,-0.07333754003047943,0.06256242841482162,0.643194317817688,-0.11104782670736313,0.07793333381414413,0.6960173845291138,-0.12185382843017578,0.08295418322086334,0.7326778769493103,-0.12305721640586853
0.00935274362564087,0.7877954244613647,9.155544375971658e-07,0.09825651347637177,0.76722651720047,-0.015058083459734917,0.17614272236824036,0.7114022970199585,-0.028751123696565628,0.24019506573677063,0.6815195083618164,-0.047324810177087784,0.30142903327941895,0.6845153570175171,-0.06439180672168732,0.1689327359199524,0.5695438385009766,-0.018310779705643654,0.2313307821750641,0.5117791295051575,-0.05186045914888382,0.27581003308296204,0.4748817980289459,-0.07184571027755737,0.31517311930656433,0.4466821253299713,-0.08294343203306198,0.12802757322788239,0.5355715751647949,-0.03163178265094757,0.18949031829833984,0.4817608594894409,-0.0707375556230545,0.24387764930725098,0.4603346586227417,-0.09023512899875641,0.29148226976394653,0.4502103328704834,-0.0969942957162857,0.07805000990629196,0.5286513566970825,-0.04776212200522423,0.13636767864227295,0.5791401863098145,-0.09608480334281921,0.14155563712120056,0.65510493516922,-0.10149344056844711,0.13761870563030243,0.7092472910881042,-0.0907745510339737,0.027386054396629333,0.5501024127006531,-0.06559835374355316,0.07054401934146881,0.6129651069641113,-0.09917625784873962,0.09095914661884308,0.6689581274986267,-0.10066145658493042,0.10093747079372406,0.7089373469352722,-0.09202591329813004
0.009095415472984314,0.7554659843444824,1.0072759550894261e-06,0.10178208351135254,0.737027645111084,-0.013622297905385494,0.1810406595468521,0.6863516569137573,-0.030116572976112366,0.24507558345794678,0.6653246283531189,-0.052364531904459,0.30711591243743896,0.6573842763900757,-0.07528062909841537,0.17013314366340637,0.552771270275116,-0.02266538143157959,0.24126189947128296,0.5121542811393738,-0.06194901093840599,0.28950875997543335,0.48493123054504395,-0.08701690286397934,0.33360081911087036,0.46247684955596924,-0.1017858237028122,0.13060513138771057,0.5231617093086243,-0.03993130102753639,0.20834529399871826,0.4812140166759491,-0.08356793224811554,0.27021777629852295,0.4682907462120056,-0.10664147883653641,0.3251718282699585,0.46154600381851196,-0.11706651747226715,0.07966725528240204,0.5208168625831604,-0.06012052670121193,0.14787118136882782,0.5562219023704529,-0.11715780943632126,0.15195588767528534,0.6428310871124268,-0.12491155415773392,0.1507510542869568,0.7057285904884338,-0.11551333218812943,0.026353120803833008,0.5469716191291809,-0.08104094117879868,0.07491987943649292,0.5813560485839844,-0.12542954087257385,0.10085653513669968,0.636306881904602,-0.12891420722007751,0.11944208294153214,0.6814932823181152,-0.12122940272092819
0.026727035641670227,0.728897750377655,9.956996791515849e-07,0.11368277668952942,0.7116986513137817,-0.012145749293267727,0.19103661179542542,0.6625499725341797,-0.02687767706811428,0.2534162104129791,0.6396685242652893,-0.047908179461956024,0.312950074672699,0.6384865641593933,-0.06959513574838638,0.18468795716762543,0.5389105081558228,-0.018717218190431595,0.25503453612327576,0.5063885450363159,-0.05522456020116806,0.302215576171875,0.4859057664871216,-0.07872626185417175,0.3449578583240509,0.468647837638855,-0.09280791878700256,0.1473255306482315,0.5045573711395264,-0.034746717661619186,0.22086793184280396,0.46222615242004395,-0.07780717313289642,0.2795414328575134,0.4461274743080139,-0.09929177910089493,0.33151328563690186,0.43521273136138916,-0.10855793952941895,0.09829367697238922,0.4965592622756958,-0.053567323833703995,0.15995675325393677,0.5150901675224304,-0.11142915487289429,0.16028784215450287,0.6059265732765198,-0.11801742762327194,0.15579825639724731,0.6758632659912109,-0.1066795289516449,0.04575737565755844,0.5173564553260803,-0.0727652832865715,0.09209854900836945,0.5445131659507751,-0.12052030861377716,0.11916807293891907,0.609599769115448,-0.12529215216636658,0.13728871941566467,0.6649754643440247,-0.11709750443696976
0.03843168914318085,0.7045302987098694,9.870760777630494e-07,0.11878497153520584,0.6900197863578796,-0.016877727583050728,0.19698524475097656,0.6445400714874268,-0.033707424998283386,0.26001593470573425,0.6215437650680542,-0.05494147911667824,0.3190874457359314,0.6215700507164001,-0.07655967026948929,0.18898950517177582,0.5187566876411438,-0.026913641020655632,0.2568409740924835,0.4901076555252075,-0.06516368687152863,0.3036210238933563,0.46842440962791443,-0.08916221559047699,0.34503427147865295,0.44936472177505493,-0.1028159111738205,0.15086710453033447,0.480400949716568,-0.040557678788900375,0.22689394652843475,0.4461379647254944,-0.08452852815389633,0.28466087579727173,0.43056753277778625,-0.10590121895074844,0.3356620669364929,0.4191834330558777,-0.11409907042980194,0.10239225625991821,0.46991270780563354,-0.05698268488049507,0.1641635000705719,0.5076704025268555,-0.1141955628991127,0.16701368987560272,0.595727801322937,-0.121338851749897,0.16688872873783112,0.6623017191886902,-0.10991774499416351,0.05150187015533447,0.4890466332435608,-0.07428029924631119,0.09657265245914459,0.5220487713813782,-0.11857031285762787,0.12517808377742767,0.5817381739616394,-0.12263068556785583,0.14792758226394653,0.6335786581039429,-0.1142653226852417
0.04464288055896759,0.6916061639785767,9.914404017763445e-07,0.12146562337875366,0.6801615357398987,-0.01722976192831993,0.19955354928970337,0.633657693862915,-0.035003915429115295,0.2622133195400238,0.6114410161972046,-0.05672012269496918,0.32211849093437195,0.6104969382286072,-0.07910666614770889,0.1928742527961731,0.503778874874115,-0.03043835423886776,0.2600267827510834,0.4794766306877136,-0.06802341341972351,0.3063793480396271,0.459196001291275,-0.09151890128850937,0.3481988310813904,0.4411241412162781,-0.10526929050683975,0.15407699346542358,0.4656333029270172,-0.043613407760858536,0.23208457231521606,0.44165754318237305,-0.08578132838010788,0.28975704312324524,0.4294050335884094,-0.10536196827888489,0.3405115306377411,0.41898268461227417,-0.11313451081514359,0.10437563061714172,0.4550034999847412,-0.059385910630226135,0.16984733939170837,0.4942052662372589,-0.11415296792984009,0.16967028379440308,0.5841622352600098,-0.11913546174764633,0.1665285974740982,0.6502953767776489,-0.10750653594732285,0.05273258686065674,0.474603533744812,-0.07622518390417099,0.10228084772825241,0.5125772953033447,-0.11960156261920929,0.13018161058425903,0.572525143623352,-0.12331010401248932,0.15153849124908447,0.6214953660964966,-0.1152457520365715
0.05300096422433853,0.6833747625350952,9.763882644620026e-07,0.1249355673789978,0.6713266372680664,-0.01755429431796074,0.20218557119369507,0.6227284669876099,-0.03432672843337059,0.26393336057662964,0.5997058153152466,-0.054503317922353745,0.3237442374229431,0.6027542352676392,-0.07544024288654327,0.19699443876743317,0.4961583614349365,-0.030347799882292747,0.26378947496414185,0.472324401140213,-0.06629383563995361,0.30876392126083374,0.4504237771034241,-0.08803179860115051,0.34938716888427734,0.43153122067451477,-0.10017503798007965,0.15817193686962128,0.4591059684753418,-0.04262342303991318,0.2355605959892273,0.4327530264854431,-0.08393286913633347,0.2917191982269287,0.4163612127304077,-0.10303085297346115,0.34159737825393677,0.4020155966281891,-0.1097646951675415,0.10896353423595428,0.4486392140388489,-0.05736581236124039,0.17238880693912506,0.48973363637924194,-0.11228391528129578,0.17397373914718628,0.5798085331916809,-0.11906187236309052,0.1724637746810913,0.6455527544021606,-0.10781815648078918,0.05842409282922745,0.46667033433914185,-0.07292654365301132,0.10758107900619507,0.5038453340530396,-0.11571432650089264,0.133521169424057,0.564685583114624,-0.11957056075334549,0.15274573862552643,0.6129134893417358,-0.11133414506912231
0.055410921573638916,0.6843065023422241,1.0025119081547018e-06,0.12448641657829285,0.6740527153015137,-0.017368536442518234,0.20206549763679504,0.6223495602607727,-0.03370535373687744,0.26252275705337524,0.5958104729652405,-0.05357415974140167,0.32206565141677856,0.5998976826667786,-0.07414353638887405,0.19541685283184052,0.4938931465148926,-0.0298500694334507,0.2645752727985382,0.4663825035095215,-0.06498341262340546,0.3098514676094055,0.44075077772140503,-0.08603746443986893,0.3501771092414856,0.4184578061103821,-0.09810250997543335,0.15631580352783203,0.4552549719810486,-0.04218989983201027,0.2358560562133789,0.42724573612213135,-0.08322141319513321,0.2932989001274109,0.40605229139328003,-0.10265666991472244,0.34385621547698975,0.3859521746635437,-0.10983343422412872,0.10643690824508667,0.44471192359924316,-0.05677761882543564,0.17374880611896515,0.48261916637420654,-0.11115988343954086,0.17463603615760803,0.5752015709877014,-0.11706604063510895,0.1714225560426712,0.6414070129394531,-0.10529855638742447,0.0556509867310524,0.46376240253448486,-0.07224663347005844,0.10794929414987564,0.4995110332965851,-0.11530283838510513,0.13570861518383026,0.5609268546104431,-0.11903940141201019,0.1556563824415207,0.6094878315925598,-0.11057844012975693
0.05863256752490997,0.6836533546447754,9.98524001261103e-07,0.13119828701019287,0.6727757453918457,-0.016349798068404198,0.2078978717327118,0.6205195188522339,-0.032710738480091095,0.26746052503585815,0.594250500202179,-0.05259794741868973,0.3254649043083191,0.6027376651763916,-0.07291276007890701,0.2012327015399933,0.4958171248435974,-0.03119349107146263,0.26752617955207825,0.46181559562683105,-0.06638582050800323,0.3118622303009033,0.4338389039039612,-0.08752438426017761,0.35107851028442383,0.4100816249847412,-0.09982439130544662,0.16092048585414886,0.45748966932296753,-0.043321434408426285,0.23636330664157867,0.42765089869499207,-0.08460871130228043,0.2940007448196411,0.4073781371116638,-0.10435496270656586,0.3447227478027344,0.39146918058395386,-0.1116987094283104,0.11047492921352386,0.44587811827659607,-0.05727681517601013,0.1742435246706009,0.49105390906333923,-0.10885847359895706,0.17550954222679138,0.5765364766120911,-0.11411233991384506,0.1717560738325119,0.6372349262237549,-0.10279705375432968,0.060044027864933014,0.4634983539581299,-0.07238530367612839,0.11197078227996826,0.5092360973358154,-0.11234967410564423,0.1394297331571579,0.5732748508453369,-0.11537113785743713,0.15815940499305725,0.6232085227966309,-0.10684171319007874
0.05756870657205582,0.6915087699890137,9.820194009080296e-07,0.1303129941225052,0.6821448802947998,-0.01684430055320263,0.206404447555542,0.6297282576560974,-0.03414914757013321,0.26710933446884155,0.6061813235282898,-0.054900769144296646,0.3257652521133423,0.6160774230957031,-0.07681000977754593,0.19964748620986938,0.5016622543334961,-0.03526544198393822,0.2656491994857788,0.46380507946014404,-0.0719347819685936,0.3102985620498657,0.4338298439979553,-0.09379248321056366,0.34896713495254517,0.4080567955970764,-0.10616473853588104,0.15816152095794678,0.4676594138145447,-0.04826441779732704,0.23612850904464722,0.43584898114204407,-0.08921372890472412,0.2936742305755615,0.41581520438194275,-0.10850311070680618,0.34178251028060913,0.400268018245697,-0.11594510823488235,0.10697883367538452,0.45964404940605164,-0.06316819787025452,0.17149169743061066,0.5021390914916992,-0.1149437427520752,0.17471231520175934,0.5819281935691833,-0.12226805835962296,0.17141613364219666,0.6391468048095703,-0.11312705278396606,0.05588412284851074,0.481435626745224,-0.07897712290287018,0.11067386716604233,0.5209957361221313,-0.11774280667304993,0.13915444910526276,0.5798822641372681,-0.12051531672477722,0.15847612917423248,0.6277608871459961,-0.11278849095106125
0.0587429478764534,0.7017207145690918,1.01532680218952e-06,0.1313936859369278,0.6895538568496704,-0.016746889799833298,0.20786625146865845,0.6377544403076172,-0.03512703627347946,0.269614577293396,0.6139795780181885,-0.05728653445839882,0.32885459065437317,0.6267760992050171,-0.0803457573056221,0.19836831092834473,0.5098736882209778,-0.03580774366855621,0.2651078701019287,0.4700098931789398,-0.0738767683506012,0.3106100559234619,0.4404613673686981,-0.09613527357578278,0.3501226603984833,0.4152476489543915,-0.10832346975803375,0.15683679282665253,0.47572746872901917,-0.04923924803733826,0.23535647988319397,0.44289541244506836,-0.09166576713323593,0.2934143543243408,0.4240431785583496,-0.1107906624674797,0.34178999066352844,0.40956515073776245,-0.117173932492733,0.10597360134124756,0.46720731258392334,-0.06458810716867447,0.17323872447013855,0.5139131546020508,-0.11735130101442337,0.1794537454843521,0.5970063209533691,-0.12356039881706238,0.17823438346385956,0.6562975645065308,-0.11256875097751617,0.05566292256116867,0.48779138922691345,-0.08087074011564255,0.11300793290138245,0.5296895503997803,-0.11850680410861969,0.14037320017814636,0.5916652679443359,-0.11911002546548843,0.15811699628829956,0.6411719918251038,-0.10920620709657669
0.05765587091445923,0.7027134895324707,1.0516623660805635e-06,0.13174763321876526,0.6944816708564758,-0.015557852573692799,0.2110571414232254,0.6444498300552368,-0.03306877240538597,0.2732631266117096,0.620856761932373,-0.053837791085243225,0.33271023631095886,0.6353505253791809,-0.07555261254310608,0.2046370655298233,0.5138434171676636,-0.03637818619608879,0.2726856768131256,0.47233831882476807,-0.07158652693033218,0.3190452456474304,0.442202627658844,-0.09167987108230591,0.3591213822364807,0.41742298007011414,-0.10301519930362701,0.16243158280849457,0.47787240147590637,-0.049503207206726074,0.2411074936389923,0.44330424070358276,-0.08831585943698883,0.3001353144645691,0.42613518238067627,-0.10618532449007034,0.3492221236228943,0.414962500333786,-0.11253570765256882,0.11120100319385529,0.46835216879844666,-0.064060278236866,0.17697277665138245,0.5178848505020142,-0.11192808300256729,0.1826191395521164,0.5910468697547913,-0.11946529150009155,0.18065139651298523,0.6419252157211304,-0.1116427481174469,0.061270587146282196,0.48867669701576233,-0.07956680655479431,0.1183653473854065,0.5404984354972839,-0.11519889533519745,0.1451909989118576,0.6043425798416138,-0.11761478334665298,0.16224060952663422,0.6533566117286682,-0.11008404195308685
0.05413636565208435,0.7031506896018982,1.063645299836935e-06,0.12882764637470245,0.7003515362739563,-0.018102388828992844,0.21054956316947937,0.652378499507904,-0.0369916595518589,0.2748699188232422,0.6288056373596191,-0.059347964823246,0.3340599536895752,0.6478559970855713,-0.0823293924331665,0.20890358090400696,0.5179228186607361,-0.03958423435688019,0.27711203694343567,0.4679500162601471,-0.07767166942358017,0.3229740262031555,0.4313032031059265,-0.09889618307352066,0.3601120114326477,0.3992055654525757,-0.11118210852146149,0.16585969924926758,0.4814433753490448,-0.053596705198287964,0.24414783716201782,0.4399977922439575,-0.09765375405550003,0.3042822480201721,0.4169982373714447,-0.11780215799808502,0.35265058279037476,0.39902645349502563,-0.1249878853559494,0.11295929551124573,0.4721544682979584,-0.06938570737838745,0.18040116131305695,0.5185912251472473,-0.12237774580717087,0.19020754098892212,0.5961347818374634,-0.13015945255756378,0.1917450726032257,0.6500850915908813,-0.12108169496059418,0.06276354193687439,0.4936203360557556,-0.08630278706550598,0.1209777221083641,0.5450399518013,-0.12472698837518692,0.14713262021541595,0.6099139451980591,-0.12724533677101135,0.1630026400089264,0.6593637466430664,-0.1192050650715828
0.05234725773334503,0.7074785828590393,1.052642687682237e-06,0.12863601744174957,0.7015984058380127,-0.0184028260409832,0.2100532352924347,0.6554794311523438,-0.039206262677907944,0.2755272388458252,0.6317345499992371,-0.06348313391208649,0.3377556800842285,0.6527482271194458,-0.08795953541994095,0.2063911259174347,0.5261242985725403,-0.04402390494942665,0.2753939628601074,0.47181645035743713,-0.08473910391330719,0.3214496970176697,0.4323192834854126,-0.10625230520963669,0.3579282760620117,0.39879798889160156,-0.11852618306875229,0.16314782202243805,0.4876261353492737,-0.059201959520578384,0.24560631811618805,0.4420335590839386,-0.1080779880285263,0.30548346042633057,0.4176497459411621,-0.12967373430728912,0.3529450595378876,0.3977386951446533,-0.13711784780025482,0.10985714942216873,0.4769437909126282,-0.07573400437831879,0.18039539456367493,0.5249559879302979,-0.1337706744670868,0.1878841519355774,0.6065678596496582,-0.1396796554327011,0.18776915967464447,0.6611719131469727,-0.1278001070022583,0.058995120227336884,0.4982455372810364,-0.09315924346446991,0.1174594983458519,0.5458162426948547,-0.1349448412656784,0.14539176225662231,0.6102398633956909,-0.13611890375614166,0.1629844754934311,0.6589339375495911,-0.12620627880096436
0.051806963980197906,0.7064887285232544,1.0544716815275024e-06,0.12806029617786407,0.7035580277442932,-0.018271028995513916,0.2103513479232788,0.6580920219421387,-0.038668375462293625,0.2764183580875397,0.6353249549865723,-0.06234985962510109,0.33821234107017517,0.657425045967102,-0.08621419221162796,0.20772284269332886,0.5280432105064392,-0.04364356771111488,0.27695000171661377,0.4705788493156433,-0.08330002427101135,0.323137104511261,0.43067020177841187,-0.10381172597408295,0.35927361249923706,0.3970744013786316,-0.11522601544857025,0.16401998698711395,0.48903656005859375,-0.058346789330244064,0.24642375111579895,0.440485417842865,-0.10554603487253189,0.30617213249206543,0.41636568307876587,-0.12580420076847076,0.35293716192245483,0.39672935009002686,-0.13212694227695465,0.11078939586877823,0.47792142629623413,-0.07434170693159103,0.18046118319034576,0.5259605646133423,-0.13067010045051575,0.18840602040290833,0.6061786413192749,-0.13636724650859833,0.18838925659656525,0.6603250503540039,-0.12451346963644028,0.06000329554080963,0.4986127018928528,-0.09124153852462769,0.11856716871261597,0.549092173576355,-0.13147573173046112,0.14570516347885132,0.6133849620819092,-0.13208211958408356,0.16248847544193268,0.6613866686820984,-0.12188374996185303
0.052146025002002716,0.7065674066543579,1.057412191585172e-06,0.12909823656082153,0.7043989300727844,-0.01832459308207035,0.21176013350486755,0.6604504585266113,-0.038974177092313766,0.2774428129196167,0.6383673548698425,-0.0629849061369896,0.3392297625541687,0.6591658592224121,-0.08679689466953278,0.20891252160072327,0.5301446914672852,-0.04412886127829552,0.27765145897865295,0.4712921380996704,-0.08416783064603806,0.3237970471382141,0.42989060282707214,-0.10517146438360214,0.35966694355010986,0.39465802907943726,-0.11718086898326874,0.16550035774707794,0.49025988578796387,-0.05923190340399742,0.24652913212776184,0.4406258165836334,-0.1075473502278328,0.3068249225616455,0.41572803258895874,-0.1288967728614807,0.3546561598777771,0.39523589611053467,-0.1360301375389099,0.11244579404592514,0.47886860370635986,-0.07548462599515915,0.18044275045394897,0.5288255214691162,-0.13232076168060303,0.18630564212799072,0.6092190146446228,-0.13735155761241913,0.1847161054611206,0.6621414422988892,-0.12501761317253113,0.061712585389614105,0.5001000165939331,-0.09280869364738464,0.11954155564308167,0.5508373379707336,-0.1338588446378708,0.1477668434381485,0.615985631942749,-0.13436880707740784,0.16585275530815125,0.6651477217674255,-0.12392506003379822
0.05443185567855835,0.708579957485199,1.0814784445756231e-06,0.13159385323524475,0.7045571804046631,-0.01795780658721924,0.21342429518699646,0.6615012884140015,-0.03976045176386833,0.27935299277305603,0.6406585574150085,-0.06517261266708374,0.34174224734306335,0.6626033782958984,-0.09049656987190247,0.20960894227027893,0.5294351577758789,-0.046268999576568604,0.27875056862831116,0.47212621569633484,-0.0879783034324646,0.32538455724716187,0.43064987659454346,-0.1100989431142807,0.36167508363723755,0.39548224210739136,-0.12300800532102585,0.1655825972557068,0.49064192175865173,-0.06264933943748474,0.24743571877479553,0.4419715404510498,-0.1141323372721672,0.3088172674179077,0.41549918055534363,-0.1374555379152298,0.357109010219574,0.3943057060241699,-0.14590390026569366,0.11210867017507553,0.48089975118637085,-0.07995785027742386,0.18078306317329407,0.5296676754951477,-0.13941903412342072,0.1891641616821289,0.6103522777557373,-0.14538027346134186,0.1896715760231018,0.6646950244903564,-0.13347896933555603,0.06154868006706238,0.5038124322891235,-0.09814795106649399,0.12047473341226578,0.5531822443008423,-0.14100003242492676,0.14911939203739166,0.6186284422874451,-0.1420091986656189,0.16716983914375305,0.6678934693336487,-0.13187289237976074
0.05597829818725586,0.7084598541259766,1.0990975169988815e-06,0.13329854607582092,0.7056528329849243,-0.0187330711632967,0.21550126373767853,0.6625137329101562,-0.040304020047187805,0.2817399501800537,0.6421021819114685,-0.06549761444330215,0.34319546818733215,0.6652992367744446,-0.09038352221250534,0.2106311023235321,0.5302343964576721,-0.04454122111201286,0.2793542742729187,0.4709828197956085,-0.0857333242893219,0.3260287046432495,0.42945313453674316,-0.1072925254702568,0.3626146912574768,0.39456504583358765,-0.11944113671779633,0.16647423803806305,0.49084562063217163,-0.06000448390841484,0.2475997358560562,0.44159114360809326,-0.11115512251853943,0.30847036838531494,0.4149826765060425,-0.13417591154575348,0.3570138216018677,0.3933819532394409,-0.1419127881526947,0.11292613297700882,0.48009565472602844,-0.07659152895212173,0.1825956404209137,0.5358062982559204,-0.13549497723579407,0.18960969150066376,0.6181833148002625,-0.1411382257938385,0.189420685172081,0.6727531552314758,-0.128434956073761,0.062178753316402435,0.5016630291938782,-0.09424220025539398,0.12067067623138428,0.554293155670166,-0.13547275960445404,0.14924168586730957,0.6190474033355713,-0.1357855349779129,0.16773049533367157,0.666884183883667,-0.12502002716064453
0.05817129462957382,0.7085358500480652,1.1029271718143718e-06,0.13453508913516998,0.7059361338615417,-0.019434580579400063,0.216155007481575,0.6636327505111694,-0.04194173961877823,0.28203561902046204,0.6435752511024475,-0.06797335296869278,0.3437458872795105,0.6663095951080322,-0.09373492747545242,0.21233515441417694,0.530214786529541,-0.04625013843178749,0.28095492720603943,0.4696342349052429,-0.0879431888461113,0.32725751399993896,0.4273739159107208,-0.10991969704627991,0.3634299337863922,0.3918176293373108,-0.12237383425235748,0.1678953319787979,0.4912779629230499,-0.061808861792087555,0.24819546937942505,0.4414437413215637,-0.11364846676588058,0.3088838458061218,0.4137784242630005,-0.1370580941438675,0.3569140136241913,0.391143262386322,-0.14510205388069153,0.11372146755456924,0.4810275733470917,-0.07849233597517014,0.18345707654953003,0.5346671938896179,-0.1381855010986328,0.19067580997943878,0.6177642345428467,-0.1439698040485382,0.1903078407049179,0.6728506088256836,-0.1313408762216568,0.06256460398435593,0.5031616687774658,-0.09621649980545044,0.121489018201828,0.5534240007400513,-0.13814671337604523,0.15023064613342285,0.6182988286018372,-0.1384080946445465,0.16842126846313477,0.6666561961174011,-0.1275838017463684
0.05993019789457321,0.7140485048294067,1.1003510280716e-06,0.1368175894021988,0.7082852125167847,-0.019471032544970512,0.21672707796096802,0.6655347347259521,-0.04231642559170723,0.28202393651008606,0.6459599733352661,-0.06865381449460983,0.34471210837364197,0.6664130091667175,-0.0947989821434021,0.21523259580135345,0.5324921607971191,-0.04761730879545212,0.28356748819351196,0.47315675020217896,-0.09063886851072311,0.32862699031829834,0.4283301830291748,-0.11412932723760605,0.3640857934951782,0.3894912600517273,-0.12824378907680511,0.17125728726387024,0.49318113923072815,-0.06383868306875229,0.2520679533481598,0.44276657700538635,-0.11688245087862015,0.31328412890434265,0.4116533696651459,-0.14170542359352112,0.3621585965156555,0.38594508171081543,-0.15142454206943512,0.11631380766630173,0.4832305312156677,-0.0811554342508316,0.1849888414144516,0.5267800092697144,-0.14211803674697876,0.19414125382900238,0.6081667542457581,-0.1486842930316925,0.19529667496681213,0.6637592315673828,-0.13716362416744232,0.06400365382432938,0.5068833827972412,-0.0995369702577591,0.12314693629741669,0.5546079277992249,-0.14447739720344543,0.15414471924304962,0.6186792254447937,-0.14688457548618317,0.17441774904727936,0.6666608452796936,-0.13761749863624573
0.05781974643468857,0.7128168344497681,1.077022261597449e-06,0.13644182682037354,0.7086948156356812,-0.0190037302672863,0.21818485856056213,0.6667803525924683,-0.04113205149769783,0.2839745283126831,0.6487296223640442,-0.06673789769411087,0.34650081396102905,0.667332649230957,-0.09222128987312317,0.21630863845348358,0.5343829989433289,-0.04721885174512863,0.2853724956512451,0.47305095195770264,-0.08944061398506165,0.330588698387146,0.4282933473587036,-0.11208370327949524,0.36594125628471375,0.38900524377822876,-0.12537458539009094,0.17293119430541992,0.4951893985271454,-0.06324388086795807,0.2545686364173889,0.44368213415145874,-0.11499907076358795,0.31526637077331543,0.41160672903060913,-0.13901564478874207,0.36354222893714905,0.3841400742530823,-0.1480766087770462,0.11907700449228287,0.4848037362098694,-0.08035459369421005,0.18724149465560913,0.5300462245941162,-0.1404179036617279,0.19667106866836548,0.6091561913490295,-0.1478799432516098,0.19854912161827087,0.6624502539634705,-0.13705584406852722,0.06774407625198364,0.5074930787086487,-0.09847064316272736,0.12633195519447327,0.5561561584472656,-0.14248540997505188,0.15613721311092377,0.6210205554962158,-0.14484375715255737,0.1761012077331543,0.670253336429596,-0.13560959696769714
0.06175307184457779,0.7163088917732239,1.0890591966017382e-06,0.13932272791862488,0.7105920910835266,-0.01676752232015133,0.22200769186019897,0.6658647060394287,-0.03759608790278435,0.28748852014541626,0.6477554440498352,-0.062188342213630676,0.34861212968826294,0.6700004935264587,-0.08685819804668427,0.2177402675151825,0.5311764478683472,-0.044298700988292694,0.2865847945213318,0.4725823402404785,-0.08449770510196686,0.33280855417251587,0.4289422035217285,-0.10634982585906982,0.3684545159339905,0.3908003568649292,-0.1193389967083931,0.17380526661872864,0.4932509660720825,-0.06103240326046944,0.25717830657958984,0.4435886740684509,-0.1101120188832283,0.3181720972061157,0.41374099254608154,-0.13305553793907166,0.3662886917591095,0.3880611062049866,-0.14182990789413452,0.11992571502923965,0.48371273279190063,-0.07862314581871033,0.1906232088804245,0.5318397283554077,-0.13549154996871948,0.19560153782367706,0.608535885810852,-0.14164939522743225,0.19258037209510803,0.6583757996559143,-0.13083221018314362,0.06828884035348892,0.5069698095321655,-0.09721457958221436,0.1279720962047577,0.5569261312484741,-0.13877373933792114,0.15762747824192047,0.6205594539642334,-0.1403404325246811,0.17695972323417664,0.6683990359306335,-0.13115304708480835
0.06106051802635193,0.7180365324020386,1.0680780633265385e-06,0.1396799087524414,0.7112536430358887,-0.016926800832152367,0.2217768132686615,0.6665671467781067,-0.03748292848467827,0.2872808575630188,0.6490147113800049,-0.06178976967930794,0.34894290566444397,0.6696271896362305,-0.0860600546002388,0.21859519183635712,0.5334746837615967,-0.04303022846579552,0.2878783047199249,0.4740782380104065,-0.08229830116033554,0.33297139406204224,0.43022599816322327,-0.10318303108215332,0.36814790964126587,0.3916510343551636,-0.11535525321960449,0.17512300610542297,0.4957676827907562,-0.0590306781232357,0.2572770118713379,0.44583261013031006,-0.107530377805233,0.3174355626106262,0.4153592586517334,-0.13031546771526337,0.3651837110519409,0.38924640417099,-0.13876020908355713,0.12207531929016113,0.48513269424438477,-0.07589853554964066,0.1923278570175171,0.5329685211181641,-0.13270971179008484,0.2002916932106018,0.6108855605125427,-0.13983188569545746,0.20039322972297668,0.6621840596199036,-0.12936434149742126,0.07122015953063965,0.5064313411712646,-0.09366896003484726,0.1314312219619751,0.5579560995101929,-0.134444460272789,0.1601535975933075,0.6222375631332397,-0.13586796820163727,0.17863161861896515,0.6699846386909485,-0.12650667130947113
0.06442169845104218,0.7212510108947754,1.109450977310189e-06,0.14064736664295197,0.7124075889587402,-0.01699584722518921,0.22216695547103882,0.6673480868339539,-0.038451485335826874,0.28763747215270996,0.6480212807655334,-0.0638868436217308,0.3488771319389343,0.6697304248809814,-0.08894473314285278,0.21896347403526306,0.5309551358222961,-0.04246276244521141,0.2880268096923828,0.4720596671104431,-0.08239468187093735,0.3340381979942322,0.428611159324646,-0.10400650650262833,0.36957481503486633,0.3907204866409302,-0.11668137460947037,0.1746734082698822,0.49331846833229065,-0.05904224514961243,0.258256196975708,0.44386026263237,-0.10843996703624725,0.31872251629829407,0.4134768843650818,-0.13138633966445923,0.3662799894809723,0.3880839943885803,-0.13969281315803528,0.12103861570358276,0.48410874605178833,-0.07656577229499817,0.19318263232707977,0.5368137359619141,-0.13330025970935822,0.19765660166740417,0.6166818737983704,-0.13768918812274933,0.19404082000255585,0.6686549782752991,-0.12492857128381729,0.07032015919685364,0.5076111555099487,-0.09520885348320007,0.13278740644454956,0.558043360710144,-0.1357242912054062,0.16202303767204285,0.6238138675689697,-0.1352028250694275,0.17995059490203857,0.6726719737052917,-0.12397681921720505
0.06070543825626373,0.7202442288398743,1.0817277598107466e-06,0.14057070016860962,0.7118796110153198,-0.01525954157114029,0.22227182984352112,0.6670042276382446,-0.03530995175242424,0.2881091833114624,0.6484909057617188,-0.059752389788627625,0.3497125208377838,0.6703184843063354,-0.0837075486779213,0.21964837610721588,0.5357056260108948,-0.03967536240816116,0.28816813230514526,0.4739779233932495,-0.07804600149393082,0.3321136236190796,0.4293234348297119,-0.09801897406578064,0.36624056100845337,0.39062464237213135,-0.10973405092954636,0.17608533799648285,0.49705809354782104,-0.05636285990476608,0.25921502709388733,0.4444166421890259,-0.10579144209623337,0.3195077180862427,0.41317951679229736,-0.12916375696659088,0.36710378527641296,0.38835954666137695,-0.13762299716472626,0.12229182571172714,0.48658764362335205,-0.07365045696496964,0.19252440333366394,0.5331753492355347,-0.1304110884666443,0.19842784106731415,0.6154859066009521,-0.13470344245433807,0.19654065370559692,0.6709126830101013,-0.12153945118188858,0.07158738374710083,0.5084702372550964,-0.09185270965099335,0.13196423649787903,0.5568364858627319,-0.13225579261779785,0.16218990087509155,0.6207457184791565,-0.13188199698925018,0.18114963173866272,0.6676062345504761,-0.12066055089235306
0.06141006946563721,0.720494270324707,1.1044501206924906e-06,0.13952825963497162,0.7125342488288879,-0.01715979352593422,0.22110086679458618,0.6687272191047668,-0.039315782487392426,0.28659379482269287,0.6495919823646545,-0.06569909304380417,0.34833258390426636,0.6709256768226624,-0.09156490117311478,0.21955186128616333,0.5313826203346252,-0.04290632903575897,0.28851890563964844,0.471584677696228,-0.08387748152017593,0.33434808254241943,0.42768120765686035,-0.10625731945037842,0.3699558973312378,0.38980066776275635,-0.1195453405380249,0.17558693885803223,0.49376988410949707,-0.059986378997564316,0.2591184377670288,0.4437158405780792,-0.11142066866159439,0.31990236043930054,0.41363051533699036,-0.1358088105916977,0.36763104796409607,0.38980960845947266,-0.14504234492778778,0.12203777581453323,0.4845358431339264,-0.07796385884284973,0.19343198835849762,0.5347267985343933,-0.13619351387023926,0.19723381102085114,0.6155304908752441,-0.14055705070495605,0.19318686425685883,0.6688783168792725,-0.1275910586118698,0.07131893932819366,0.5075427293777466,-0.09711705148220062,0.13340440392494202,0.5569356679916382,-0.13869431614875793,0.16295677423477173,0.6215193271636963,-0.13851533830165863,0.18143850564956665,0.669114351272583,-0.12745468318462372
0.06323998421430588,0.7219555377960205,1.0974537190122646e-06,0.1409430354833603,0.7127153277397156,-0.017342010512948036,0.22203968465328217,0.6678836345672607,-0.039341527968645096,0.2874670922756195,0.6488075852394104,-0.06534233689308167,0.3489345908164978,0.6689509749412537,-0.09101549535989761,0.21949346363544464,0.5310167074203491,-0.04447032883763313,0.28930559754371643,0.4715152680873871,-0.08508230000734329,0.33492082357406616,0.4276213049888611,-0.107201486825943,0.3706440329551697,0.38932424783706665,-0.12021681666374207,0.1750357300043106,0.49340564012527466,-0.06087837368249893,0.2583034634590149,0.4456188678741455,-0.11181775480508804,0.3184507489204407,0.4149526357650757,-0.13600651919841766,0.36597803235054016,0.3900555670261383,-0.1452045440673828,0.1215178370475769,0.48386627435684204,-0.07800809293985367,0.19245271384716034,0.5347280502319336,-0.13578101992607117,0.19797419011592865,0.6151308417320251,-0.1409132331609726,0.1959254890680313,0.668786346912384,-0.12864115834236145,0.07125227153301239,0.5065310597419739,-0.09622934460639954,0.13333114981651306,0.5556047558784485,-0.13732939958572388,0.16273629665374756,0.6202130913734436,-0.13732744753360748,0.18142616748809814,0.6682655811309814,-0.12649783492088318
0.06282481551170349,0.7227770090103149,1.0800064274008037e-06,0.1402560919523239,0.7138235569000244,-0.015939578413963318,0.22207053005695343,0.6671431064605713,-0.03649400174617767,0.28786182403564453,0.6464830636978149,-0.06112069636583328,0.34877514839172363,0.6680231094360352,-0.0856374055147171,0.21956980228424072,0.5331662893295288,-0.04187542572617531,0.288876473903656,0.47265511751174927,-0.08024537563323975,0.33357149362564087,0.4283413589000702,-0.10087477415800095,0.3682160973548889,0.3898330330848694,-0.11310030519962311,0.17566995322704315,0.4953122138977051,-0.05799580737948418,0.25949031114578247,0.44677919149398804,-0.10608498007059097,0.31938302516937256,0.41476213932037354,-0.12902018427848816,0.36642423272132874,0.3884643316268921,-0.13770857453346252,0.12223886698484421,0.48517537117004395,-0.07470883429050446,0.1930462121963501,0.5316402316093445,-0.1299315243959427,0.1980820745229721,0.6101831197738647,-0.13499341905117035,0.19544056057929993,0.6633859872817993,-0.1232900321483612,0.07202968001365662,0.5074903964996338,-0.09240064024925232,0.1334725320339203,0.5551632642745972,-0.13225659728050232,0.16376687586307526,0.6178665161132812,-0.1326696127653122,0.18335549533367157,0.6653048396110535,-0.12246599793434143
0.0649273544549942,0.7203075885772705,1.0716318001868785e-06,0.14033077657222748,0.713260293006897,-0.017339536920189857,0.22198964655399323,0.6678086519241333,-0.03872407600283623,0.2870015501976013,0.6455274820327759,-0.06394537538290024,0.3472467362880707,0.666161835193634,-0.08917281776666641,0.22097823023796082,0.5303564667701721,-0.043903764337301254,0.28984010219573975,0.47056737542152405,-0.08318649977445602,0.33483535051345825,0.42718178033828735,-0.10485336929559708,0.3696194291114807,0.38930270075798035,-0.11763714998960495,0.1773257702589035,0.49298280477523804,-0.05948422849178314,0.2614484131336212,0.4477076530456543,-0.10708139091730118,0.3207540512084961,0.41668012738227844,-0.12995566427707672,0.3672250509262085,0.39047971367836,-0.13890530169010162,0.12434868514537811,0.4830440282821655,-0.0758964791893959,0.19538439810276031,0.5317046642303467,-0.13061341643333435,0.20036306977272034,0.6085205674171448,-0.1364586353302002,0.19780509173870087,0.6601682305335999,-0.12572549283504486,0.07457875460386276,0.5054691433906555,-0.09345486015081406,0.13610896468162537,0.553482174873352,-0.13299749791622162,0.16628685593605042,0.6145221590995789,-0.13418160378932953,0.18628288805484772,0.6616150736808777,-0.1248207613825798
0.06535834819078445,0.7241431474685669,1.0603637292661006e-06,0.1405038684606552,0.7148702144622803,-0.016400085762143135,0.22217383980751038,0.6671319007873535,-0.0366741418838501,0.2869679927825928,0.6411244869232178,-0.06135065108537674,0.346559077501297,0.6628608703613281,-0.08553552627563477,0.22016778588294983,0.5328136682510376,-0.03933403268456459,0.28873348236083984,0.473649263381958,-0.07781559228897095,0.33365821838378906,0.4305398464202881,-0.09915529191493988,0.36802831292152405,0.39303284883499146,-0.11186811327934265,0.17688365280628204,0.4952371418476105,-0.055238451808691025,0.26032358407974243,0.4493022859096527,-0.10357552021741867,0.31944698095321655,0.4187222123146057,-0.1270150989294052,0.3662385940551758,0.3936392068862915,-0.13595566153526306,0.12417937070131302,0.4846544861793518,-0.07200882583856583,0.19609655439853668,0.5356088280677795,-0.1264203041791916,0.19713404774665833,0.6176638603210449,-0.12893620133399963,0.1912565529346466,0.672123908996582,-0.11512254178524017,0.0743870660662651,0.5058287978172302,-0.09022554755210876,0.13456426560878754,0.5513656735420227,-0.12890762090682983,0.16575384140014648,0.611291229724884,-0.12821580469608307,0.1865035593509674,0.6572598218917847,-0.11703485250473022
0.06575773656368256,0.7297356724739075,9.937330105458386e-07,0.1413602977991104,0.7157236933708191,-0.014854472130537033,0.220656156539917,0.6614774465560913,-0.03399784490466118,0.2821497321128845,0.6338726282119751,-0.057079046964645386,0.3433585464954376,0.6475493907928467,-0.08071273565292358,0.21556788682937622,0.5221813321113586,-0.03717772290110588,0.2863623797893524,0.47621676325798035,-0.07468915730714798,0.3349531292915344,0.44437605142593384,-0.09719476848840714,0.37489622831344604,0.4166538119316101,-0.1102314293384552,0.17083577811717987,0.48910629749298096,-0.05169310048222542,0.2525350749492645,0.4623510539531708,-0.09365226328372955,0.30906882882118225,0.44407013058662415,-0.11358322948217392,0.3552510738372803,0.42561906576156616,-0.12163297832012177,0.12010400742292404,0.48263484239578247,-0.06751490384340286,0.18942125141620636,0.537561297416687,-0.11782875657081604,0.18990537524223328,0.6145744323730469,-0.12259145081043243,0.1835877150297165,0.6660564541816711,-0.11228830367326736,0.07156965881586075,0.5065256357192993,-0.08439186960458755,0.13239571452140808,0.5481709837913513,-0.12056051939725876,0.16202682256698608,0.60545814037323,-0.12064120173454285,0.18204164505004883,0.6516540050506592,-0.11113984137773514
0.06244191527366638,0.74797123670578,4.6926439267735987e-07,0.14189413189888,0.7116755247116089,-0.0072426567785441875,0.21411973237991333,0.6521189212799072,-0.018497388809919357,0.27234601974487305,0.622065007686615,-0.035434234887361526,0.32807424664497375,0.6214638352394104,-0.05228350684046745,0.18674419820308685,0.5124819278717041,-0.0087896091863513,0.237878680229187,0.4848090410232544,-0.03813274949789047,0.27352622151374817,0.4838598370552063,-0.059522658586502075,0.30426186323165894,0.4947940409183502,-0.07214757055044174,0.14576147496700287,0.48667407035827637,-0.022204499691724777,0.20726731419563293,0.4796137511730194,-0.052586257457733154,0.24316951632499695,0.49189284443855286,-0.0671897605061531,0.2732775807380676,0.5095323920249939,-0.07383649051189423,0.10403233766555786,0.48493531346321106,-0.03855699673295021,0.17286771535873413,0.5331799387931824,-0.07692413032054901,0.18222308158874512,0.6024887561798096,-0.08053868263959885,0.18482671678066254,0.6585513353347778,-0.07336535304784775,0.06522416323423386,0.5073636174201965,-0.05637561157345772,0.12418864667415619,0.539552628993988,-0.08453506976366043,0.15099678933620453,0.5903963446617126,-0.08581215143203735,0.1704028993844986,0.6360496282577515,-0.0793546810746193
0.06186971813440323,0.7488206624984741,5.658689019583107e-07,0.14328807592391968,0.7146232724189758,-0.0014667623909190297,0.2165970504283905,0.6463044285774231,-0.009729575365781784,0.27170130610466003,0.604362964630127,-0.024147914722561836,0.3279419541358948,0.5877832770347595,-0.03915787488222122,0.1894894391298294,0.505052387714386,0.001608839025720954,0.25899654626846313,0.5196129679679871,-0.025889942422509193,0.3055673837661743,0.5479835271835327,-0.04881706088781357,0.3461730480194092,0.5757992267608643,-0.06434833258390427,0.1503884345293045,0.47644340991973877,-0.014350288547575474,0.24160169064998627,0.4995778799057007,-0.04242821782827377,0.28584179282188416,0.5459420084953308,-0.05717233195900917,0.31797927618026733,0.5791187286376953,-0.06447435915470123,0.10861802846193314,0.47677722573280334,-0.03270755335688591,0.1937958002090454,0.5338266491889954,-0.06988263875246048,0.186222106218338,0.6117170453071594,-0.0701737180352211,0.1722715198993683,0.6572959423065186,-0.06144919618964195,0.06877502799034119,0.5017947554588318,-0.05179227888584137,0.13605402410030365,0.5383892059326172,-0.0835476741194725,0.16182558238506317,0.5963457822799683,-0.08240681886672974,0.17665112018585205,0.63736891746521,-0.07351860404014587
0.06395243853330612,0.7418195009231567,6.416073574655456e-07,0.14281390607357025,0.7093122601509094,-0.0004792111285496503,0.21639448404312134,0.6411132216453552,-0.007656961213797331,0.2670372426509857,0.5976665616035461,-0.021174676716327667,0.3188038766384125,0.5765465497970581,-0.0346888042986393,0.18966759741306305,0.4998711347579956,0.001910706516355276,0.25726574659347534,0.5078009366989136,-0.02557135745882988,0.302051305770874,0.5393130779266357,-0.0478307269513607,0.34004461765289307,0.5722616314888,-0.061934322118759155,0.1517561823129654,0.46973615884780884,-0.014021366834640503,0.24106241762638092,0.49699336290359497,-0.044090498238801956,0.28860825300216675,0.5430383682250977,-0.060685642063617706,0.32364195585250854,0.5815762877464294,-0.06760095059871674,0.11035065352916718,0.46876975893974304,-0.031926173716783524,0.1923251748085022,0.535663366317749,-0.0682569071650505,0.17721492052078247,0.612984836101532,-0.06902286410331726,0.1573547124862671,0.6584925055503845,-0.060064151883125305,0.06982561200857162,0.49302464723587036,-0.05063531547784805,0.13644902408123016,0.5393338203430176,-0.08104255795478821,0.16078215837478638,0.5997925400733948,-0.07959461957216263,0.17543655633926392,0.6437758803367615,-0.06976867467164993
0.06395992636680603,0.7394900918006897,6.64049821352819e-07,0.14284610748291016,0.7065520286560059,-0.00011028884910047054,0.21721938252449036,0.6369280815124512,-0.006933711003512144,0.2677801847457886,0.5936915278434753,-0.019820403307676315,0.31988900899887085,0.5745496153831482,-0.03290572017431259,0.18648555874824524,0.4944918751716614,0.0027645376976579428,0.25501951575279236,0.5078332424163818,-0.024146851152181625,0.30053651332855225,0.539281964302063,-0.04671517759561539,0.3402829170227051,0.5726308822631836,-0.061572425067424774,0.14823806285858154,0.46490544080734253,-0.013521450571715832,0.2388230860233307,0.49434831738471985,-0.0448412150144577,0.28755784034729004,0.5441734790802002,-0.06263529509305954,0.32328730821609497,0.5865522623062134,-0.07008489221334457,0.10773301124572754,0.4649180471897125,-0.03154871612787247,0.1908625066280365,0.5309447050094604,-0.06777995824813843,0.17677591741085052,0.6060188412666321,-0.06947588920593262,0.15693920850753784,0.6490470767021179,-0.06159033626317978,0.06830650568008423,0.49040183424949646,-0.05032176151871681,0.13611868023872375,0.5387894511222839,-0.08052268624305725,0.15930776298046112,0.5997698307037354,-0.07950685173273087,0.17289672791957855,0.6425027847290039,-0.07037851959466934
0.0661478266119957,0.7376812696456909,6.463920385613164e-07,0.14391793310642242,0.7067303657531738,0.00028089337865822017,0.21940749883651733,0.6327230334281921,-0.004779955837875605,0.27153557538986206,0.5886389017105103,-0.015888461843132973,0.32633069157600403,0.5700509548187256,-0.02750580571591854,0.1875355988740921,0.4968745708465576,0.0069513157941401005,0.24801753461360931,0.5121961832046509,-0.01717577688395977,0.2940119504928589,0.5329129695892334,-0.038238223642110825,0.33442923426628113,0.557086169719696,-0.05219433456659317,0.1493900567293167,0.46750232577323914,-0.008644003421068192,0.23053234815597534,0.48809587955474854,-0.03763290122151375,0.2796176075935364,0.5229374170303345,-0.05492319166660309,0.31659960746765137,0.5561400055885315,-0.061889149248600006,0.10826301574707031,0.4656623601913452,-0.026234488934278488,0.18615184724330902,0.5260635018348694,-0.06275133043527603,0.17547249794006348,0.602260947227478,-0.06538861244916916,0.15843096375465393,0.6511079668998718,-0.0570903904736042,0.06819012761116028,0.48973405361175537,-0.04439391568303108,0.13383865356445312,0.5336811542510986,-0.07533696293830872,0.1593133807182312,0.5934257507324219,-0.07548633217811584,0.1742059290409088,0.6379220485687256,-0.06674528867006302
0.06853792816400528,0.7361522912979126,5.92458491155412e-07,0.1398317664861679,0.708732545375824,-0.0022464634384959936,0.21133847534656525,0.6366382837295532,-0.007163297384977341,0.2604324519634247,0.593408465385437,-0.01763218641281128,0.3136933445930481,0.5877692103385925,-0.028447341173887253,0.18113748729228973,0.5012904405593872,0.008535115048289299,0.23032569885253906,0.49946799874305725,-0.013184567913413048,0.2692982852458954,0.5022446513175964,-0.030668171122670174,0.3042849004268646,0.5106050968170166,-0.041032373905181885,0.14526677131652832,0.4746271073818207,-0.004061003215610981,0.21357983350753784,0.47736358642578125,-0.027186041697859764,0.2558204233646393,0.4863176941871643,-0.03902487829327583,0.2910269498825073,0.4954557418823242,-0.042716462165117264,0.1064189150929451,0.4700426757335663,-0.019559968262910843,0.1781674474477768,0.5193808078765869,-0.05569521710276604,0.17981836199760437,0.5986416935920715,-0.05844249948859215,0.17558462917804718,0.6563767194747925,-0.04857226461172104,0.07006660103797913,0.48964351415634155,-0.035692647099494934,0.1307331621646881,0.5225264430046082,-0.06435389816761017,0.15609116852283478,0.5791081786155701,-0.06451421976089478,0.17142212390899658,0.6254528164863586,-0.055455531924963
0.07117746770381927,0.7257335782051086,9.454362839278474e-07,0.14104978740215302,0.712441086769104,-0.0105630187317729,0.2142758071422577,0.644634485244751,-0.022023683413863182,0.26880520582199097,0.602234959602356,-0.03833132982254028,0.3250869810581207,0.6009883284568787,-0.055742088705301285,0.20233112573623657,0.5115728974342346,-0.010686810128390789,0.26239871978759766,0.4834541976451874,-0.038471631705760956,0.30585357546806335,0.4575303792953491,-0.05658378452062607,0.3433876037597656,0.437897264957428,-0.06661491096019745,0.1627042293548584,0.48314568400382996,-0.02130945958197117,0.23798790574073792,0.46792781352996826,-0.054325975477695465,0.2886643707752228,0.45215070247650146,-0.0705728530883789,0.33189642429351807,0.43786370754241943,-0.07538255304098129,0.11715592443943024,0.47449594736099243,-0.03444492444396019,0.18616658449172974,0.5184025764465332,-0.07823583483695984,0.1866045892238617,0.5980724096298218,-0.08465491235256195,0.1830023229122162,0.6551309823989868,-0.07509330660104752,0.07345863431692123,0.49094679951667786,-0.04847303032875061,0.13468897342681885,0.5254654884338379,-0.08308011293411255,0.16412027180194855,0.5823104381561279,-0.08711154758930206,0.1841508150100708,0.6279209852218628,-0.07956959307193756
0.08092408627271652,0.7192831039428711,1.1076632517870166e-06,0.1439884454011917,0.7132148742675781,-0.023425549268722534,0.21726270020008087,0.6525624394416809,-0.04105311259627342,0.27791672945022583,0.6199787855148315,-0.06136006861925125,0.33648020029067993,0.6307188868522644,-0.08257618546485901,0.21703703701496124,0.5123361349105835,-0.032436221837997437,0.26566073298454285,0.4399588704109192,-0.06640788167715073,0.2977564334869385,0.3814951181411743,-0.08645585179328918,0.324160635471344,0.32968229055404663,-0.09768320620059967,0.17439685761928558,0.4826543629169464,-0.042949192225933075,0.24089877307415009,0.4134984016418457,-0.08298725634813309,0.29132401943206787,0.35783863067626953,-0.10414767265319824,0.3345537781715393,0.31187084317207336,-0.1119774580001831,0.12328037619590759,0.4761950373649597,-0.05626170337200165,0.18035747110843658,0.48488280177116394,-0.1097744032740593,0.20152053236961365,0.5451149940490723,-0.1253259927034378,0.21530066430568695,0.5946294069290161,-0.12090297043323517,0.07259863615036011,0.4968496561050415,-0.07082253694534302,0.1316460222005844,0.5155869126319885,-0.11100700497627258,0.16570211946964264,0.5722917318344116,-0.11691460758447647,0.1903683990240097,0.6221143007278442,-0.11103294789791107
0.07340396195650101,0.7181553244590759,1.0116968951479066e-06,0.13898363709449768,0.7042705416679382,-0.020930282771587372,0.2149513065814972,0.6521097421646118,-0.04019254073500633,0.2775897681713104,0.6243492364883423,-0.06263105571269989,0.3389003872871399,0.6393299102783203,-0.08491580188274384,0.21652939915657043,0.5090662240982056,-0.033719807863235474,0.2699865698814392,0.43627721071243286,-0.06661650538444519,0.30206137895584106,0.38086894154548645,-0.08450650423765182,0.32558226585388184,0.33063340187072754,-0.0947670191526413,0.17500904202461243,0.4756307899951935,-0.04642998427152634,0.2521381378173828,0.4048246145248413,-0.08610302954912186,0.300698459148407,0.3535694479942322,-0.1051216572523117,0.3376944661140442,0.3081165552139282,-0.11127328127622604,0.12433433532714844,0.46785154938697815,-0.06135915219783783,0.18982410430908203,0.4894346594810486,-0.11353392153978348,0.19961905479431152,0.557013750076294,-0.12530970573425293,0.2015683948993683,0.6059055924415588,-0.11837655305862427,0.07345946133136749,0.48861628770828247,-0.07757526636123657,0.13357315957546234,0.5218413472175598,-0.11603572219610214,0.16723044216632843,0.575080931186676,-0.12106982618570328,0.1925976425409317,0.6176968812942505,-0.11487387120723724
0.06977837532758713,0.7229151129722595,9.305931030212378e-07,0.13903552293777466,0.7049787640571594,-0.01993831805884838,0.2162306308746338,0.6509531736373901,-0.039593905210494995,0.27947354316711426,0.6221483945846558,-0.06270448118448257,0.3406558632850647,0.6370946168899536,-0.08553774654865265,0.21327532827854156,0.5079888701438904,-0.03568118065595627,0.26730766892433167,0.4305129051208496,-0.0689430758357048,0.2995609641075134,0.3743947446346283,-0.08739511668682098,0.32430538535118103,0.3244599997997284,-0.09833279997110367,0.17039534449577332,0.4770074784755707,-0.04955345392227173,0.24613326787948608,0.406881183385849,-0.09021417051553726,0.2947205901145935,0.3565542697906494,-0.11023357510566711,0.3325563669204712,0.31238889694213867,-0.11785485595464706,0.11937320232391357,0.47113823890686035,-0.06530847400426865,0.18910862505435944,0.49641767144203186,-0.11657920479774475,0.19985517859458923,0.5631735920906067,-0.12644189596176147,0.20158761739730835,0.6089224815368652,-0.11917877197265625,0.0698452964425087,0.4925067126750946,-0.08247491717338562,0.132424458861351,0.520159125328064,-0.11927009373903275,0.1654699146747589,0.5727553367614746,-0.12222946435213089,0.18944312632083893,0.6152570247650146,-0.11524942517280579
0.0695929154753685,0.7215502262115479,9.824801736613153e-07,0.13812914490699768,0.704774022102356,-0.0204444769769907,0.215611070394516,0.6507101655006409,-0.04037511721253395,0.2798994779586792,0.6207133531570435,-0.06387405097484589,0.3423408269882202,0.6374019384384155,-0.0869341716170311,0.21469351649284363,0.5069513916969299,-0.034071970731019974,0.2691861391067505,0.42955127358436584,-0.06742125749588013,0.30244889855384827,0.3729364573955536,-0.08578237891197205,0.32727980613708496,0.3230701684951782,-0.09669480472803116,0.17287659645080566,0.4756680428981781,-0.04751807823777199,0.25003698468208313,0.40465205907821655,-0.08912137895822525,0.29902544617652893,0.3524157404899597,-0.10985004901885986,0.3365355432033539,0.30713772773742676,-0.11755699664354324,0.12208062410354614,0.4687904417514801,-0.06295930594205856,0.18857622146606445,0.49097132682800293,-0.11484052985906601,0.19773906469345093,0.5541946291923523,-0.12520310282707214,0.19899246096611023,0.5976414680480957,-0.11792831122875214,0.07172031700611115,0.4893639087677002,-0.07983163744211197,0.1325177699327469,0.5177527070045471,-0.11760717630386353,0.16482165455818176,0.5714017748832703,-0.12123424559831619,0.18836966156959534,0.6137827038764954,-0.11429832875728607
0.07060125470161438,0.7264807820320129,9.388707553625864e-07,0.1393546462059021,0.7064933776855469,-0.019975028932094574,0.21562767028808594,0.6520128846168518,-0.03995702415704727,0.2789939343929291,0.6219685077667236,-0.06333436816930771,0.34058576822280884,0.6371530294418335,-0.08653078973293304,0.21295133233070374,0.5079922080039978,-0.03557399660348892,0.26742467284202576,0.430294394493103,-0.06904217600822449,0.3001965284347534,0.37417811155319214,-0.08797623217105865,0.3255442976951599,0.3246615529060364,-0.09938722103834152,0.17009559273719788,0.47885599732398987,-0.049168989062309265,0.24619850516319275,0.40934935212135315,-0.08950631320476532,0.2954578101634979,0.3587454557418823,-0.109519362449646,0.33387303352355957,0.3144308924674988,-0.11763468384742737,0.1194138303399086,0.4732988476753235,-0.06469402462244034,0.18728330731391907,0.4915023744106293,-0.11442871391773224,0.20142300426959991,0.5493708252906799,-0.12483636289834976,0.2065802812576294,0.5900099277496338,-0.11917358636856079,0.06979989260435104,0.49449411034584045,-0.0816766768693924,0.13211771845817566,0.5205209255218506,-0.11767339706420898,0.16455310583114624,0.5720744132995605,-0.12098779529333115,0.18782693147659302,0.6136855483055115,-0.11484121531248093
0.07086943835020065,0.7235733270645142,9.972147836379008e-07,0.14003296196460724,0.7037419676780701,-0.020676380023360252,0.21523627638816833,0.6512764692306519,-0.04227400943636894,0.2780931293964386,0.6233370900154114,-0.06754788756370544,0.3414779305458069,0.6378157138824463,-0.09261592477560043,0.21477201581001282,0.5047230124473572,-0.03676808252930641,0.2729892134666443,0.4294731318950653,-0.07163125276565552,0.3074285387992859,0.37335047125816345,-0.09151773154735565,0.3334841728210449,0.3223549425601959,-0.10345246642827988,0.1722545325756073,0.47556379437446594,-0.05089564621448517,0.24992898106575012,0.4109347462654114,-0.0934772938489914,0.29950565099716187,0.357755184173584,-0.11512584239244461,0.3374839425086975,0.3096422553062439,-0.124099500477314,0.12156270444393158,0.4713827669620514,-0.06710034608840942,0.18528158962726593,0.49417173862457275,-0.1204351857304573,0.1961921602487564,0.5559226870536804,-0.13288922607898712,0.1995535045862198,0.5994962453842163,-0.1272655725479126,0.07124344259500504,0.49497830867767334,-0.08456122875213623,0.1314111351966858,0.515738308429718,-0.12337417155504227,0.16575682163238525,0.5669415593147278,-0.12792231142520905,0.19175046682357788,0.6101639866828918,-0.12191881239414215
0.07200963795185089,0.7227216958999634,9.928239705914166e-07,0.14066989719867706,0.704113781452179,-0.020302437245845795,0.2160610556602478,0.6509770154953003,-0.04113062098622322,0.2791553735733032,0.6222591400146484,-0.06531883776187897,0.34221524000167847,0.6377455592155457,-0.08936916291713715,0.21479015052318573,0.5065656304359436,-0.036473117768764496,0.2717435657978058,0.43108224868774414,-0.07043862342834473,0.30635663866996765,0.37532463669776917,-0.08957729488611221,0.33234652876853943,0.32538196444511414,-0.10100581496953964,0.1728409379720688,0.47680461406707764,-0.05008320137858391,0.25125089287757874,0.41027143597602844,-0.09093525260686874,0.3008149266242981,0.3575432598590851,-0.11157289147377014,0.338884174823761,0.31052830815315247,-0.12003295868635178,0.122531957924366,0.4713088572025299,-0.06564418971538544,0.18679626286029816,0.4920295476913452,-0.11659514904022217,0.1985166370868683,0.5471984148025513,-0.12911643087863922,0.20274809002876282,0.5860102772712708,-0.1245703473687172,0.07251080125570297,0.4934619665145874,-0.08249956369400024,0.13264285027980804,0.5178736448287964,-0.12010494619607925,0.1664353609085083,0.5696206092834473,-0.12489122897386551,0.19214491546154022,0.613182544708252,-0.11950773745775223
0.07294001430273056,0.7234855890274048,9.65331537372549e-07,0.14166679978370667,0.7056595087051392,-0.020722590386867523,0.21657757461071014,0.6519133448600769,-0.0412883423268795,0.27961623668670654,0.6232005953788757,-0.06471021473407745,0.34205734729766846,0.6377483606338501,-0.08810742199420929,0.2176744043827057,0.5111103653907776,-0.037373244762420654,0.27274081110954285,0.43501535058021545,-0.07097853720188141,0.3062073588371277,0.3789657950401306,-0.0898466631770134,0.3317767381668091,0.3292567729949951,-0.10126516222953796,0.17496547102928162,0.4812420904636383,-0.05028552934527397,0.2516426742076874,0.41255390644073486,-0.08994577080011368,0.30059292912483215,0.3613535165786743,-0.10960732400417328,0.33862221240997314,0.3157828450202942,-0.11764156818389893,0.12422843277454376,0.47428497672080994,-0.06512390077114105,0.18850532174110413,0.4887501001358032,-0.11345317214727402,0.20379509031772614,0.5340885519981384,-0.1257268339395523,0.21129591763019562,0.564988374710083,-0.12252677232027054,0.0742105022072792,0.49446865916252136,-0.08142354339361191,0.1342097818851471,0.5221239924430847,-0.1173103004693985,0.16630671918392181,0.5736979842185974,-0.12186328321695328,0.1902427226305008,0.6157360076904297,-0.11711641401052475
0.07382402569055557,0.7236261963844299,9.786135706235655e-07,0.141975536942482,0.7058630585670471,-0.01959260366857052,0.21766003966331482,0.652214527130127,-0.03948414698243141,0.28075066208839417,0.6242567300796509,-0.06258095055818558,0.34223878383636475,0.6399319767951965,-0.0857522115111351,0.21674314141273499,0.5096920132637024,-0.03603437915444374,0.2725822627544403,0.4335883855819702,-0.06973444670438766,0.3074513077735901,0.37751609086990356,-0.08879393339157104,0.3341975212097168,0.3284876346588135,-0.10023362934589386,0.1743612140417099,0.4798506498336792,-0.049532514065504074,0.2515385150909424,0.41270095109939575,-0.08892501145601273,0.30172646045684814,0.3615589141845703,-0.10837896168231964,0.3407045602798462,0.31640398502349854,-0.11624220013618469,0.12397927045822144,0.47318512201309204,-0.06495193392038345,0.19007298350334167,0.4892664849758148,-0.11305756866931915,0.2048904001712799,0.5371841788291931,-0.12463267892599106,0.21163776516914368,0.5703648328781128,-0.12079861760139465,0.07396964728832245,0.49399685859680176,-0.08179882913827896,0.13451211154460907,0.5245368480682373,-0.11763520538806915,0.16618727147579193,0.576158344745636,-0.12199462205171585,0.18982243537902832,0.6177273392677307,-0.11692618578672409
0.07342959195375443,0.7222709655761719,9.804406317925896e-07,0.14360959827899933,0.7049509286880493,-0.01903180219233036,0.21973878145217896,0.650462806224823,-0.037972934544086456,0.2827633023262024,0.6234439611434937,-0.05998929962515831,0.34287893772125244,0.6397473216056824,-0.08234027028083801,0.21834126114845276,0.5089013576507568,-0.035900238901376724,0.27359870076179504,0.4313562214374542,-0.06858662515878677,0.30793485045433044,0.37495920062065125,-0.08677005022764206,0.3341025710105896,0.3253673315048218,-0.09770707041025162,0.17536118626594543,0.4793054163455963,-0.04956258833408356,0.25217998027801514,0.41059672832489014,-0.08772297948598862,0.3013648986816406,0.3588908314704895,-0.106800876557827,0.3392634391784668,0.31293603777885437,-0.11454273015260696,0.12449692189693451,0.47224047780036926,-0.06509101390838623,0.1870870143175125,0.48335233330726624,-0.11291360855102539,0.20589905977249146,0.5255878567695618,-0.1267305165529251,0.21736501157283783,0.5553383231163025,-0.1249542310833931,0.07397574931383133,0.4927093982696533,-0.08186021447181702,0.13429024815559387,0.5244168043136597,-0.11807158589363098,0.16764597594738007,0.5780137181282043,-0.12381507456302643,0.19348667562007904,0.6225454807281494,-0.12007603794336319
0.07357803732156754,0.7222338914871216,9.488218779551971e-07,0.14415337145328522,0.7051151990890503,-0.018461627885699272,0.2208237648010254,0.650126576423645,-0.03665846586227417,0.28423285484313965,0.6231915354728699,-0.058219946920871735,0.34428539872169495,0.6408273577690125,-0.08006507158279419,0.21802367269992828,0.507798433303833,-0.03377686068415642,0.27172139286994934,0.4315246045589447,-0.06591364741325378,0.30556702613830566,0.375943124294281,-0.08388730138540268,0.3318116366863251,0.32698988914489746,-0.0946255698800087,0.17474764585494995,0.4783720076084137,-0.04746972769498825,0.24962639808654785,0.4101027250289917,-0.08537950366735458,0.2985360324382782,0.36022284626960754,-0.10421659797430038,0.33674442768096924,0.3165885806083679,-0.11162620037794113,0.12375636398792267,0.47154924273490906,-0.06309346109628677,0.18728917837142944,0.48793768882751465,-0.11173108220100403,0.20638708770275116,0.5381457209587097,-0.12520505487918854,0.21733731031417847,0.5743722915649414,-0.12231303751468658,0.07337241619825363,0.4916801154613495,-0.0798967182636261,0.13363264501094818,0.5238664150238037,-0.11625399440526962,0.16634805500507355,0.5784348249435425,-0.12180724740028381,0.1913338005542755,0.6238226890563965,-0.11756766587495804
0.07448579370975494,0.7249524593353271,9.459348007112567e-07,0.14417488873004913,0.7067669630050659,-0.019452862441539764,0.22094056010246277,0.6523323059082031,-0.038283515721559525,0.2849612236022949,0.6262333393096924,-0.06057576835155487,0.3454495668411255,0.6444889307022095,-0.08313509821891785,0.21790862083435059,0.5080903768539429,-0.033200234174728394,0.2723960876464844,0.43209558725357056,-0.06604212522506714,0.30643510818481445,0.37631955742836,-0.08471978455781937,0.3327648639678955,0.32711806893348694,-0.0957932323217392,0.1754734367132187,0.4794709384441376,-0.04682181775569916,0.25068414211273193,0.4116583466529846,-0.08551578968763351,0.29933756589889526,0.36039865016937256,-0.10501266270875931,0.3371725082397461,0.31508785486221313,-0.11269884556531906,0.1251366138458252,0.4737757742404938,-0.06263274699449539,0.18837009370326996,0.48829543590545654,-0.11252442747354507,0.20870015025138855,0.5437683463096619,-0.12618380784988403,0.22100862860679626,0.585091233253479,-0.12261300534009933,0.07474994659423828,0.4946078062057495,-0.0796448364853859,0.13299739360809326,0.5207157135009766,-0.11617816984653473,0.16457030177116394,0.5743231177330017,-0.12114416807889938,0.18883921205997467,0.619824230670929,-0.11614380031824112
0.0766705721616745,0.728045642375946,9.621077197152772e-07,0.14541037380695343,0.7083210945129395,-0.01879463531076908,0.22131052613258362,0.6556808352470398,-0.03803431615233421,0.2841777205467224,0.6290377378463745,-0.061994992196559906,0.3451560139656067,0.6475095152854919,-0.08596839010715485,0.21888850629329681,0.5121477842330933,-0.02983752265572548,0.2732410430908203,0.4345111846923828,-0.06305281817913055,0.3053019344806671,0.37698429822921753,-0.08124066889286041,0.3298060894012451,0.3261495530605316,-0.09180471301078796,0.17761167883872986,0.48256897926330566,-0.0443071648478508,0.25326454639434814,0.4088558852672577,-0.08521122485399246,0.30156373977661133,0.35693249106407166,-0.10434354096651077,0.33779001235961914,0.31276094913482666,-0.11059081554412842,0.12709513306617737,0.4771260619163513,-0.061056558042764664,0.19512274861335754,0.4845070242881775,-0.114671491086483,0.2062690109014511,0.5623670816421509,-0.12252117693424225,0.20864848792552948,0.6214420795440674,-0.11175532639026642,0.07623466849327087,0.4975256323814392,-0.07895968854427338,0.1356404572725296,0.5187607407569885,-0.11721372604370117,0.1659078747034073,0.5713251829147339,-0.11924374103546143,0.18689090013504028,0.6134440302848816,-0.1103278324007988
0.07929544895887375,0.7315975427627563,9.557746807331569e-07,0.14878231287002563,0.7117800712585449,-0.020336411893367767,0.2250322699546814,0.659373939037323,-0.04007909074425697,0.2875814735889435,0.6329609751701355,-0.0644560158252716,0.34861230850219727,0.6519749164581299,-0.08872735500335693,0.22345273196697235,0.5110476613044739,-0.03061312809586525,0.27790960669517517,0.43243205547332764,-0.0637545958161354,0.3092583119869232,0.3738456964492798,-0.08224637061357498,0.3331604599952698,0.3218728303909302,-0.09286313503980637,0.18155592679977417,0.4811486005783081,-0.04451612010598183,0.2568455934524536,0.4093693196773529,-0.08467943221330643,0.3036305606365204,0.3541702628135681,-0.10347843170166016,0.33813005685806274,0.30640625953674316,-0.10942855477333069,0.1301366537809372,0.4765796363353729,-0.06092343106865883,0.1986701488494873,0.4889358580112457,-0.11466549336910248,0.20624905824661255,0.5699054002761841,-0.12205635756254196,0.20544597506523132,0.6297650337219238,-0.11037732660770416,0.07842136174440384,0.4984133243560791,-0.0786997601389885,0.13801589608192444,0.518149733543396,-0.11711563169956207,0.16821488738059998,0.5713448524475098,-0.11856335401535034,0.18912121653556824,0.6153045892715454,-0.10874482244253159
0.08031409978866577,0.737215518951416,9.294038250118319e-07,0.1531469076871872,0.7158579230308533,-0.018056755885481834,0.22979223728179932,0.6620050072669983,-0.03654675930738449,0.2921544015407562,0.6361887454986572,-0.060209065675735474,0.3520302474498749,0.6568093299865723,-0.08386976271867752,0.22615893185138702,0.5156014561653137,-0.028979169204831123,0.27863895893096924,0.43462714552879333,-0.06156827136874199,0.3087351620197296,0.3752363920211792,-0.07968901842832565,0.3323400020599365,0.32311075925827026,-0.09040067344903946,0.1836574673652649,0.4866642653942108,-0.0440312884747982,0.2559337317943573,0.4136508107185364,-0.08504413813352585,0.30269870162010193,0.35713934898376465,-0.1050068661570549,0.3388381004333496,0.3090869188308716,-0.11209151893854141,0.1315566897392273,0.48217087984085083,-0.061307553201913834,0.1985362023115158,0.49217644333839417,-0.11559314280748367,0.2095586359500885,0.5726436376571655,-0.12406014651060104,0.21221455931663513,0.6336004734039307,-0.11348214000463486,0.07959219813346863,0.5038597583770752,-0.07970096170902252,0.1378590166568756,0.5213901996612549,-0.11885017156600952,0.16843901574611664,0.5756136178970337,-0.12107580155134201,0.19007472693920135,0.6221837997436523,-0.11204980313777924
0.08557932823896408,0.7390248775482178,9.129875593316683e-07,0.15798243880271912,0.7187924385070801,-0.017740998417139053,0.23479442298412323,0.6667823195457458,-0.035890303552150726,0.29788675904273987,0.6444888114929199,-0.05936548858880997,0.35796433687210083,0.6649218797683716,-0.0828806608915329,0.23149028420448303,0.5229000449180603,-0.028486499562859535,0.2838384807109833,0.4392598867416382,-0.060502078384160995,0.3135032057762146,0.379808634519577,-0.07766661047935486,0.3361418843269348,0.3280165195465088,-0.08714503794908524,0.18987032771110535,0.49532580375671387,-0.04314914345741272,0.2622397541999817,0.4181065559387207,-0.0826381966471672,0.3081158995628357,0.3607083559036255,-0.10104705393314362,0.34241747856140137,0.31253892183303833,-0.10665100812911987,0.1383579969406128,0.4918186068534851,-0.059936556965112686,0.20255543291568756,0.4946201741695404,-0.11283751577138901,0.21356035768985748,0.5783281922340393,-0.11928338557481766,0.21563640236854553,0.6439637541770935,-0.1068950816988945,0.08680645376443863,0.5141412019729614,-0.07785425335168839,0.14271344244480133,0.5290312170982361,-0.11533509939908981,0.17216596007347107,0.5841303467750549,-0.1153498962521553,0.19191360473632812,0.632389485836029,-0.10439488291740417
0.08739222586154938,0.7470049858093262,8.664303550176555e-07,0.16121552884578705,0.7263813614845276,-0.016806883737444878,0.2398381531238556,0.6770531535148621,-0.03339826688170433,0.3029788136482239,0.6573944091796875,-0.05533989146351814,0.359724223613739,0.6736745834350586,-0.07702881097793579,0.23570610582828522,0.5350305438041687,-0.027547165751457214,0.2880640923976898,0.45143064856529236,-0.059309862554073334,0.31657105684280396,0.39362168312072754,-0.07656113058328629,0.33824145793914795,0.34168535470962524,-0.0863020047545433,0.19593702256679535,0.5072975754737854,-0.04254088178277016,0.26666900515556335,0.4272054433822632,-0.08284486085176468,0.31224262714385986,0.36855900287628174,-0.102353036403656,0.3470079302787781,0.3192202150821686,-0.10897252708673477,0.14497455954551697,0.5038885474205017,-0.05946316942572594,0.2075193226337433,0.5022976994514465,-0.11271701753139496,0.2132885903120041,0.5891203284263611,-0.1171114444732666,0.21085260808467865,0.6562422513961792,-0.10322712361812592,0.09346691519021988,0.5258539319038391,-0.07760941237211227,0.1465245932340622,0.5364077091217041,-0.1163204237818718,0.17394572496414185,0.5904932618141174,-0.11572083830833435,0.19140082597732544,0.6365051865577698,-0.10412053018808365
0.08687102049589157,0.7455238103866577,8.61598607571068e-07,0.16467848420143127,0.7250745892524719,-0.016324561089277267,0.2440868616104126,0.6768349409103394,-0.032108865678310394,0.3083534836769104,0.6597732901573181,-0.053112298250198364,0.3641660809516907,0.6739296317100525,-0.07427757233381271,0.2375165820121765,0.53361576795578,-0.026339329779148102,0.2880280017852783,0.4525411128997803,-0.05743979290127754,0.31620973348617554,0.3943149149417877,-0.07471659034490585,0.33837130665779114,0.3425367772579193,-0.08456260710954666,0.19706085324287415,0.5059079527854919,-0.04145039990544319,0.26779529452323914,0.4298981726169586,-0.0799252837896347,0.31334203481674194,0.37155747413635254,-0.0991249531507492,0.3485833406448364,0.32357197999954224,-0.10601554065942764,0.14669892191886902,0.5021106600761414,-0.05872555449604988,0.20583707094192505,0.502991795539856,-0.11237839609384537,0.21755370497703552,0.583472490310669,-0.12222625315189362,0.22118908166885376,0.6493122577667236,-0.11260451376438141,0.09513869136571884,0.5239883065223694,-0.07686000317335129,0.14693361520767212,0.5372224450111389,-0.11658115684986115,0.17546731233596802,0.5928287506103516,-0.11966704577207565,0.19573037326335907,0.6433849930763245,-0.11120370775461197
0.09063930809497833,0.7537951469421387,8.463501899313997e-07,0.1679740846157074,0.7328555583953857,-0.01557706668972969,0.24649518728256226,0.687433660030365,-0.031551212072372437,0.30935534834861755,0.6715565919876099,-0.05301469564437866,0.36555957794189453,0.6876233816146851,-0.07455677539110184,0.2424016296863556,0.5452190637588501,-0.026419978588819504,0.2922877371311188,0.46232521533966064,-0.05817088857293129,0.32028159499168396,0.4050408899784088,-0.07571995258331299,0.3422280550003052,0.35288888216018677,-0.0856107622385025,0.20263952016830444,0.5159438848495483,-0.04151863977313042,0.272475004196167,0.44017499685287476,-0.08041979372501373,0.31795060634613037,0.38347500562667847,-0.09959746152162552,0.3528147339820862,0.3357585072517395,-0.10637770593166351,0.1520935297012329,0.5108886957168579,-0.058618418872356415,0.2079702466726303,0.510604739189148,-0.1111358106136322,0.21741558611392975,0.5934872627258301,-0.11879567801952362,0.21912232041358948,0.6612361073493958,-0.1077069491147995,0.10016646981239319,0.5320663452148438,-0.07670851051807404,0.148773655295372,0.5462695956230164,-0.11489155143499374,0.17651736736297607,0.6013174057006836,-0.11646139621734619,0.1956605613231659,0.6506198048591614,-0.10690028220415115
0.09509460628032684,0.7640722393989563,8.53716016990802e-07,0.17160576581954956,0.7447713613510132,-0.015255889855325222,0.24912159144878387,0.7003810405731201,-0.03013465367257595,0.3104870617389679,0.6852884292602539,-0.050663746893405914,0.36538124084472656,0.7023648619651794,-0.0706452876329422,0.24713417887687683,0.5589825510978699,-0.02425367198884487,0.2975883483886719,0.47605547308921814,-0.05579174682497978,0.3261016607284546,0.41903501749038696,-0.0727405846118927,0.34757745265960693,0.3678723871707916,-0.08190363645553589,0.20727279782295227,0.5258071422576904,-0.03929216042160988,0.2775805592536926,0.4489367604255676,-0.07811469584703445,0.3229995667934418,0.3919205963611603,-0.09684080630540848,0.3575846552848816,0.34469619393348694,-0.10251736640930176,0.15634815394878387,0.517440915107727,-0.05644375830888748,0.21469761431217194,0.5287132263183594,-0.10766709595918655,0.21928724646568298,0.613614022731781,-0.1132669523358345,0.21717944741249084,0.6792428493499756,-0.10030633956193924,0.10454065352678299,0.5371979475021362,-0.07499103248119354,0.15277107059955597,0.5646549463272095,-0.11137741804122925,0.18188132345676422,0.6186108589172363,-0.11204381287097931,0.20286425948143005,0.664282500743866,-0.10157932341098785
0.09728685766458511,0.7783625721931458,8.283201395897777e-07,0.17564639449119568,0.7568932771682739,-0.013941518031060696,0.2504148483276367,0.7149673700332642,-0.030334342271089554,0.3099300265312195,0.7009515166282654,-0.05324893072247505,0.3645535707473755,0.7153209447860718,-0.076313816010952,0.24595609307289124,0.5730772018432617,-0.025382567197084427,0.2979748845100403,0.48887336254119873,-0.05890301987528801,0.32795244455337524,0.4314309358596802,-0.07758933305740356,0.35163038969039917,0.3793954849243164,-0.08840607851743698,0.20587539672851562,0.5452749133110046,-0.042860448360443115,0.27541545033454895,0.46487441658973694,-0.08440028876066208,0.32173022627830505,0.4093928635120392,-0.10544342547655106,0.35741305351257324,0.3628292679786682,-0.11353280395269394,0.15515413880348206,0.5425814986228943,-0.06215474009513855,0.214395672082901,0.5347418785095215,-0.11698098480701447,0.22233203053474426,0.6206743717193604,-0.12301162630319595,0.22200258076190948,0.6881098747253418,-0.11051776260137558,0.104366235435009,0.5678344964981079,-0.08236663788557053,0.15306097269058228,0.5798693895339966,-0.12333325296640396,0.18190164864063263,0.6381858587265015,-0.12435916811227798,0.2008536458015442,0.6894387006759644,-0.11380445957183838
0.09302130341529846,0.8209055662155151,7.849875487409008e-07,0.1729835867881775,0.79982590675354,-0.012098118662834167,0.24873778223991394,0.7510308623313904,-0.027138711884617805,0.30812734365463257,0.7337265014648438,-0.04837334156036377,0.36147987842559814,0.7463455200195312,-0.07014239579439163,0.24286530911922455,0.6027563214302063,-0.025126349180936813,0.29261088371276855,0.5211770534515381,-0.05781616270542145,0.32251521944999695,0.4635623097419739,-0.07709401100873947,0.34611669182777405,0.41343259811401367,-0.08845102041959763,0.1992056667804718,0.5776463747024536,-0.043464504182338715,0.26766884326934814,0.50054931640625,-0.08224235475063324,0.31568312644958496,0.44657784700393677,-0.1034204438328743,0.35259920358657837,0.4023253321647644,-0.11240614205598831,0.14769549667835236,0.5793104767799377,-0.06328711658716202,0.20265570282936096,0.5780624747276306,-0.11474987864494324,0.21914830803871155,0.649661660194397,-0.12538187205791473,0.22506996989250183,0.7090860605239868,-0.1183101236820221,0.09651170670986176,0.6100621223449707,-0.08375817537307739,0.14806914329528809,0.6291486620903015,-0.12228415161371231,0.17701274156570435,0.6888987421989441,-0.1246502473950386,0.19545145332813263,0.7429171800613403,-0.11638452112674713
0.09215753525495529,0.8467190861701965,8.787525302977883e-07,0.1719619631767273,0.8212663531303406,-0.011046383529901505,0.2485613226890564,0.7721021771430969,-0.025675224140286446,0.30754363536834717,0.7527668476104736,-0.04697626456618309,0.36204737424850464,0.7637588381767273,-0.0686158612370491,0.2357674539089203,0.6228329539299011,-0.021791497245430946,0.28520750999450684,0.5427210330963135,-0.05408129841089249,0.3159206509590149,0.48611485958099365,-0.07344376295804977,0.33938345313072205,0.4355166554450989,-0.08523787558078766,0.192732036113739,0.5965873003005981,-0.04067074880003929,0.2621605694293976,0.5151795744895935,-0.07906458526849747,0.3108259439468384,0.4611610174179077,-0.09990115463733673,0.34691759943962097,0.417802095413208,-0.1085536852478981,0.14076924324035645,0.5993403792381287,-0.061094578355550766,0.20101982355117798,0.5974510908126831,-0.11197155714035034,0.21561671793460846,0.6716527342796326,-0.12065466493368149,0.2180928885936737,0.731940507888794,-0.11230619996786118,0.0887569785118103,0.6325693130493164,-0.0823560431599617,0.1445518136024475,0.6609870195388794,-0.12193866074085236,0.17723578214645386,0.7217296957969666,-0.1249229833483696,0.19742678105831146,0.7743287682533264,-0.11681970208883286
0.08605648577213287,0.8684710264205933,9.261728450837836e-07,0.1673203855752945,0.8430707454681396,-0.015459643676877022,0.2456180304288864,0.7908315658569336,-0.03311515226960182,0.3065265417098999,0.7691292762756348,-0.05653674155473709,0.362770676612854,0.7812629342079163,-0.08087240904569626,0.23112688958644867,0.6413789987564087,-0.031823527067899704,0.2840549051761627,0.5575215220451355,-0.06739529967308044,0.3164407014846802,0.49675118923187256,-0.08844423294067383,0.3410901129245758,0.44329679012298584,-0.10123493522405624,0.18457941710948944,0.6170608997344971,-0.04977842792868614,0.2548990249633789,0.5350382924079895,-0.09132182598114014,0.30417072772979736,0.47892796993255615,-0.1137051209807396,0.34103620052337646,0.4340320825576782,-0.12348229438066483,0.1300106942653656,0.6225520372390747,-0.0692422091960907,0.1910426914691925,0.6160034537315369,-0.12358006834983826,0.21059849858283997,0.6879237294197083,-0.1353212296962738,0.21787753701210022,0.7478361129760742,-0.12906688451766968,0.0772290825843811,0.6589313745498657,-0.08956020325422287,0.13394802808761597,0.6858413219451904,-0.13195684552192688,0.16971617937088013,0.7450849413871765,-0.1372246891260147,0.193763867020607,0.79839688539505,-0.13080181181430817
0.08476700633764267,0.8887479901313782,9.510874292573135e-07,0.16295889019966125,0.8634233474731445,-0.01708965003490448,0.24224959313869476,0.8104616403579712,-0.03462231904268265,0.3035576641559601,0.7855461835861206,-0.05810539796948433,0.36101090908050537,0.7998096942901611,-0.08100028336048126,0.2297625094652176,0.6607470512390137,-0.03080133907496929,0.28098729252815247,0.5728741884231567,-0.0677814781665802,0.31232163310050964,0.5100451707839966,-0.08719557523727417,0.335346519947052,0.4542784094810486,-0.09790438413619995,0.1816248595714569,0.6301197409629822,-0.04859383404254913,0.2499866932630539,0.5471396446228027,-0.09563851356506348,0.299602746963501,0.48906415700912476,-0.11785239726305008,0.33686116337776184,0.4412899315357208,-0.12456491589546204,0.12547318637371063,0.632002055644989,-0.06827959418296814,0.19324244558811188,0.6518612504005432,-0.12826956808567047,0.21129034459590912,0.7460545897483826,-0.1344267576932907,0.21673719584941864,0.8169252276420593,-0.11973360925912857,0.07249866425991058,0.6667246222496033,-0.08928336203098297,0.129989355802536,0.70712810754776,-0.131198450922966,0.16454008221626282,0.7715123891830444,-0.1313183456659317,0.18554100394248962,0.8238643407821655,-0.11902321875095367
0.08073216676712036,0.9009079337120056,9.873771205093362e-07,0.16025978326797485,0.8753747940063477,-0.017414920032024384,0.24005265533924103,0.8228740692138672,-0.03541599214076996,0.30180856585502625,0.7988689541816711,-0.05907387286424637,0.3602021336555481,0.8094342350959778,-0.08166028559207916,0.22679245471954346,0.673328697681427,-0.033359549939632416,0.27657681703567505,0.585317075252533,-0.07151015102863312,0.3069912791252136,0.5222064852714539,-0.09082229435443878,0.3295310139656067,0.46542292833328247,-0.10152116417884827,0.17757850885391235,0.6391443610191345,-0.05150192975997925,0.24625258147716522,0.5525468587875366,-0.10156817734241486,0.2968055009841919,0.4948769807815552,-0.12495923042297363,0.33582109212875366,0.44722190499305725,-0.1317218691110611,0.12094328552484512,0.6401892304420471,-0.07115832716226578,0.19317801296710968,0.672199010848999,-0.13250496983528137,0.2092258185148239,0.7693679332733154,-0.1369071900844574,0.21212074160575867,0.838721513748169,-0.12024571746587753,0.0686568021774292,0.6748197674751282,-0.0923195332288742,0.12712569534778595,0.7261731624603271,-0.1343732327222824,0.16150248050689697,0.793972909450531,-0.13320481777191162,0.1814744472503662,0.8451162576675415,-0.11949064582586288
0.07821500301361084,0.908164381980896,1.0107228263223078e-06,0.1584562063217163,0.8830157518386841,-0.017848210409283638,0.23985213041305542,0.8301318883895874,-0.03616262972354889,0.30417728424072266,0.8055691123008728,-0.05998510867357254,0.36365699768066406,0.8148437738418579,-0.08265241235494614,0.22278755903244019,0.6783114075660706,-0.034244436770677567,0.27420657873153687,0.588819682598114,-0.07185623049736023,0.3056051433086395,0.5263000130653381,-0.0905950590968132,0.3287021517753601,0.47020572423934937,-0.10076896101236343,0.17319175601005554,0.6447935104370117,-0.05189424008131027,0.2438419908285141,0.5594990253448486,-0.10187269002199173,0.294511616230011,0.5015192627906799,-0.12582461535930634,0.3333283066749573,0.4539646506309509,-0.13294142484664917,0.11668257415294647,0.6462274193763733,-0.07088680565357208,0.18962790071964264,0.6870161294937134,-0.1307704746723175,0.2065810263156891,0.7815890312194824,-0.13561446964740753,0.21099193394184113,0.8478075861930847,-0.11958016455173492,0.06514036655426025,0.680984616279602,-0.0914594978094101,0.1239682137966156,0.7335106134414673,-0.13069432973861694,0.15958493947982788,0.7989494204521179,-0.1286766678094864,0.1813346892595291,0.8486883044242859,-0.11483646929264069
0.07280437648296356,0.9036860466003418,1.0639248557708925e-06,0.15712571144104004,0.8806754350662231,-0.015652596950531006,0.23970074951648712,0.8267675638198853,-0.03279052674770355,0.3049168288707733,0.8041446208953857,-0.05606423690915108,0.36395442485809326,0.8159080743789673,-0.07812109589576721,0.22174090147018433,0.6762560606002808,-0.029861953109502792,0.2741865813732147,0.5845560431480408,-0.06564208120107651,0.30670613050460815,0.522239625453949,-0.08299051225185394,0.3304087519645691,0.4679221510887146,-0.09228373318910599,0.17228789627552032,0.6428964734077454,-0.04780108481645584,0.2441471815109253,0.5563838481903076,-0.09649758785963058,0.296048641204834,0.49914222955703735,-0.12053465843200684,0.33555716276168823,0.4545861482620239,-0.12758399546146393,0.11583109200000763,0.64393150806427,-0.0668681189417839,0.1854701042175293,0.6858974695205688,-0.1253117024898529,0.2001200020313263,0.7818793654441833,-0.12955538928508759,0.20245230197906494,0.8494167327880859,-0.11302736401557922,0.06480139493942261,0.6792702078819275,-0.08747182041406631,0.12190462648868561,0.7345342040061951,-0.12712587416172028,0.15892967581748962,0.8030102849006653,-0.1256396770477295,0.18156085908412933,0.8553014993667603,-0.11172065883874893
0.07405497878789902,0.9081218838691711,1.0226295898974058e-06,0.15663540363311768,0.8829306364059448,-0.015757625922560692,0.2386193871498108,0.8291400671005249,-0.033479511737823486,0.30445417761802673,0.8069071769714355,-0.05715024471282959,0.36468133330345154,0.8153202533721924,-0.07965310662984848,0.2213846892118454,0.6781031489372253,-0.031873106956481934,0.2742665112018585,0.5888960957527161,-0.06868875026702881,0.30722951889038086,0.5280644297599792,-0.0872095599770546,0.3318794369697571,0.47318053245544434,-0.09772885590791702,0.17276136577129364,0.6453404426574707,-0.050557490438222885,0.24362434446811676,0.5605093240737915,-0.09994042664766312,0.29478719830513,0.5037823915481567,-0.12466388195753098,0.33348777890205383,0.4576229751110077,-0.13293221592903137,0.11623433977365494,0.647402822971344,-0.07039264589548111,0.1860734522342682,0.6881246566772461,-0.12951070070266724,0.2028549462556839,0.7810254096984863,-0.13470223546028137,0.20691074430942535,0.8450812101364136,-0.11971565335988998,0.06463895738124847,0.6835445165634155,-0.09166379272937775,0.12272798269987106,0.7373896241188049,-0.13177041709423065,0.1594012975692749,0.8055368065834045,-0.1306489109992981,0.1816071718931198,0.8566054701805115,-0.11768865585327148
0.07173525542020798,0.9105135202407837,1.054557174029469e-06,0.15486378967761993,0.8853069543838501,-0.015475962311029434,0.23791304230690002,0.8280625343322754,-0.03285476192831993,0.3050522208213806,0.8052608966827393,-0.05631410330533981,0.3666873574256897,0.8139696717262268,-0.07889013737440109,0.21903391182422638,0.6777035593986511,-0.030649807304143906,0.27336937189102173,0.5899497866630554,-0.0663733258843422,0.306888610124588,0.5285961031913757,-0.08445601165294647,0.3314480781555176,0.47418224811553955,-0.09475737810134888,0.16927684843540192,0.6459826231002808,-0.0493004135787487,0.24247527122497559,0.5609914064407349,-0.09695307165384293,0.29412969946861267,0.503635048866272,-0.1206604540348053,0.3327533006668091,0.4582276940345764,-0.128385528922081,0.11247959733009338,0.6493557691574097,-0.06914207339286804,0.18310347199440002,0.6844475865364075,-0.1279796063899994,0.19806566834449768,0.7798943519592285,-0.13282160460948944,0.20064811408519745,0.8476845026016235,-0.11751635372638702,0.06079600751399994,0.6874418258666992,-0.09035537391901016,0.12066769599914551,0.7400380373001099,-0.13194908201694489,0.1592448651790619,0.8078523874282837,-0.13171249628067017,0.1835722029209137,0.8594455122947693,-0.11904168128967285
0.07136278599500656,0.9123052954673767,1.0563531986917951e-06,0.15362823009490967,0.8863183259963989,-0.016335472464561462,0.23558300733566284,0.8287923336029053,-0.03366930037736893,0.3028699457645416,0.805168092250824,-0.05684012174606323,0.3645225763320923,0.8103030920028687,-0.07909061014652252,0.21613101661205292,0.6782573461532593,-0.03092559427022934,0.27067330479621887,0.5895671844482422,-0.06670477986335754,0.3051326870918274,0.527553915977478,-0.08455858379602432,0.3300548493862152,0.4727914333343506,-0.09411552548408508,0.16622227430343628,0.6458951234817505,-0.04864022880792618,0.2405429631471634,0.5602051019668579,-0.09584441781044006,0.29263997077941895,0.503502368927002,-0.11885525286197662,0.33123430609703064,0.45962047576904297,-0.12555834650993347,0.10963495075702667,0.6492241024971008,-0.0676882192492485,0.17924027144908905,0.6896118521690369,-0.12693984806537628,0.1959480196237564,0.7864028215408325,-0.13227945566177368,0.20073632895946503,0.8553569316864014,-0.11652401089668274,0.058428794145584106,0.6873243451118469,-0.08805124461650848,0.11781710386276245,0.7350404262542725,-0.12887245416641235,0.1569547951221466,0.8020071387290955,-0.12770424783229828,0.18244335055351257,0.8550217747688293,-0.11408979445695877
0.07150650024414062,0.9138002991676331,1.065679043676937e-06,0.15363258123397827,0.8863336443901062,-0.016514893621206284,0.23570816218852997,0.8280925750732422,-0.034133121371269226,0.3019769787788391,0.8038551807403564,-0.057562656700611115,0.36318641901016235,0.8106882572174072,-0.08001213520765305,0.21578070521354675,0.677359938621521,-0.030459249392151833,0.26918643712997437,0.5870634913444519,-0.06558679044246674,0.3025795519351959,0.5247020125389099,-0.08287277072668076,0.3267364501953125,0.4700499176979065,-0.09214811772108078,0.16536329686641693,0.6463193297386169,-0.048214975744485855,0.2388649582862854,0.5568445324897766,-0.09518663585186005,0.2910950183868408,0.5009230971336365,-0.117808036506176,0.3298141360282898,0.45816415548324585,-0.12432519346475601,0.10830789804458618,0.6500136852264404,-0.06731818616390228,0.1813926100730896,0.6842228174209595,-0.12669514119625092,0.1971074640750885,0.7828566431999207,-0.1312127560377121,0.19992388784885406,0.8526758551597595,-0.11481006443500519,0.05663016438484192,0.6874456405639648,-0.08767278492450714,0.1179317906498909,0.7313649654388428,-0.12885960936546326,0.15609973669052124,0.8009189367294312,-0.12717093527317047,0.17943744361400604,0.8550059795379639,-0.11306096613407135
0.06560541689395905,0.9120663404464722,1.0490923614270287e-06,0.15113672614097595,0.8856238126754761,-0.015605813823640347,0.233799010515213,0.8284690380096436,-0.03297234699130058,0.30015474557876587,0.8043371438980103,-0.05648428201675415,0.3616696298122406,0.8092336654663086,-0.07898329943418503,0.21401670575141907,0.6762974262237549,-0.029749369248747826,0.26730993390083313,0.5850886106491089,-0.06589765846729279,0.3009164333343506,0.5224002599716187,-0.08400151133537292,0.32617586851119995,0.4679722487926483,-0.09386938065290451,0.16419966518878937,0.644497275352478,-0.04783383384346962,0.23597972095012665,0.5576509833335876,-0.09675627946853638,0.2866837978363037,0.500921905040741,-0.1212918609380722,0.32573020458221436,0.45756545662879944,-0.1292281150817871,0.10704807937145233,0.6470597982406616,-0.06712618470191956,0.17962566018104553,0.6852386593818665,-0.1267606019973755,0.19524125754833221,0.7806825041770935,-0.13176698982715607,0.19909684360027313,0.8481453657150269,-0.11610729247331619,0.05538204312324524,0.6836280226707458,-0.08772886544466019,0.11450222879648209,0.7294257283210754,-0.12892276048660278,0.15262547135353088,0.7972013354301453,-0.127827450633049,0.17716573178768158,0.8501406908035278,-0.11435012519359589
0.062432825565338135,0.9084202647209167,1.0093589253301616e-06,0.14727330207824707,0.8846832513809204,-0.015770521014928818,0.2306131273508072,0.8270814418792725,-0.031542398035526276,0.2981584668159485,0.8025384545326233,-0.0534164197742939,0.36010026931762695,0.8068624138832092,-0.07464896887540817,0.2118086814880371,0.6757269501686096,-0.02721872366964817,0.2651751637458801,0.583065390586853,-0.06215633451938629,0.2986951470375061,0.5217401385307312,-0.07909026741981506,0.3231581747531891,0.4685720205307007,-0.08790911734104156,0.16339930891990662,0.6443877816200256,-0.04514533281326294,0.23413091897964478,0.5548049807548523,-0.09201255440711975,0.28456786274909973,0.49608880281448364,-0.11584248393774033,0.32230985164642334,0.4492565989494324,-0.12321095168590546,0.10688533633947372,0.6470854878425598,-0.06477312743663788,0.1753309816122055,0.6816936731338501,-0.12608973681926727,0.19541223347187042,0.7754998803138733,-0.1358603984117508,0.20289009809494019,0.8418620228767395,-0.12300209701061249,0.05349043011665344,0.6832646131515503,-0.0852438434958458,0.10860559344291687,0.728860080242157,-0.1288943886756897,0.1481231451034546,0.7956550717353821,-0.13126178085803986,0.17476774752140045,0.8494101762771606,-0.12020090967416763
0.0646483302116394,0.9093369245529175,9.92353307083249e-07,0.14771895110607147,0.8837433457374573,-0.015848524868488312,0.22964587807655334,0.8255770206451416,-0.03195396438241005,0.297295480966568,0.8013153672218323,-0.0540456622838974,0.3586811423301697,0.8077042698860168,-0.07531285285949707,0.21193329989910126,0.6740031838417053,-0.027077145874500275,0.2635548412799835,0.5814955234527588,-0.0622132383286953,0.29656195640563965,0.5199636816978455,-0.07977253943681717,0.3210608959197998,0.4662652015686035,-0.08939517289400101,0.16377441585063934,0.6437111496925354,-0.045121461153030396,0.23293986916542053,0.5540722012519836,-0.09230735152959824,0.28263986110687256,0.4957733750343323,-0.11636089533567429,0.31969743967056274,0.4492119550704956,-0.12413788586854935,0.10783746093511581,0.6463528871536255,-0.06494900584220886,0.1760195940732956,0.6803911328315735,-0.12583927810192108,0.19673451781272888,0.7696201205253601,-0.13554207980632782,0.20443850755691528,0.8324410915374756,-0.12313976883888245,0.054940804839134216,0.6817827224731445,-0.08574437350034714,0.11262011528015137,0.7306395173072815,-0.12912161648273468,0.1518060863018036,0.7976459264755249,-0.1316559910774231,0.17722272872924805,0.8495544791221619,-0.12101508677005768
0.06316018849611282,0.9082320928573608,1.0030923931481084e-06,0.14668196439743042,0.883084237575531,-0.015980500727891922,0.2289130836725235,0.8253685235977173,-0.03216977044939995,0.2962701916694641,0.801953911781311,-0.05455247312784195,0.35823947191238403,0.8081775307655334,-0.07594365626573563,0.2117411196231842,0.6738947033882141,-0.027080146595835686,0.26329630613327026,0.580507755279541,-0.06289093941450119,0.29570966958999634,0.5181884765625,-0.08065816015005112,0.31987953186035156,0.4641895294189453,-0.09029446542263031,0.16334186494350433,0.6428803205490112,-0.04509975388646126,0.23174120485782623,0.553135871887207,-0.09343692660331726,0.28135907649993896,0.493876188993454,-0.11771298944950104,0.3184491991996765,0.4467501640319824,-0.1253918558359146,0.10678151249885559,0.6448087692260742,-0.06492754817008972,0.1763928085565567,0.6774626970291138,-0.12623269855976105,0.19668205082416534,0.7705544233322144,-0.13415436446666718,0.20373542606830597,0.8363728523254395,-0.1201053261756897,0.05350092053413391,0.6796659827232361,-0.08590025454759598,0.11192435771226883,0.7297503352165222,-0.1291818767786026,0.15045568346977234,0.7966554164886475,-0.13086050748825073,0.17473365366458893,0.8471105098724365,-0.11933177709579468
0.06361772865056992,0.9097270965576172,1.0009982815972762e-06,0.14744015038013458,0.8839466571807861,-0.016547074541449547,0.2292032688856125,0.8259133696556091,-0.03316989913582802,0.29660552740097046,0.8014724850654602,-0.05573558434844017,0.35853639245033264,0.8069196343421936,-0.07726098597049713,0.2108161449432373,0.6736633777618408,-0.028830256313085556,0.2625758647918701,0.5797492861747742,-0.06500087678432465,0.2951011061668396,0.516891360282898,-0.0828852429986,0.3190779387950897,0.4624254107475281,-0.092607282102108,0.1626087874174118,0.6424972414970398,-0.04679305851459503,0.2315351963043213,0.553229570388794,-0.09586339443922043,0.28084123134613037,0.4938783347606659,-0.12064386904239655,0.3178589940071106,0.44640636444091797,-0.12855173647403717,0.10615905374288559,0.644930899143219,-0.06647703796625137,0.17488382756710052,0.6820583939552307,-0.12870359420776367,0.19441764056682587,0.7750168442726135,-0.13722310960292816,0.20155452191829681,0.8398759961128235,-0.12333529442548752,0.05254971981048584,0.6805354952812195,-0.08724747598171234,0.1089291200041771,0.7290318012237549,-0.13107550144195557,0.14857567846775055,0.7949294447898865,-0.1329050213098526,0.17474859952926636,0.8456916809082031,-0.12138049304485321
0.062062136828899384,0.9104461669921875,1.0029767736341455e-06,0.14682108163833618,0.8845702409744263,-0.016437266021966934,0.22957134246826172,0.8262325525283813,-0.03311920911073685,0.2969764769077301,0.8012732863426208,-0.05578819662332535,0.35870426893234253,0.8063170313835144,-0.07764165103435516,0.2099134624004364,0.6742072105407715,-0.02920096553862095,0.26145046949386597,0.5802991390228271,-0.06530708819627762,0.2934948801994324,0.5171029567718506,-0.083312027156353,0.317229688167572,0.4623129963874817,-0.09322021901607513,0.16157212853431702,0.6428160071372986,-0.04721375182271004,0.23040419816970825,0.5527776479721069,-0.09589938819408417,0.2801833748817444,0.4930606186389923,-0.12076821178197861,0.3179880976676941,0.44538530707359314,-0.12899808585643768,0.10483990609645844,0.6454257965087891,-0.06688117235898972,0.17218826711177826,0.67829430103302,-0.12912333011627197,0.19184689223766327,0.7712782621383667,-0.1381664276123047,0.19946545362472534,0.8371252417564392,-0.1248471587896347,0.05100420117378235,0.6817113161087036,-0.08756127953529358,0.10646651685237885,0.7267196774482727,-0.13224612176418304,0.147200807929039,0.7924677729606628,-0.13480809330940247,0.1749514639377594,0.8447990417480469,-0.12381432950496674
0.06219746917486191,0.9100363254547119,1.0035878403868992e-06,0.14733919501304626,0.8832075595855713,-0.016154319047927856,0.22932857275009155,0.8247560262680054,-0.03289702162146568,0.29628217220306396,0.7997427582740784,-0.05566811561584473,0.3580203652381897,0.8054336309432983,-0.07767435908317566,0.2088102549314499,0.6722080111503601,-0.028510166332125664,0.26080211997032166,0.5796436071395874,-0.06429234147071838,0.29314514994621277,0.5171480178833008,-0.08238031715154648,0.31668728590011597,0.4622793197631836,-0.09248102456331253,0.16098523139953613,0.6419239640235901,-0.0468776635825634,0.23116719722747803,0.551947295665741,-0.09467735886573792,0.2808847427368164,0.49196892976760864,-0.11949975043535233,0.3181890845298767,0.4434542953968048,-0.12793131172657013,0.1048617735505104,0.6453607082366943,-0.06695655733346939,0.17322170734405518,0.6780884861946106,-0.12859350442886353,0.19456930458545685,0.7679968476295471,-0.13869068026542664,0.20344646275043488,0.8313414454460144,-0.12644121050834656,0.05158042907714844,0.6817148923873901,-0.08795057982206345,0.10814007371664047,0.726179838180542,-0.1319284290075302,0.14874625205993652,0.7915352582931519,-0.1345934271812439,0.17626769840717316,0.8442428112030029,-0.12397449463605881
0.06308183073997498,0.9089383482933044,9.99678491098166e-07,0.1488250195980072,0.8832302093505859,-0.016361629590392113,0.23075637221336365,0.82491534948349,-0.03309502452611923,0.2975407540798187,0.7997311949729919,-0.05566571280360222,0.35897308588027954,0.8057907819747925,-0.07759097963571548,0.2092653512954712,0.6725581884384155,-0.029893169179558754,0.2608826756477356,0.5781581401824951,-0.06518801301717758,0.2921733260154724,0.5145055055618286,-0.08305664360523224,0.31513506174087524,0.4588450491428375,-0.09333308786153793,0.1608189046382904,0.6424905061721802,-0.04802693426609039,0.22979937493801117,0.5509780049324036,-0.09538041055202484,0.2797641158103943,0.4904618561267853,-0.12038324028253555,0.3178946375846863,0.44215303659439087,-0.12944011390209198,0.10431359708309174,0.6460558176040649,-0.06768251955509186,0.17019669711589813,0.6724919080734253,-0.12889572978019714,0.1927618682384491,0.7606582641601562,-0.13944779336452484,0.2030373066663742,0.824096143245697,-0.1282019168138504,0.05141562223434448,0.682697594165802,-0.08823888748884201,0.10710600018501282,0.7242016792297363,-0.1333969682455063,0.14874295890331268,0.7897810339927673,-0.13717973232269287,0.17773251235485077,0.844121515750885,-0.12753577530384064
0.06320331245660782,0.9083544611930847,1.005773128781584e-06,0.14960762858390808,0.8824955224990845,-0.016007477417588234,0.23175600171089172,0.8245776295661926,-0.0328163243830204,0.298383891582489,0.7997778654098511,-0.055726781487464905,0.3599797487258911,0.8060369491577148,-0.07801470905542374,0.21053358912467957,0.671806812286377,-0.029002178460359573,0.26158884167671204,0.5775878429412842,-0.0644809827208519,0.29223504662513733,0.5138545632362366,-0.08258099108934402,0.3146728277206421,0.4577501714229584,-0.09318893402814865,0.16303013265132904,0.6415992379188538,-0.04760248586535454,0.23207464814186096,0.5507027506828308,-0.09544070065021515,0.2818770408630371,0.4892541766166687,-0.1210024282336235,0.3201974630355835,0.4394803047180176,-0.13062909245491028,0.10655412077903748,0.6447293162345886,-0.06778573989868164,0.173405721783638,0.6678692698478699,-0.12954488396644592,0.19524766504764557,0.7573251128196716,-0.1401340663433075,0.20504185557365417,0.8217992782592773,-0.12892445921897888,0.052901074290275574,0.6807807087898254,-0.08883866667747498,0.10848269611597061,0.7218858599662781,-0.1346704512834549,0.1499347686767578,0.7876771092414856,-0.13890913128852844,0.17876878380775452,0.8416387438774109,-0.12959350645542145
0.06672043353319168,0.9150843024253845,1.0522438742555096e-06,0.14948147535324097,0.8880951404571533,-0.015009461902081966,0.23126338422298431,0.8266189694404602,-0.032176416367292404,0.2976692318916321,0.7987706065177917,-0.05573776736855507,0.36054444313049316,0.8061461448669434,-0.07808294147253036,0.212560772895813,0.6722474694252014,-0.027784230187535286,0.2659861147403717,0.5772645473480225,-0.06314277648925781,0.29838547110557556,0.5133781433105469,-0.08096888661384583,0.32086896896362305,0.4570378363132477,-0.09163355827331543,0.16443032026290894,0.6426543593406677,-0.04742256924510002,0.23779447376728058,0.548560619354248,-0.09747633337974548,0.287970632314682,0.486497163772583,-0.12358861416578293,0.3242946267127991,0.43642351031303406,-0.13310857117176056,0.10757720470428467,0.645583987236023,-0.06838132441043854,0.18012286722660065,0.6661872863769531,-0.13130149245262146,0.19690731167793274,0.7602611780166626,-0.13851091265678406,0.20095889270305634,0.8261479735374451,-0.12428289651870728,0.05471836030483246,0.6806700825691223,-0.09026125073432922,0.11714968830347061,0.7205359935760498,-0.13643814623355865,0.15712574124336243,0.7885267734527588,-0.13868048787117004,0.18294081091880798,0.8403805494308472,-0.12744399905204773
0.061986953020095825,0.9206178188323975,9.396660516358679e-07,0.14890173077583313,0.8874349594116211,-0.012745809741318226,0.22684979438781738,0.818777322769165,-0.02838112786412239,0.2912241816520691,0.7843397855758667,-0.050484322011470795,0.35198089480400085,0.7794800400733948,-0.07207318395376205,0.20764797925949097,0.6758185029029846,-0.02589227259159088,0.26548102498054504,0.5923374891281128,-0.05997813120484352,0.2992171347141266,0.5362051129341125,-0.07816802710294724,0.325325071811676,0.48677584528923035,-0.08882221579551697,0.16044089198112488,0.6473532319068909,-0.04397009313106537,0.23633790016174316,0.5691617727279663,-0.09029851108789444,0.28628450632095337,0.5157846212387085,-0.11408951878547668,0.32500821352005005,0.4713294804096222,-0.12320225685834885,0.10483657568693161,0.6494640111923218,-0.06328684091567993,0.1779668629169464,0.6706052422523499,-0.12117404490709305,0.18906420469284058,0.7638025283813477,-0.12645457684993744,0.1894134283065796,0.830452024936676,-0.11278412491083145,0.05332861840724945,0.6832951307296753,-0.08347204327583313,0.11333588510751724,0.7135433554649353,-0.12606646120548248,0.15046074986457825,0.7746306657791138,-0.1272064745426178,0.1755329668521881,0.8239225149154663,-0.1162247508764267
0.06209102272987366,0.9431419372558594,6.145586439743056e-07,0.14684554934501648,0.8881381750106812,-0.00360258505679667,0.21623346209526062,0.8074606657028198,-0.011035113595426083,0.27157607674598694,0.7599020600318909,-0.025850441306829453,0.32686910033226013,0.7400692701339722,-0.04041320085525513,0.1862318217754364,0.6782322525978088,0.0001020033159875311,0.2357410341501236,0.6273718476295471,-0.02589445933699608,0.2722669839859009,0.6063225269317627,-0.04300455003976822,0.3050379455089569,0.5910764932632446,-0.05238686129450798,0.1432444155216217,0.6540955305099487,-0.015331984497606754,0.20776119828224182,0.6086658239364624,-0.04394957423210144,0.2532017230987549,0.5937502980232239,-0.05748945102095604,0.2913605570793152,0.5859285593032837,-0.061992891132831573,0.0967794880270958,0.6549204587936401,-0.03371534124016762,0.1667511761188507,0.6856555938720703,-0.07642544060945511,0.1734599471092224,0.7700918912887573,-0.07958761602640152,0.17057760059833527,0.8354405164718628,-0.06831610947847366,0.05214080214500427,0.6835336685180664,-0.05276033654808998,0.11036307364702225,0.7119008898735046,-0.08435904234647751,0.14452460408210754,0.7656763792037964,-0.08491358906030655,0.16861945390701294,0.8151752352714539,-0.0757468119263649
0.05947086215019226,0.9272640943527222,6.643596748290292e-07,0.14404870569705963,0.8835936188697815,-0.005238593090325594,0.21590691804885864,0.8057965636253357,-0.013135728426277637,0.26947516202926636,0.7604329586029053,-0.026657432317733765,0.32604557275772095,0.7436844110488892,-0.03999525308609009,0.18558980524539948,0.6768446564674377,-0.005887366831302643,0.23165833950042725,0.6302891969680786,-0.03042655810713768,0.26627781987190247,0.6067283153533936,-0.046062368899583817,0.29633134603500366,0.5904724597930908,-0.05494645610451698,0.1417563557624817,0.6520818471908569,-0.019511397927999496,0.20527860522270203,0.6126991510391235,-0.04593398794531822,0.24998518824577332,0.6020818948745728,-0.0578189380466938,0.28745561838150024,0.5948878526687622,-0.061590276658535004,0.09313865005970001,0.6530638337135315,-0.0354497991502285,0.16747401654720306,0.6835263967514038,-0.07505695521831512,0.1774575561285019,0.7650183439254761,-0.07730739563703537,0.177127406001091,0.8241851925849915,-0.06676538288593292,0.0468551442027092,0.6814113259315491,-0.05200670287013054,0.10706479847431183,0.7134952545166016,-0.08289110660552979,0.14278696477413177,0.7668918967247009,-0.08323169499635696,0.16663974523544312,0.8119431138038635,-0.07426539808511734
0.058470793068408966,0.9381487965583801,1.6522891144177265e-07,0.13852648437023163,0.8887292742729187,-0.0006231524748727679,0.20993825793266296,0.8024385571479797,-0.006675636861473322,0.26231229305267334,0.749269962310791,-0.01831996440887451,0.3174629211425781,0.7271085977554321,-0.03007252886891365,0.16193929314613342,0.6587344408035278,-0.0009654790046624839,0.21995088458061218,0.6347363591194153,-0.02445029467344284,0.26469144225120544,0.6462662220001221,-0.041061170399188995,0.30173739790916443,0.6662527322769165,-0.0517408512532711,0.11733241379261017,0.6388464570045471,-0.014497794210910797,0.1902521848678589,0.6564602851867676,-0.041191816329956055,0.20004865527153015,0.7283656597137451,-0.04913996532559395,0.19878728687763214,0.7742476463317871,-0.050370849668979645,0.07641541957855225,0.648303747177124,-0.03015315905213356,0.1524059921503067,0.687508761882782,-0.06435175240039825,0.1588403880596161,0.7681751251220703,-0.06384413689374924,0.1556447148323059,0.8205442428588867,-0.05562659725546837,0.038628511130809784,0.6831609606742859,-0.04609109088778496,0.1023736298084259,0.7175637483596802,-0.0755324438214302,0.137555792927742,0.7767040133476257,-0.07784676551818848,0.16016456484794617,0.8215839862823486,-0.0720711499452591
0.0548129603266716,0.9352063536643982,5.917780185882293e-07,0.13820315897464752,0.8929864168167114,-0.0026949583552777767,0.2094143033027649,0.8088313341140747,-0.010021738708019257,0.2589816153049469,0.7523490786552429,-0.023680858314037323,0.313948392868042,0.7255824208259583,-0.03796730935573578,0.17366185784339905,0.6639263033866882,0.0017607626505196095,0.2343313992023468,0.6550847887992859,-0.02522396668791771,0.28273582458496094,0.6760733723640442,-0.046142578125,0.3240942358970642,0.7057322263717651,-0.05916465073823929,0.13046476244926453,0.6418079733848572,-0.013762164860963821,0.21467216312885284,0.6416515111923218,-0.0429069958627224,0.26946401596069336,0.6755297780036926,-0.05934498831629753,0.3091232180595398,0.7097375988960266,-0.06595632433891296,0.08346234261989594,0.6496013402938843,-0.03166439011693001,0.16771730780601501,0.6863730549812317,-0.07057385891675949,0.17183072865009308,0.7710707187652588,-0.07519792020320892,0.16480699181556702,0.8289995193481445,-0.06818903982639313,0.03794323652982712,0.683927059173584,-0.04998603090643883,0.10914529860019684,0.7270758152008057,-0.08408414572477341,0.1440052092075348,0.7893144488334656,-0.08645058423280716,0.16384629905223846,0.8360592722892761,-0.07883596420288086
0.045807890594005585,0.9333508610725403,6.513984658340632e-07,0.12457209080457687,0.9009369015693665,-0.006309096235781908,0.20138873159885406,0.8162892460823059,-0.014676829800009727,0.25601160526275635,0.7601300477981567,-0.028358303010463715,0.30979859828948975,0.7301079630851746,-0.04258623719215393,0.17343588173389435,0.6721067428588867,-0.0031967367976903915,0.23714777827262878,0.6679477095603943,-0.031323499977588654,0.287416934967041,0.6870201826095581,-0.05296460539102554,0.3310416042804718,0.7120362520217896,-0.0668097734451294,0.12959180772304535,0.6481199264526367,-0.01809472031891346,0.21244242787361145,0.6455934643745422,-0.049974482506513596,0.2713238000869751,0.6817060708999634,-0.06669674068689346,0.3149266242980957,0.7183161377906799,-0.07301905751228333,0.08110395073890686,0.6565866470336914,-0.03542594239115715,0.1638750433921814,0.6915920376777649,-0.07856202125549316,0.1702553778886795,0.7833749651908875,-0.08162019401788712,0.16500021517276764,0.846670389175415,-0.07243909686803818,0.034428566694259644,0.694735586643219,-0.053351279348134995,0.10429388284683228,0.7332878112792969,-0.0914735272526741,0.14116519689559937,0.7983877062797546,-0.09305627644062042,0.16202542185783386,0.8481665253639221,-0.08420897275209427
0.03668095916509628,0.9384815692901611,6.771463745280926e-07,0.11871407181024551,0.9068869948387146,-0.003380903974175453,0.19811365008354187,0.8202377557754517,-0.010094895958900452,0.24812592566013336,0.7621926665306091,-0.02279694192111492,0.30449289083480835,0.7366463541984558,-0.03637145459651947,0.15984654426574707,0.673582136631012,-0.002914947923272848,0.22153645753860474,0.6604229211807251,-0.02976297400891781,0.2709686756134033,0.6703904867172241,-0.048458948731422424,0.31240493059158325,0.6882357597351074,-0.05994778499007225,0.11672437191009521,0.6518446803092957,-0.01903664506971836,0.20301499962806702,0.6487894654273987,-0.04834608733654022,0.2606206238269806,0.6685155630111694,-0.06315331906080246,0.3035721182823181,0.6877955198287964,-0.06931082159280777,0.07029236108064651,0.6617443561553955,-0.03752904757857323,0.15772542357444763,0.6975120306015015,-0.08180191367864609,0.16490517556667328,0.788321852684021,-0.08676856756210327,0.16086766123771667,0.8520748019218445,-0.0785558819770813,0.027240164577960968,0.7021943926811218,-0.055946752429008484,0.09766693413257599,0.7344053983688354,-0.096078060567379,0.13746103644371033,0.7980971336364746,-0.10017925500869751,0.1625734567642212,0.8510891199111938,-0.09294597804546356
0.03509487211704254,0.9433530569076538,8.120044867609977e-07,0.11313524842262268,0.9219626188278198,-0.01084264274686575,0.1937853991985321,0.8386353254318237,-0.020794251933693886,0.25022122263908386,0.7839057445526123,-0.03574731573462486,0.3103763461112976,0.7595919370651245,-0.05170624330639839,0.1662590652704239,0.6940459609031677,-0.008310725912451744,0.22424687445163727,0.6638761162757874,-0.039673812687397,0.2698805332183838,0.639988899230957,-0.06158475577831268,0.30992019176483154,0.6260340213775635,-0.07549843937158585,0.12200962007045746,0.6693549752235413,-0.02263910137116909,0.1942392885684967,0.6397017240524292,-0.05831434950232506,0.24939948320388794,0.6316436529159546,-0.07775378227233887,0.29667869210243225,0.6271312236785889,-0.08694086223840714,0.07245823740959167,0.6729108095169067,-0.04036788269877434,0.15416666865348816,0.6887446045875549,-0.09150515496730804,0.17233096063137054,0.7737529873847961,-0.10040386766195297,0.18028870224952698,0.836970329284668,-0.09416685253381729,0.025233343243598938,0.708591103553772,-0.058550890535116196,0.09375558793544769,0.7367896437644958,-0.10440575331449509,0.13600829243659973,0.7935178875923157,-0.11345859616994858,0.16635307669639587,0.8396769165992737,-0.1098981499671936
0.04088827222585678,0.9403835535049438,1.023004415401374e-06,0.11774832755327225,0.9213638305664062,-0.013190980069339275,0.20150750875473022,0.8449974060058594,-0.03020474873483181,0.2633920907974243,0.7986232042312622,-0.05278140679001808,0.3293301463127136,0.7894434928894043,-0.07772797346115112,0.17211224138736725,0.6989817023277283,-0.03214041888713837,0.23016324639320374,0.6365554332733154,-0.07401851564645767,0.2720656394958496,0.5856726169586182,-0.09954418241977692,0.30582934617996216,0.5440158247947693,-0.11586583405733109,0.12407023459672928,0.6779475808143616,-0.05261104926466942,0.2002887725830078,0.6118518710136414,-0.1019175797700882,0.2581329345703125,0.5712383985519409,-0.1274040937423706,0.3050917983055115,0.5336244106292725,-0.13993623852729797,0.0695069283246994,0.688045084476471,-0.0751790851354599,0.15541762113571167,0.6779200434684753,-0.1389937847852707,0.17889073491096497,0.7608551383018494,-0.14872539043426514,0.18817348778247833,0.8209334015846252,-0.1406109482049942,0.018804475665092468,0.7328289747238159,-0.09781721979379654,0.0881289690732956,0.7379910945892334,-0.1507311314344406,0.13375738263130188,0.7889033555984497,-0.1584952175617218,0.16613806784152985,0.8338580131530762,-0.1533418595790863
0.056085482239723206,0.9400227665901184,1.148802198258636e-06,0.1309853345155716,0.9219884872436523,-0.015691431239247322,0.2118815779685974,0.8443511128425598,-0.03183424472808838,0.2758111357688904,0.8052285313606262,-0.0542941689491272,0.33926770091056824,0.8086103200912476,-0.07798358798027039,0.1868160218000412,0.6915145516395569,-0.02732580341398716,0.2412596046924591,0.5954226851463318,-0.06596576422452927,0.27528029680252075,0.5242239236831665,-0.08740168064832687,0.300367534160614,0.4645417630672455,-0.10030514746904373,0.13877587020397186,0.6696175932884216,-0.047154758125543594,0.21279272437095642,0.5744149088859558,-0.09470491111278534,0.265724241733551,0.5097987651824951,-0.11936075240373611,0.3066819906234741,0.45077937841415405,-0.12890638411045074,0.08320765197277069,0.6790952682495117,-0.06935479491949081,0.1605418175458908,0.6691502928733826,-0.13382884860038757,0.18203194439411163,0.7565733790397644,-0.14408352971076965,0.19044046103954315,0.8204208612442017,-0.1326669305562973,0.028161145746707916,0.7214148640632629,-0.09201869368553162,0.09103154391050339,0.7362068295478821,-0.14302930235862732,0.13472537696361542,0.787581205368042,-0.14867404103279114,0.16656900942325592,0.8305255174636841,-0.14010575413703918
0.04846249520778656,0.9571589231491089,1.0547497595325694e-06,0.12834163010120392,0.9330577850341797,-0.016917334869503975,0.21242573857307434,0.8602012991905212,-0.0353018157184124,0.27841249108314514,0.8248540759086609,-0.059712525457143784,0.3425174057483673,0.8330416679382324,-0.08520057797431946,0.1802958846092224,0.6925702095031738,-0.031947750598192215,0.22741234302520752,0.5795764327049255,-0.06886222213506699,0.25599610805511475,0.5041056871414185,-0.09043503552675247,0.2751869261264801,0.43985551595687866,-0.10489318519830704,0.12950755655765533,0.6781825423240662,-0.05417918786406517,0.1944105625152588,0.5612503290176392,-0.10022696107625961,0.24138113856315613,0.48328304290771484,-0.12749363481998444,0.27450597286224365,0.4187207520008087,-0.141339510679245,0.07242798060178757,0.6978137493133545,-0.0785970389842987,0.143921360373497,0.671211838722229,-0.14111216366291046,0.18132424354553223,0.741870105266571,-0.15840858221054077,0.20119649171829224,0.7987842559814453,-0.1556635946035385,0.01891067624092102,0.7506281733512878,-0.10366757959127426,0.0819096490740776,0.7555670142173767,-0.15452885627746582,0.1314924657344818,0.7972272634506226,-0.16518355906009674,0.16853560507297516,0.836139440536499,-0.16333183646202087
0.024497687816619873,0.948273241519928,1.0277017281623557e-06,0.11980820447206497,0.9290304183959961,-0.013735869899392128,0.20651619136333466,0.8649096488952637,-0.03287174925208092,0.2740088105201721,0.8390802145004272,-0.059121258556842804,0.33679771423339844,0.845623254776001,-0.08775332570075989,0.17904488742351532,0.6914711594581604,-0.03906838968396187,0.2246554046869278,0.5703957080841064,-0.07825493067502975,0.24524351954460144,0.49203768372535706,-0.0996275395154953,0.25842100381851196,0.42614659667015076,-0.11506719887256622,0.12618425488471985,0.6796988248825073,-0.06663787364959717,0.18379023671150208,0.5474274158477783,-0.1177637055516243,0.22748935222625732,0.4577048122882843,-0.14935246109962463,0.2590257227420807,0.3886599540710449,-0.16780254244804382,0.06572280824184418,0.7051234841346741,-0.09600161761045456,0.13513915240764618,0.6556128263473511,-0.16885319352149963,0.17950698733329773,0.7290276885032654,-0.19527101516723633,0.2057889997959137,0.793194055557251,-0.19879838824272156,0.009295657277107239,0.7606351375579834,-0.12460067123174667,0.07376427948474884,0.7647924423217773,-0.19140632450580597,0.12818342447280884,0.8080505132675171,-0.21447734534740448,0.16930313408374786,0.846929669380188,-0.2212069034576416
0.02550312876701355,0.9337788820266724,6.728738526362577e-07,0.11981552094221115,0.9293637275695801,-0.008014922961592674,0.20183119177818298,0.8692537546157837,-0.010341005399823189,0.2714157700538635,0.8486934304237366,-0.017136510461568832,0.33504414558410645,0.8624788522720337,-0.02740013413131237,0.18790769577026367,0.67686527967453,0.012195222079753876,0.22844016551971436,0.568697988986969,0.006233925931155682,0.24910005927085876,0.49695372581481934,-0.003331352025270462,0.2624175548553467,0.4360920190811157,-0.013753619976341724,0.15241852402687073,0.660536527633667,-0.006780065130442381,0.19730310142040253,0.5299142003059387,-0.011631800793111324,0.22515751421451569,0.44261687994003296,-0.028909573331475258,0.2454378306865692,0.37384089827537537,-0.04379216954112053,0.10688670724630356,0.6701535582542419,-0.028922060504555702,0.16149203479290009,0.5536341071128845,-0.05125851929187775,0.20440664887428284,0.48520347476005554,-0.0829784944653511,0.23687933385372162,0.4303126633167267,-0.10768790543079376,0.0585104376077652,0.7052744030952454,-0.05131411552429199,0.11732038855552673,0.692333459854126,-0.08657000213861465,0.1557980328798294,0.7357805967330933,-0.10496410727500916,0.18270403146743774,0.7813215851783752,-0.11668965220451355
0.04080703854560852,0.9698382616043091,6.790826319047483e-07,0.11818839609622955,0.949272632598877,-0.028360044583678246,0.1982666552066803,0.886536180973053,-0.04342314228415489,0.26758283376693726,0.8614729642868042,-0.05823518708348274,0.33151859045028687,0.869088888168335,-0.07594242691993713,0.17972782254219055,0.6891456842422485,-0.01897510513663292,0.22029441595077515,0.5776768326759338,-0.039129894226789474,0.24196189641952515,0.5039510726928711,-0.05871452018618584,0.2573963403701782,0.44134214520454407,-0.07519739121198654,0.13477852940559387,0.6747840046882629,-0.03086795099079609,0.1794966459274292,0.5431877374649048,-0.04872181639075279,0.20930515229701996,0.4510341286659241,-0.07296756654977798,0.23301953077316284,0.37721315026283264,-0.09182744473218918,0.08323685824871063,0.690986156463623,-0.04681666940450668,0.12970666587352753,0.5704723596572876,-0.076939158141613,0.1747710108757019,0.4929972290992737,-0.10878793150186539,0.21285438537597656,0.43060532212257385,-0.13215462863445282,0.02747674286365509,0.7328394651412964,-0.0642879530787468,0.052480340003967285,0.6911367177963257,-0.10102895647287369,0.07996787130832672,0.707557737827301,-0.11688480526208878,0.1012955978512764,0.7304053902626038,-0.12630869448184967
-0.0006038695573806763,1.0430631637573242,5.704809495910013e-07,0.07492580264806747,1.0177347660064697,-0.03843460604548454,0.1476835310459137,0.9614266157150269,-0.07592089474201202,0.21215897798538208,0.9168849587440491,-0.11199871450662613,0.27486345171928406,0.8650512099266052,-0.15286043286323547,0.11797422915697098,0.7925363183021545,-0.07897339016199112,0.1680646389722824,0.668942928314209,-0.1301533728837967,0.20517632365226746,0.6096115708351135,-0.16874100267887115,0.2376401126384735,0.5640605688095093,-0.1971660852432251,0.07166139781475067,0.7913253307342529,-0.09414978325366974,0.09873990714550018,0.6768407821655273,-0.1466716080904007,0.14351138472557068,0.6590165495872498,-0.18524032831192017,0.18210193514823914,0.6571930646896362,-0.21450811624526978,0.015990138053894043,0.8217938542366028,-0.1120801791548729,0.02887934446334839,0.7334230542182922,-0.16153168678283691,0.06895367801189423,0.7097207307815552,-0.1894514411687851,0.10434825718402863,0.6991250514984131,-0.21036040782928467,-0.04041224718093872,0.8753139972686768,-0.13189809024333954,-0.047158047556877136,0.8089839220046997,-0.17446956038475037,-0.02394050359725952,0.7865385413169861,-0.19237400591373444,-0.002620100975036621,0.7756236791610718,-0.20641617476940155
