0.42856356501579285,0.8621021509170532,-7.273803959151337e-08,0.45325160026550293,0.8024179935455322,0.0004896644968539476,0.44392910599708557,0.7188095450401306,-0.004528424236923456,0.41043713688850403,0.662816047668457,-0.008442241698503494,0.37690097093582153,0.6380842328071594,-0.01331724040210247,0.44357189536094666,0.7040978670120239,-0.028370507061481476,0.3984910845756531,0.630996823310852,-0.04093579575419426,0.3890845775604248,0.6348757743835449,-0.044471558183431625,0.3933340013027191,0.6577578186988831,-0.04420054703950882,0.4097985625267029,0.7299811840057373,-0.03457524627447128,0.35509905219078064,0.6409305930137634,-0.044708095490932465,0.36031442880630493,0.6597592234611511,-0.04261171817779541,0.37317708134651184,0.6931449770927429,-0.03926011547446251,0.3749801814556122,0.762086808681488,-0.03861398994922638,0.32392552495002747,0.676207959651947,-0.0480981320142746,0.33569473028182983,0.6991419196128845,-0.03780849650502205,0.3505418598651886,0.7306447625160217,-0.02904064953327179,0.3417796492576599,0.7980733513832092,-0.041249822825193405,0.30644866824150085,0.7287366390228271,-0.050088491290807724,0.31760692596435547,0.7463971972465515,-0.0404234305024147,0.33051440119743347,0.7725751399993896,-0.031150290742516518
0.43561607599258423,0.8773127794265747,5.679065395725047e-08,0.46420371532440186,0.8142144680023193,0.0014360431814566255,0.45848074555397034,0.725121021270752,-0.005171666387468576,0.42563819885253906,0.6660377383232117,-0.010780570097267628,0.39329761266708374,0.6357159614562988,-0.019028065726161003,0.46259674429893494,0.7043926119804382,-0.03744696080684662,0.423971027135849,0.60889732837677,-0.05100131034851074,0.39791685342788696,0.5552138090133667,-0.052937909960746765,0.37633705139160156,0.5171228647232056,-0.053191810846328735,0.42286255955696106,0.730150043964386,-0.046161167323589325,0.37025776505470276,0.6231235265731812,-0.06339342892169952,0.3752566874027252,0.6493663191795349,-0.05873960256576538,0.3890809714794159,0.6875195503234863,-0.05094192922115326,0.38424152135849,0.7618129253387451,-0.0514947734773159,0.3364293873310089,0.6661569476127625,-0.06585770100355148,0.3470952808856964,0.6940877437591553,-0.051095373928546906,0.3632952570915222,0.7276796102523804,-0.03718305006623268,0.3482484519481659,0.7961838245391846,-0.055413756519556046,0.3147335946559906,0.7146958112716675,-0.06547993421554565,0.32651564478874207,0.7344188690185547,-0.052374906837940216,0.3406168520450592,0.7639055848121643,-0.039665691554546356
0.4386128783226013,0.8944955468177795,-2.027767465051511e-08,0.4654812216758728,0.8206796646118164,0.003584507619962096,0.4601908028125763,0.7273796796798706,-0.0028518037870526314,0.4306105971336365,0.6631457209587097,-0.009117142297327518,0.3981660306453705,0.6292768120765686,-0.017472272738814354,0.4650278091430664,0.7073560953140259,-0.03341525048017502,0.4312633275985718,0.6056792140007019,-0.049174800515174866,0.4077199697494507,0.5542688369750977,-0.05252940580248833,0.38922905921936035,0.5176590085029602,-0.05342968553304672,0.42657551169395447,0.7305311560630798,-0.04409417510032654,0.3756325840950012,0.6253540515899658,-0.06313543021678925,0.3781191408634186,0.6578975319862366,-0.057821307331323624,0.39252039790153503,0.6946725845336914,-0.04964904114603996,0.3881511688232422,0.7610301971435547,-0.05201667547225952,0.3433629870414734,0.6692301630973816,-0.06890348345041275,0.3515670895576477,0.7032061219215393,-0.052648983895778656,0.3666161596775055,0.7351290583610535,-0.03739827498793602,0.35275623202323914,0.7946389317512512,-0.05850732699036598,0.32184284925460815,0.7165608406066895,-0.06853596866130829,0.33192503452301025,0.740100622177124,-0.053758375346660614,0.3446352183818817,0.7683097124099731,-0.039968885481357574
0.44389912486076355,0.9121875762939453,1.707711838605519e-08,0.47245994210243225,0.8335419297218323,0.009905671700835228,0.46744731068611145,0.7469407320022583,0.007727772928774357,0.43858808279037476,0.6970680952072144,0.003381794085726142,0.4052717089653015,0.6774729490280151,-0.0033266774844378233,0.4698220491409302,0.7072222828865051,-0.018633786588907242,0.4437267482280731,0.6028292179107666,-0.029487844556570053,0.4284572899341583,0.5467625260353088,-0.03130408003926277,0.4171118438243866,0.505066454410553,-0.03170042484998703,0.42959773540496826,0.7241167426109314,-0.031155215576291084,0.38950446248054504,0.6267125606536865,-0.04352211207151413,0.3914261758327484,0.6591299176216125,-0.037420425564050674,0.4043092429637909,0.6943516731262207,-0.029666414484381676,0.39152705669403076,0.7521595358848572,-0.04094245284795761,0.3612893521785736,0.6756317615509033,-0.049934450536966324,0.3670716881752014,0.70771324634552,-0.0344248041510582,0.3783314526081085,0.7361815571784973,-0.021570317447185516,0.35697996616363525,0.7851243615150452,-0.04942743480205536,0.33821940422058105,0.7149812579154968,-0.05130578950047493,0.3462439477443695,0.7379989624023438,-0.03438934311270714,0.3549332916736603,0.7650186419487,-0.020380867645144463
0.45006051659584045,0.917721152305603,1.4408526816112044e-08,0.48023930191993713,0.837597668170929,0.01221457403153181,0.4772411584854126,0.7537442445755005,0.011555870994925499,0.45137819647789,0.7038939595222473,0.008006229065358639,0.41871485114097595,0.6859753727912903,0.0021053303498774767,0.4765523076057434,0.7122972011566162,-0.012808035127818584,0.45435357093811035,0.6057929992675781,-0.022124096751213074,0.4397786259651184,0.5509171485900879,-0.023160919547080994,0.42817023396492004,0.5113627314567566,-0.02291368693113327,0.43647098541259766,0.7269102931022644,-0.025637168437242508,0.39839720726013184,0.6291353106498718,-0.036422330886125565,0.400061696767807,0.657483696937561,-0.030494308099150658,0.41197946667671204,0.691006600856781,-0.022931387647986412,0.3982515037059784,0.7532024383544922,-0.035742200911045074,0.3702215254306793,0.6797012090682983,-0.04224316030740738,0.3762902021408081,0.7086461186408997,-0.027574600651860237,0.38703030347824097,0.7352752685546875,-0.01581573113799095,0.364361047744751,0.7840330600738525,-0.04456651583313942,0.34733685851097107,0.7201313376426697,-0.043879326432943344,0.3554573655128479,0.741719663143158,-0.027259452268481255,0.36347487568855286,0.7676928043365479,-0.013840959407389164
0.4648621678352356,0.9114890694618225,2.596457093773097e-08,0.4938036799430847,0.830621063709259,0.013472282327711582,0.49023911356925964,0.748883068561554,0.013337698765099049,0.462751567363739,0.7038200497627258,0.009623956866562366,0.4302821755409241,0.6883930563926697,0.0034064962528645992,0.48765841126441956,0.7064850330352783,-0.008927345275878906,0.46401268243789673,0.6034431457519531,-0.0169575996696949,0.45079195499420166,0.5504885315895081,-0.018097182735800743,0.4410269856452942,0.5116257071495056,-0.01831885799765587,0.4467359781265259,0.7224491238594055,-0.022174859419465065,0.4119323194026947,0.6286857724189758,-0.031769443303346634,0.41588500142097473,0.656196117401123,-0.02673548087477684,0.42836323380470276,0.6883430480957031,-0.020572056993842125,0.409423828125,0.7487502694129944,-0.03275296837091446,0.3848980963230133,0.6778764724731445,-0.037488363683223724,0.391397625207901,0.7051927447319031,-0.023540804162621498,0.4014482796192169,0.7315245270729065,-0.013290246948599815,0.37660741806030273,0.7786614298820496,-0.04208986088633537,0.36168861389160156,0.7164855599403381,-0.03966868668794632,0.37012889981269836,0.738489031791687,-0.02299862913787365,0.3777625858783722,0.7649267911911011,-0.010348954237997532
0.48144155740737915,0.9073675274848938,5.297845362406406e-08,0.5111879706382751,0.8254233002662659,0.013297246769070625,0.5074260830879211,0.7423829436302185,0.013570616953074932,0.48023444414138794,0.6962897181510925,0.010705208405852318,0.4478999376296997,0.6809808611869812,0.005354790948331356,0.5039984583854675,0.7013484835624695,-0.010256610810756683,0.4797932505607605,0.5963730216026306,-0.017324598506093025,0.46806928515434265,0.5406128764152527,-0.01755753718316555,0.45919567346572876,0.49830877780914307,-0.01719813235104084,0.46325474977493286,0.71592116355896,-0.022899795323610306,0.4276057481765747,0.6210598945617676,-0.032009582966566086,0.43242284655570984,0.6467095613479614,-0.0267505943775177,0.4454343020915985,0.6793563365936279,-0.02014589123427868,0.4260135889053345,0.7410628199577332,-0.032619476318359375,0.40119123458862305,0.6708905696868896,-0.03668305650353432,0.4085290729999542,0.6976884603500366,-0.023141050711274147,0.41932347416877747,0.724442720413208,-0.012987472116947174,0.3936197757720947,0.7706859707832336,-0.041043009608983994,0.3781019151210785,0.7086491584777832,-0.0380755253136158,0.38732436299324036,0.7303979396820068,-0.021711770445108414,0.3956568241119385,0.7570115327835083,-0.009124954231083393
0.497376948595047,0.903298556804657,3.098903889053872e-08,0.5279947519302368,0.8226776123046875,0.013167216442525387,0.5253003239631653,0.7394614219665527,0.013435762375593185,0.49850568175315857,0.6903102397918701,0.010593225248157978,0.4662197232246399,0.6734299659729004,0.005184499081224203,0.5210781097412109,0.6961165070533752,-0.010294483043253422,0.4966738224029541,0.5912353992462158,-0.017984168604016304,0.48492661118507385,0.5348025560379028,-0.018746545538306236,0.4767582416534424,0.4920729994773865,-0.01873703859746456,0.48062458634376526,0.7104945778846741,-0.022800195962190628,0.443602591753006,0.6167171001434326,-0.03276987373828888,0.44707077741622925,0.6429299116134644,-0.027753734961152077,0.46024441719055176,0.6756455302238464,-0.021200887858867645,0.4431869089603424,0.7354771494865417,-0.03245757892727852,0.41612154245376587,0.6653411984443665,-0.03741736710071564,0.4225618839263916,0.6927729845046997,-0.023883553221821785,0.4341120719909668,0.719989001750946,-0.01355026476085186,0.4106144309043884,0.7652820348739624,-0.04084024205803871,0.3932395279407501,0.7052045464515686,-0.03868487477302551,0.40193527936935425,0.7273085117340088,-0.022852178663015366,0.41113409399986267,0.7536758780479431,-0.010519465431571007
0.5147663354873657,0.9068357944488525,2.5640639833568457e-08,0.5457910895347595,0.825694739818573,0.014697041362524033,0.5422548055648804,0.7424389123916626,0.016819776967167854,0.516219437122345,0.6942411661148071,0.015459313057363033,0.48399192094802856,0.6783231496810913,0.01156849879771471,0.539186954498291,0.6977841258049011,-0.005851040128618479,0.5145552158355713,0.5922819375991821,-0.012380877509713173,0.5044856071472168,0.5347046852111816,-0.013060612604022026,0.4977392554283142,0.49039143323898315,-0.013171710073947906,0.4993274509906769,0.7094393372535706,-0.018442003056406975,0.4621514081954956,0.6164131760597229,-0.027427954599261284,0.4653037190437317,0.6420878767967224,-0.0227737408131361,0.47804147005081177,0.6747406125068665,-0.01637800969183445,0.4618934690952301,0.7328993082046509,-0.02822997234761715,0.43419069051742554,0.6647409796714783,-0.031461991369724274,0.4396872818470001,0.6909672021865845,-0.018378950655460358,0.450865775346756,0.7173111438751221,-0.008654867298901081,0.4293200969696045,0.7619416117668152,-0.036830414086580276,0.412784606218338,0.7035408020019531,-0.03357989713549614,0.42022475600242615,0.7256873250007629,-0.01824924536049366,0.42853471636772156,0.7518131136894226,-0.0063811722211539745
0.5666368007659912,0.9145017266273499,-6.908162042407184e-09,0.6057732105255127,0.8332470655441284,0.01301902811974287,0.604522705078125,0.7462502717971802,0.012770751491189003,0.5768782496452332,0.6922556161880493,0.009952288120985031,0.5422706604003906,0.6713143587112427,0.004671087022870779,0.6036279201507568,0.6994419097900391,-0.014981762506067753,0.5877926349639893,0.5852378010749817,-0.024427110329270363,0.5782454013824463,0.5296410322189331,-0.025089235976338387,0.5714986324310303,0.4899926781654358,-0.024015096947550774,0.5609081983566284,0.7099412083625793,-0.026834402233362198,0.5304946303367615,0.6054790616035461,-0.034666188061237335,0.5315455198287964,0.634944498538971,-0.027225298807024956,0.5424220561981201,0.6700491905212402,-0.019077332690358162,0.5194543600082397,0.7320928573608398,-0.035695672035217285,0.49783557653427124,0.6507461667060852,-0.03956395387649536,0.5047277808189392,0.6829116940498352,-0.024422109127044678,0.5157768130302429,0.7133833765983582,-0.013003715313971043,0.48363497853279114,0.759465754032135,-0.04302496463060379,0.47151637077331543,0.6893210411071777,-0.04025476798415184,0.4814597964286804,0.7126516103744507,-0.022501720115542412,0.48988980054855347,0.7402538657188416,-0.00856870785355568
0.5808641314506531,0.9204887747764587,4.6677499199176964e-08,0.6204956769943237,0.8365041613578796,0.012306414544582367,0.6218641996383667,0.7474737763404846,0.009546959772706032,0.5960196256637573,0.693004310131073,0.0042528072372078896,0.5617402195930481,0.6709173917770386,-0.00385203561745584,0.6244333982467651,0.709979772567749,-0.02282887138426304,0.6078503131866455,0.5903671979904175,-0.03298234939575195,0.6024982333183289,0.5261980295181274,-0.0344780869781971,0.598358690738678,0.4776507616043091,-0.03477257117629051,0.5793370604515076,0.7200212478637695,-0.03573055565357208,0.5500906705856323,0.6142699122428894,-0.04634726420044899,0.552812933921814,0.6412466764450073,-0.0396832637488842,0.56305330991745,0.6776809692382812,-0.032820217311382294,0.535962700843811,0.7407833933830261,-0.04499868303537369,0.5172310471534729,0.6540713310241699,-0.04926278442144394,0.5229372978210449,0.6828571557998657,-0.03311802074313164,0.5316739082336426,0.7147697806358337,-0.021885035559535027,0.49815863370895386,0.7660068869590759,-0.0529780276119709,0.48892757296562195,0.688015878200531,-0.05048050731420517,0.49649471044540405,0.7091152667999268,-0.03269472345709801,0.5015125870704651,0.7389742732048035,-0.019274475052952766
0.5765112638473511,0.9696522355079651,7.78859714500868e-08,0.6215195655822754,0.8905074000358582,0.005314878653734922,0.6258620023727417,0.7975038886070251,-0.002669478300958872,0.598174512386322,0.7349088788032532,-0.01109435223042965,0.5621439814567566,0.7097844481468201,-0.022118862718343735,0.6230857372283936,0.7608726024627686,-0.03912556171417236,0.6174455881118774,0.6323319673538208,-0.05298907682299614,0.6154797673225403,0.5637108683586121,-0.056097690016031265,0.6114649176597595,0.510097861289978,-0.057647865265607834,0.576001763343811,0.7707486152648926,-0.04968077316880226,0.5488225817680359,0.6519671678543091,-0.06423337757587433,0.5544213652610779,0.680759847164154,-0.05773047357797623,0.5627313852310181,0.7203490734100342,-0.05060601234436035,0.5324916243553162,0.7912222743034363,-0.05622917041182518,0.5150092840194702,0.6899659633636475,-0.06331592053174973,0.5267734527587891,0.7156807780265808,-0.0457618273794651,0.5348474383354187,0.7505263090133667,-0.03317034989595413,0.4961870014667511,0.8157758116722107,-0.06180662289261818,0.4879067838191986,0.7317906022071838,-0.06182005628943443,0.5004308819770813,0.7490615248680115,-0.04388311877846718,0.5061699748039246,0.7781623601913452,-0.030034299939870834
0.5721082091331482,0.9904192686080933,1.7662748064140033e-07,0.6125431060791016,0.9046780467033386,0.006884841714054346,0.6138731241226196,0.8098955750465393,-0.0005161013104952872,0.5813716650009155,0.7596725225448608,-0.009471611119806767,0.5423629283905029,0.7442729473114014,-0.021270962432026863,0.6136692762374878,0.7837919592857361,-0.032783713191747665,0.6096249222755432,0.6564933657646179,-0.047485481947660446,0.6083545088768005,0.5897076725959778,-0.05107710510492325,0.6063632965087891,0.5363564491271973,-0.052578236907720566,0.5670275688171387,0.7967822551727295,-0.0457061342895031,0.5420689582824707,0.6679403185844421,-0.06387090682983398,0.5513068437576294,0.6969879269599915,-0.05998967960476875,0.5617508888244629,0.7396928071975708,-0.05289457365870476,0.523152232170105,0.8175849318504333,-0.05496399104595184,0.5059353709220886,0.7123368978500366,-0.06531332433223724,0.519594669342041,0.7416411638259888,-0.04897003620862961,0.527634859085083,0.7764438986778259,-0.03548785671591759,0.4856150150299072,0.8400080800056458,-0.06306444853544235,0.47873249650001526,0.7507257461547852,-0.06366554647684097,0.4923900365829468,0.7720581293106079,-0.04478157311677933,0.4970461130142212,0.8030170798301697,-0.029959021136164665
0.5589569807052612,1.0000795125961304,2.573821404894261e-07,0.595935583114624,0.9148054718971252,0.004672109615057707,0.5957586765289307,0.8179386258125305,-0.002944468054920435,0.5657960772514343,0.7647765874862671,-0.011639905162155628,0.5274873971939087,0.7464985847473145,-0.022687802091240883,0.5938194990158081,0.7919054627418518,-0.03218362107872963,0.5809184908866882,0.6702138185501099,-0.04539645090699196,0.5791675448417664,0.6099092960357666,-0.04912618547677994,0.5786355137825012,0.5660082101821899,-0.05042583867907524,0.5473588109016418,0.809582531452179,-0.04323085770010948,0.5215234160423279,0.6875277757644653,-0.05607093870639801,0.5343416333198547,0.697909951210022,-0.05218310281634331,0.5482147336006165,0.7271353602409363,-0.047775764018297195,0.5032216906547546,0.8333840370178223,-0.05106090381741524,0.4868602454662323,0.729081392288208,-0.05798542499542236,0.49950361251831055,0.7521166801452637,-0.0421949103474617,0.5079691410064697,0.7836385369300842,-0.0312200840562582,0.46607816219329834,0.8569149374961853,-0.05812006816267967,0.459716260433197,0.7699760794639587,-0.05765286087989807,0.4737977981567383,0.7889668345451355,-0.03963584825396538,0.4797900915145874,0.8186851143836975,-0.026552006602287292
0.5432881116867065,0.9556136131286621,3.8672953905916074e-07,0.5774126052856445,0.8960886001586914,-0.003336596302688122,0.5746337175369263,0.8065287470817566,-0.010551500134170055,0.5459312796592712,0.7491556406021118,-0.01482973899692297,0.5139267444610596,0.7201425433158875,-0.021538998931646347,0.5744799971580505,0.8015585541725159,-0.03994472697377205,0.5610201954841614,0.7132326364517212,-0.05053521692752838,0.5550001859664917,0.6558326482772827,-0.05306779965758324,0.5522404313087463,0.6163791418075562,-0.05383983999490738,0.5304996967315674,0.8164629936218262,-0.04407544434070587,0.49823880195617676,0.7086714506149292,-0.051522381603717804,0.5026214122772217,0.701439619064331,-0.046454381197690964,0.5128106474876404,0.721113383769989,-0.042341552674770355,0.4885020852088928,0.8380475640296936,-0.04511631280183792,0.4635082185268402,0.7452336549758911,-0.05209560692310333,0.4762294590473175,0.7603444457054138,-0.03949858993291855,0.48858991265296936,0.7916631698608398,-0.029862508177757263,0.4529508650302887,0.8623995780944824,-0.04518081620335579,0.4390873908996582,0.7814067602157593,-0.049805648624897,0.4504922926425934,0.7960105538368225,-0.03694629296660423,0.4589008688926697,0.8249629139900208,-0.026373710483312607
0.5442116260528564,0.999242901802063,2.2385937370472675e-07,0.5780469179153442,0.9140678644180298,0.004170520231127739,0.5736925005912781,0.8173479437828064,-0.0035371340345591307,0.5423596501350403,0.7609604001045227,-0.01162918284535408,0.5067178010940552,0.7371724247932434,-0.021198077127337456,0.5746558904647827,0.7970104813575745,-0.03391111642122269,0.5542314052581787,0.6720386147499084,-0.04719186946749687,0.5477529764175415,0.6135702133178711,-0.049603406339883804,0.544463574886322,0.5718381404876709,-0.049895990639925,0.5285705327987671,0.8178582191467285,-0.04420468956232071,0.49358949065208435,0.6911782026290894,-0.059717923402786255,0.5064162015914917,0.7071219086647034,-0.05519121512770653,0.5230108499526978,0.7437275648117065,-0.048881396651268005,0.4858705699443817,0.843267560005188,-0.05121239647269249,0.4632686972618103,0.7378376722335815,-0.05855552479624748,0.47866469621658325,0.7565372586250305,-0.042327944189310074,0.4899432063102722,0.7880979776382446,-0.030456621199846268,0.4502493143081665,0.866611897945404,-0.057511188089847565,0.4397351145744324,0.7789257168769836,-0.05743223428726196,0.45633554458618164,0.7923515439033508,-0.04043089598417282,0.4650178551673889,0.8203659057617188,-0.02772655338048935
0.5113921165466309,0.9555350542068481,2.729107109189499e-07,0.5402840375900269,0.8627232313156128,0.010546489618718624,0.5265867114067078,0.7755671739578247,0.008669738657772541,0.48860740661621094,0.7328658699989319,0.005138963460922241,0.4513169527053833,0.7250896692276001,-0.0007939122151583433,0.5146884322166443,0.7359278202056885,-0.01713414676487446,0.49039196968078613,0.6281879544258118,-0.022264234721660614,0.4767743945121765,0.5702815055847168,-0.021239308640360832,0.46481066942214966,0.5256106853485107,-0.02054411545395851,0.4708460569381714,0.7581666707992554,-0.026790589094161987,0.4346134066581726,0.6674851775169373,-0.03269948065280914,0.4447014629840851,0.6951479911804199,-0.024775460362434387,0.45949429273605347,0.7285477519035339,-0.01752384752035141,0.43416261672973633,0.7899160981178284,-0.032945480197668076,0.41408833861351013,0.7208717465400696,-0.033587757498025894,0.42832112312316895,0.7456005811691284,-0.01799740456044674,0.43880051374435425,0.7734774351119995,-0.0074768527410924435,0.4048270583152771,0.8239114284515381,-0.03793646767735481,0.3930448591709137,0.760617196559906,-0.03277041018009186,0.4080556035041809,0.779258668422699,-0.015065773390233517,0.41671228408813477,0.8042454123497009,-0.0018510085064917803
0.5112792253494263,0.9575807452201843,1.5695874822085898e-07,0.5400826334953308,0.8676652908325195,0.007310132961720228,0.5283095836639404,0.7795643210411072,0.00551658496260643,0.4908948540687561,0.7340413928031921,0.0028152577579021454,0.4528047442436218,0.7238468527793884,-0.0017148685874417424,0.5142323970794678,0.7356505393981934,-0.017088184133172035,0.4902591109275818,0.6259707808494568,-0.02200230211019516,0.4781303405761719,0.5671859383583069,-0.02058490365743637,0.46592283248901367,0.5233671069145203,-0.019442355260252953,0.4705462157726288,0.7570750713348389,-0.02465215139091015,0.43732950091362,0.6714287400245667,-0.029604438692331314,0.4495161175727844,0.6977530717849731,-0.0220499150454998,0.4633699059486389,0.7302526235580444,-0.015441346913576126,0.43381646275520325,0.7889198660850525,-0.029348641633987427,0.4148136377334595,0.7222030758857727,-0.030275318771600723,0.43078792095184326,0.7461674809455872,-0.01674993708729744,0.4415736198425293,0.7739178538322449,-0.008001264184713364,0.40402379631996155,0.8214731812477112,-0.033101875334978104,0.39460551738739014,0.7616170644760132,-0.028691589832305908,0.41046857833862305,0.7789279818534851,-0.013320566155016422,0.41897332668304443,0.8026336431503296,-0.0019929264672100544
0.508572518825531,0.9394769668579102,1.9558025599053508e-07,0.5377536416053772,0.8480431437492371,0.009694091975688934,0.524731457233429,0.7660773396492004,0.009172121062874794,0.48636680841445923,0.7223040461540222,0.007214656565338373,0.4497958719730377,0.7128065824508667,0.003951340913772583,0.5093989968299866,0.7156227827072144,-0.01064716000109911,0.48510417342185974,0.6081037521362305,-0.012449944391846657,0.47263196110725403,0.5527551174163818,-0.009653549641370773,0.4600740969181061,0.5115782022476196,-0.007661744020879269,0.46522822976112366,0.7378151416778564,-0.017390109598636627,0.43504559993743896,0.6596716642379761,-0.01867949217557907,0.44670942425727844,0.6850948929786682,-0.010787040926516056,0.46055352687835693,0.7148750424385071,-0.004322932567447424,0.4295610785484314,0.7690966725349426,-0.02109890803694725,0.416762113571167,0.7163066267967224,-0.01714867353439331,0.4310140907764435,0.7392439842224121,-0.0048098391853272915,0.44064468145370483,0.765304684638977,0.0022240648977458477,0.4014241397380829,0.7995317578315735,-0.02395801991224289,0.3979681134223938,0.7534211277961731,-0.014690669253468513,0.4125000536441803,0.7709658145904541,7.122782699298114e-05,0.4214021563529968,0.7925301194190979,0.01045971643179655
0.5087025761604309,0.9255203604698181,1.548516337379624e-07,0.5404736995697021,0.8354694843292236,0.009872988797724247,0.5288466811180115,0.7557095885276794,0.010787657462060452,0.4933498501777649,0.7123302221298218,0.010484036058187485,0.45883965492248535,0.7035140991210938,0.00887060072273016,0.5103088021278381,0.7031766772270203,-0.010199906304478645,0.4901631474494934,0.5978896021842957,-0.012021525762975216,0.4813826084136963,0.5446701049804688,-0.009181962348520756,0.4723808765411377,0.5062821507453918,-0.007021262776106596,0.46569257974624634,0.722481906414032,-0.01596110500395298,0.43716004490852356,0.6442704796791077,-0.01490805484354496,0.449224591255188,0.6684442162513733,-0.00585720082744956,0.4629773497581482,0.697153627872467,0.0007139947847463191,0.43145474791526794,0.7527725696563721,-0.018800605088472366,0.41814547777175903,0.7008674144744873,-0.012844557873904705,0.4328959882259369,0.7215582728385925,-0.0005894877249374986,0.44302380084991455,0.7463687062263489,0.0056944917887449265,0.4049944579601288,0.7835090160369873,-0.020884772762656212,0.401032030582428,0.739762008190155,-0.011123774573206902,0.4154038429260254,0.7561264038085938,0.002727116923779249,0.4241916537284851,0.7773135304450989,0.012191888876259327
0.5136635303497314,0.9070306420326233,1.3916667285229778e-07,0.5459175705909729,0.822443962097168,0.010350479744374752,0.5397066473960876,0.7442667484283447,0.0111888088285923,0.5047099590301514,0.6983523368835449,0.010824366472661495,0.4728730022907257,0.6844198107719421,0.009048297069966793,0.5168030858039856,0.6925345063209534,-0.010716887190937996,0.4988938271999359,0.5897347927093506,-0.013252956792712212,0.49066752195358276,0.53741455078125,-0.010342714376747608,0.4826776385307312,0.4995872974395752,-0.008121081627905369,0.4727909564971924,0.7096743583679199,-0.017463386058807373,0.4483782649040222,0.6269888281822205,-0.01915481500327587,0.461262971162796,0.6486977934837341,-0.010966595262289047,0.47441086173057556,0.6780808568000793,-0.004211118910461664,0.4389183521270752,0.737464427947998,-0.021178172901272774,0.42605385184288025,0.6805267333984375,-0.0179557204246521,0.44189921021461487,0.6977396607398987,-0.005466223228722811,0.45288941264152527,0.7222369313240051,0.0017416265327483416,0.41340821981430054,0.7669597864151001,-0.023913593962788582,0.40860578417778015,0.7227000594139099,-0.01623612456023693,0.4241718649864197,0.7366332411766052,-0.0024650096893310547,0.4329349100589752,0.7568433880805969,0.0073152887634932995
0.5268421173095703,0.9103355407714844,9.510787890576466e-08,0.5665894150733948,0.8305032849311829,0.01029607281088829,0.567266583442688,0.7484497427940369,0.014033829793334007,0.536483108997345,0.6960951685905457,0.016423355787992477,0.5030702352523804,0.681113064289093,0.017565220594406128,0.5473271608352661,0.6894375681877136,-0.0010004750220105052,0.5320143103599548,0.589651346206665,-0.0003733639314305037,0.5266768932342529,0.5334984660148621,0.0024603225756436586,0.5213944911956787,0.4887023866176605,0.003937441390007734,0.5039577484130859,0.6982867121696472,-0.007093477062880993,0.4828803241252899,0.6190968751907349,-0.006943731568753719,0.4929492175579071,0.6428082585334778,-6.352053605951369e-05,0.5049737691879272,0.6731427311897278,0.006479049101471901,0.4689515233039856,0.7218937873840332,-0.010661717504262924,0.4608670473098755,0.6708369255065918,-0.005677103064954281,0.47358807921409607,0.6922339797019958,0.004779135808348656,0.4826456308364868,0.7186244130134583,0.010801860131323338,0.4421730041503906,0.7484732866287231,-0.013558395206928253,0.4417467713356018,0.7088174223899841,-0.0045613632537424564,0.45431870222091675,0.7282099723815918,0.007778842002153397,0.4606098234653473,0.7519017457962036,0.01660899817943573
0.5287755131721497,0.9866069555282593,1.345075446579358e-07,0.5836892127990723,0.9117907881736755,0.0018252269364893436,0.5901257991790771,0.8137257099151611,-0.001338475733064115,0.5618088245391846,0.7450870871543884,-0.0026833019219338894,0.5309786796569824,0.7159205675125122,-0.005014057271182537,0.5779507756233215,0.782791018486023,-0.035185400396585464,0.5757088661193848,0.6493889689445496,-0.04113360121846199,0.5745877027511597,0.5855504870414734,-0.03673337772488594,0.5691520571708679,0.5379184484481812,-0.03315027430653572,0.527479887008667,0.7892954349517822,-0.04000292718410492,0.5159397125244141,0.6585468649864197,-0.04698096215724945,0.5328467488288879,0.6738697290420532,-0.0377747006714344,0.5442776679992676,0.7096531391143799,-0.02874673157930374,0.48549479246139526,0.8069902658462524,-0.04095982387661934,0.48739737272262573,0.7084325551986694,-0.04200102388858795,0.5059707760810852,0.7304438352584839,-0.026710569858551025,0.5119744539260864,0.7623072862625122,-0.016258349642157555,0.45417463779449463,0.8280105590820312,-0.041050463914871216,0.46159037947654724,0.7428983449935913,-0.03633793815970421,0.4781346321105957,0.7581458687782288,-0.020238537341356277,0.47961193323135376,0.7865957021713257,-0.008672897703945637
0.5191808938980103,1.0320342779159546,2.574268194166507e-07,0.568155825138092,0.9490259885787964,-0.0007407706580124795,0.5773032307624817,0.8506330847740173,-0.009337021969258785,0.5489253997802734,0.7854609489440918,-0.016351355239748955,0.5135288834571838,0.7509815692901611,-0.02514631301164627,0.5615466237068176,0.8264529705047607,-0.04513303562998772,0.5557077527046204,0.6920888423919678,-0.056907810270786285,0.5565440058708191,0.6249824166297913,-0.05767785757780075,0.5551784634590149,0.5748941898345947,-0.05719013884663582,0.5105536580085754,0.8355801105499268,-0.05148663744330406,0.504529595375061,0.7017653584480286,-0.062186870723962784,0.5265652537345886,0.7150539755821228,-0.05514456331729889,0.538654088973999,0.7527557611465454,-0.04854472726583481,0.4680192470550537,0.8545548319816589,-0.054103247821331024,0.470458984375,0.745339572429657,-0.05659538134932518,0.49186503887176514,0.7654147744178772,-0.03934182971715927,0.49839675426483154,0.7978110909461975,-0.028526995331048965,0.4360560178756714,0.8737730383872986,-0.05634947493672371,0.44300150871276855,0.7840442061424255,-0.052199311554431915,0.46277305483818054,0.7982656359672546,-0.03412216529250145,0.46562305092811584,0.8257013559341431,-0.021832991391420364
0.5176764726638794,1.0294876098632812,3.2636259561513725e-07,0.5697846412658691,0.9510953426361084,-0.0033901617862284184,0.581028163433075,0.849267303943634,-0.011676235124468803,0.5536853671073914,0.7825408577919006,-0.017908087000250816,0.5208597779273987,0.7529410719871521,-0.025661809369921684,0.5607477426528931,0.8248352408409119,-0.04455196112394333,0.5545056462287903,0.6890692114830017,-0.057580843567848206,0.5580716133117676,0.6183967590332031,-0.0594116747379303,0.5588884949684143,0.5651038885116577,-0.05969223380088806,0.5090824365615845,0.8337915539741516,-0.04935099557042122,0.5024746656417847,0.7016822099685669,-0.06306346505880356,0.5243363380432129,0.7181541919708252,-0.057788752019405365,0.5358777642250061,0.7589240074157715,-0.051565807312726974,0.46718326210975647,0.8523356318473816,-0.05071598291397095,0.468930184841156,0.7450481057167053,-0.05657871067523956,0.49065685272216797,0.7656539678573608,-0.04109381511807442,0.4979097247123718,0.800745964050293,-0.030386624857783318,0.43543922901153564,0.871967077255249,-0.05180022493004799,0.4418042302131653,0.7832819819450378,-0.051230836659669876,0.4626272916793823,0.7978527545928955,-0.03526542708277702,0.466499388217926,0.8277950882911682,-0.023662876337766647
0.49632054567337036,1.0540039539337158,2.742119420418021e-07,0.5483078956604004,0.972091555595398,-0.005036916583776474,0.5594761371612549,0.8668366074562073,-0.012995134107768536,0.5363844633102417,0.7893723845481873,-0.01866060495376587,0.5054101943969727,0.7443700432777405,-0.02510284259915352,0.5424463152885437,0.8531277179718018,-0.04204365238547325,0.5274100303649902,0.7199532985687256,-0.05450686812400818,0.5260629057884216,0.6512472629547119,-0.056719839572906494,0.5235368013381958,0.6013576984405518,-0.057024627923965454,0.4910638928413391,0.863670289516449,-0.04604306071996689,0.4819038510322571,0.7278385162353516,-0.0602593831717968,0.5042742490768433,0.7374032735824585,-0.057103369385004044,0.5164517164230347,0.7779760360717773,-0.05191778764128685,0.44835564494132996,0.881128191947937,-0.046846650540828705,0.44936251640319824,0.7663010954856873,-0.05115443840622902,0.4708707332611084,0.7810226082801819,-0.03589562699198723,0.47794613242149353,0.8171277642250061,-0.025548312813043594,0.4166727662086487,0.8973227739334106,-0.047938309609889984,0.42358672618865967,0.8091650605201721,-0.045939069241285324,0.44343820214271545,0.8195852041244507,-0.03076542355120182,0.44728270173072815,0.8493641018867493,-0.019973693415522575
0.4856773316860199,1.0648300647735596,2.8801238727282907e-07,0.5320465564727783,0.9792251586914062,-0.0054324776865541935,0.5347746014595032,0.87006014585495,-0.014952749013900757,0.503078043460846,0.7955225706100464,-0.022043172270059586,0.46871820092201233,0.7591385841369629,-0.029890965670347214,0.5195803046226501,0.8638274073600769,-0.04595871642231941,0.5064163208007812,0.7286217212677002,-0.05873173475265503,0.5004551410675049,0.6575363874435425,-0.060088250786066055,0.49215394258499146,0.6052302718162537,-0.060277894139289856,0.4673508405685425,0.878864586353302,-0.05039745196700096,0.45662224292755127,0.7498778700828552,-0.06491071730852127,0.47622495889663696,0.7628305554389954,-0.059788040816783905,0.4878219962120056,0.8019403219223022,-0.05410725250840187,0.4244346618652344,0.8991531133651733,-0.05156737193465233,0.4289149343967438,0.7871838808059692,-0.056940801441669464,0.4487766921520233,0.8040494918823242,-0.04004913195967674,0.45528364181518555,0.8387998938560486,-0.02905464544892311,0.392116904258728,0.9168579578399658,-0.052928414195775986,0.4002430737018585,0.8281393051147461,-0.051228009164333344,0.4193166494369507,0.8415396213531494,-0.035105716437101364,0.4226672351360321,0.8710660934448242,-0.02409985475242138
0.4775620102882385,1.059164047241211,2.582692957275867e-07,0.5146936774253845,0.9715579152107239,-0.0059422897174954414,0.5106476545333862,0.8635851740837097,-0.015416042879223824,0.47381165623664856,0.7909807562828064,-0.02356639690697193,0.4306105971336365,0.7638258337974548,-0.032488320022821426,0.49353963136672974,0.8555701971054077,-0.03510906547307968,0.4716518819332123,0.7352107167243958,-0.04934650659561157,0.46394190192222595,0.6660647392272949,-0.053388144820928574,0.4588429033756256,0.6147927641868591,-0.055160537362098694,0.44764450192451477,0.8784956932067871,-0.04005777835845947,0.4243718981742859,0.7667232155799866,-0.057922039180994034,0.4402541518211365,0.7818228006362915,-0.05565817281603813,0.45438864827156067,0.8193142414093018,-0.05065103620290756,0.4073679745197296,0.9058146476745605,-0.04282920062541962,0.39844244718551636,0.8114948868751526,-0.053643207997083664,0.41521647572517395,0.828170657157898,-0.03934340178966522,0.42406389117240906,0.8605718612670898,-0.027916330844163895,0.37588822841644287,0.929736316204071,-0.045793626457452774,0.37269946932792664,0.846549928188324,-0.04706411063671112,0.39015960693359375,0.8590604066848755,-0.03208402916789055,0.39677608013153076,0.8876342177391052,-0.020851388573646545
0.466939777135849,1.0487703084945679,2.118213302537697e-07,0.4983474016189575,0.9644660353660583,-0.0020800393540412188,0.490181565284729,0.8652693629264832,-0.007275229785591364,0.4582630693912506,0.7967501878738403,-0.011395999230444431,0.4205514192581177,0.7663289308547974,-0.016218505799770355,0.47446900606155396,0.8437255620956421,-0.027780117467045784,0.44744589924812317,0.7332784533500671,-0.037758003920316696,0.4316364824771881,0.6727818250656128,-0.03885365277528763,0.41738855838775635,0.6278376579284668,-0.03864241763949394,0.4296734035015106,0.8689737319946289,-0.03236778452992439,0.3926994502544403,0.7706902623176575,-0.04473317787051201,0.4055299460887909,0.7894213199615479,-0.039052125066518784,0.4217590093612671,0.8245238065719604,-0.03170531243085861,0.39050403237342834,0.9001140594482422,-0.03481055051088333,0.3702394366264343,0.8276697397232056,-0.041956521570682526,0.38581857085227966,0.8476902842521667,-0.02761385217308998,0.3976707458496094,0.8755273222923279,-0.016337227076292038,0.35940760374069214,0.9288630485534668,-0.03719744831323624,0.3515830636024475,0.8682180643081665,-0.03668634220957756,0.3666405975818634,0.8858553171157837,-0.0223745908588171,0.3757680654525757,0.9107597470283508,-0.011185668408870697
0.45267921686172485,1.0335021018981934,2.1800836691454606e-07,0.4839439392089844,0.9441980719566345,0.0009952170075848699,0.4719005525112152,0.8477378487586975,-0.000847489689476788,0.4343770146369934,0.7857036590576172,-0.0015099872834980488,0.39801162481307983,0.7589964866638184,-0.0022912754211574793,0.4594534635543823,0.8253421187400818,-0.020575569942593575,0.4286315441131592,0.7163931131362915,-0.025129253044724464,0.4108874797821045,0.6620721817016602,-0.02254205383360386,0.39472222328186035,0.6238831877708435,-0.02007894217967987,0.41419169306755066,0.8505309820175171,-0.024457288905978203,0.3811924457550049,0.7518414855003357,-0.03160867094993591,0.3969593048095703,0.7703312635421753,-0.024530278518795967,0.41383326053619385,0.8049966096878052,-0.016430392861366272,0.3761717975139618,0.8808431625366211,-0.026036882773041725,0.36399513483047485,0.8071839809417725,-0.027591951191425323,0.38174793124198914,0.8250821828842163,-0.014548400416970253,0.39254292845726013,0.8513142466545105,-0.005192428361624479,0.3457201421260834,0.9088318347930908,-0.027348944917321205,0.3465380072593689,0.8510313630104065,-0.023071499541401863,0.3626673221588135,0.8675938844680786,-0.010003738105297089,0.3696095645427704,0.891218900680542,-0.0003059541922993958
0.4527888894081116,0.9952510595321655,2.896569242238911e-07,0.48721444606781006,0.9038984775543213,0.005150478333234787,0.47724592685699463,0.8192658424377441,0.006986984983086586,0.44296708703041077,0.7703015208244324,0.008531748317182064,0.4123260974884033,0.7553750872612,0.010072784498333931,0.4499139189720154,0.7780790328979492,-0.007304895669221878,0.4309583306312561,0.6747704744338989,-0.007416663691401482,0.41901078820228577,0.6218796372413635,-0.003576331539079547,0.4084072411060333,0.5814163684844971,-0.00064825639128685,0.4047158658504486,0.8006806373596191,-0.010447178035974503,0.3884938359260559,0.7208830714225769,-0.011358330026268959,0.40242475271224976,0.7375104427337646,-0.004478790797293186,0.4162272810935974,0.7671781182289124,0.002245855052024126,0.37081006169319153,0.8315249085426331,-0.01130053773522377,0.37470364570617676,0.7804014682769775,-0.007353140972554684,0.39060914516448975,0.7963958978652954,0.002602803986519575,0.39910274744033813,0.8226998448371887,0.008933360688388348,0.34564679861068726,0.861953616142273,-0.011859065853059292,0.3570999801158905,0.8201717734336853,-0.0029108882881700993,0.3731553256511688,0.8341770768165588,0.009120001457631588,0.3805696368217468,0.8564583659172058,0.01797957718372345
0.46614569425582886,0.9783625602722168,1.6678021097504825e-07,0.49892881512641907,0.890605092048645,0.00801671203225851,0.48862582445144653,0.8060011863708496,0.011804207228124142,0.44768086075782776,0.7549003958702087,0.015107405371963978,0.41348958015441895,0.7396855354309082,0.018109718337655067,0.4614914357662201,0.7582710981369019,-0.0026134930085390806,0.4495517313480377,0.6591170430183411,-0.0015296608908101916,0.4392821490764618,0.6084698438644409,0.0035082432441413403,0.4280904531478882,0.5729578137397766,0.00747240474447608,0.41751551628112793,0.7763171195983887,-0.005626034922897816,0.3980890214443207,0.7047577500343323,-0.00490923598408699,0.40977743268013,0.7247803807258606,0.0029573007486760616,0.42077702283859253,0.7548924088478088,0.010604298673570156,0.38352006673812866,0.8038654327392578,-0.006182294338941574,0.384097695350647,0.7646898627281189,-0.0014171702787280083,0.40039733052253723,0.7823498845100403,0.008009305223822594,0.40943053364753723,0.8070922493934631,0.014416913501918316,0.35883334279060364,0.8311247825622559,-0.005938813090324402,0.36806586384773254,0.8011171817779541,0.004554231185466051,0.38310912251472473,0.8162901401519775,0.016381777822971344,0.39049282670021057,0.8363132476806641,0.025384286418557167
0.48049232363700867,0.9624380469322205,1.288387352360587e-07,0.5120168924331665,0.8791943192481995,0.011434078216552734,0.5047664642333984,0.7998056411743164,0.015515418723225594,0.46740469336509705,0.7521455883979797,0.017561050131917,0.4336293935775757,0.7400894165039062,0.018736138939857483,0.48508214950561523,0.7468085289001465,0.00045905550359748304,0.47316545248031616,0.646141529083252,-0.0012844159500673413,0.4639226198196411,0.5943533182144165,0.002146377693861723,0.4549655616283417,0.5587610602378845,0.005728389602154493,0.4427247643470764,0.7597755193710327,-0.005234035197645426,0.41765108704566956,0.6904044151306152,-0.0072653465904295444,0.4244271218776703,0.7146308422088623,-0.000581443018745631,0.43525198101997375,0.7459830641746521,0.007496168836951256,0.40778887271881104,0.7849234938621521,-0.008482595905661583,0.4010336995124817,0.7562919855117798,-0.004965717438608408,0.4127185344696045,0.7783087491989136,0.004200496710836887,0.42151403427124023,0.8030586242675781,0.011185256764292717,0.3800349235534668,0.8119288086891174,-0.010848484933376312,0.3820539712905884,0.7920920848846436,-0.00020818189659621567,0.393315851688385,0.8122822642326355,0.01205260120332241,0.3998708128929138,0.8332644104957581,0.021767666563391685
0.4958832859992981,0.9540756344795227,1.671245399847976e-07,0.5288602113723755,0.8704444766044617,0.013588187284767628,0.5212529301643372,0.7923334836959839,0.017291536554694176,0.48913249373435974,0.7475584745407104,0.018401896581053734,0.45763668417930603,0.7374688982963562,0.01837378926575184,0.5071441531181335,0.7342610359191895,0.001112898695282638,0.4933704137802124,0.6326697468757629,-0.0005455358768813312,0.49273261427879333,0.5803062915802002,0.0015930260997265577,0.4939526617527008,0.5425057411193848,0.0038550172466784716,0.46376240253448486,0.7459714412689209,-0.006137318443506956,0.4427260160446167,0.6689383387565613,-0.006714437622576952,0.45160233974456787,0.6937090158462524,-0.00022728639305569232,0.46420952677726746,0.7255898714065552,0.006708098109811544,0.42808446288108826,0.7705239057540894,-0.010770405642688274,0.4233134090900421,0.7281584143638611,-0.005046507343649864,0.43420445919036865,0.7515744566917419,0.00497765839099884,0.4420569837093353,0.7774581909179688,0.011274929158389568,0.40075814723968506,0.7988450527191162,-0.014523550868034363,0.4050583839416504,0.7685805559158325,-0.0029205195605754852,0.41668012738227844,0.7893503904342651,0.010254498571157455,0.4222003221511841,0.81141597032547,0.019926536828279495
0.4947859048843384,0.9520089626312256,1.6654269074933836e-07,0.5276702046394348,0.8676132559776306,0.012380508705973625,0.5198513865470886,0.7871460914611816,0.014450931921601295,0.4859585464000702,0.7418873906135559,0.01389685645699501,0.4527658224105835,0.7309731245040894,0.012011447921395302,0.5080933570861816,0.7335693836212158,-0.0030465759336948395,0.49428969621658325,0.6309557557106018,-0.006762488279491663,0.4925304055213928,0.5792824029922485,-0.005522659979760647,0.4922243058681488,0.5417295694351196,-0.0038008089177310467,0.4654565453529358,0.7465192079544067,-0.010855416767299175,0.4428543448448181,0.6720989346504211,-0.013584129512310028,0.45038267970085144,0.697226345539093,-0.007716587278991938,0.4621293544769287,0.7269415259361267,-0.001516270567663014,0.42940646409988403,0.7714324593544006,-0.016120238229632378,0.4232923090457916,0.7327153086662292,-0.013327717781066895,0.43359774351119995,0.7553372979164124,-0.0037102673668414354,0.44176724553108215,0.7801145911216736,0.0025908842217177153,0.4003554880619049,0.7986111044883728,-0.02049301192164421,0.4044051170349121,0.770354688167572,-0.011798002757132053,0.4154788553714752,0.7910581231117249,0.0006506983772851527,0.42083656787872314,0.812545657157898,0.010108054615557194
0.5152630805969238,0.9489412903785706,1.0243807224696866e-07,0.5467040538787842,0.8635424375534058,0.01666775532066822,0.5409858822822571,0.7894134521484375,0.021865585818886757,0.5137264132499695,0.7448445558547974,0.02373441681265831,0.4841393828392029,0.7326188683509827,0.023961709812283516,0.5288034081459045,0.7321524620056152,0.006352578289806843,0.5167108774185181,0.634021520614624,0.006107870023697615,0.515887975692749,0.5817625522613525,0.008307349868118763,0.5160111784934998,0.5401991605758667,0.010011330246925354,0.48621848225593567,0.7419840097427368,-0.0026546248700469732,0.46423181891441345,0.6612505912780762,-0.0031992250587791204,0.47286275029182434,0.6913017630577087,0.0028321282006800175,0.4850241243839264,0.724428117275238,0.009596448391675949,0.4505535662174225,0.7650610208511353,-0.008910509757697582,0.4418865144252777,0.7208244204521179,-0.00348905217833817,0.45255714654922485,0.7461502552032471,0.0059532420709729195,0.46058857440948486,0.7713376879692078,0.01200177613645792,0.4215172529220581,0.7916540503501892,-0.013961967080831528,0.41921544075012207,0.7575018405914307,-0.002821768866851926,0.4305915832519531,0.7795670628547668,0.010456227697432041,0.4378639757633209,0.8026959896087646,0.020209448412060738
0.5257071852684021,0.9485625624656677,1.2980433439224726e-07,0.5627923607826233,0.8660037517547607,0.01507659163326025,0.559517502784729,0.7875272035598755,0.021314382553100586,0.5316205024719238,0.7374418377876282,0.0248244758695364,0.5017126798629761,0.7205271124839783,0.026996416971087456,0.5482017993927002,0.7389822006225586,0.004461695905774832,0.5381451845169067,0.6329260468482971,0.005538098979741335,0.536760151386261,0.5781755447387695,0.009553315117955208,0.5359346270561218,0.537184476852417,0.012714623473584652,0.5053955912590027,0.7464197278022766,-0.002671153750270605,0.48403042554855347,0.665561854839325,-0.0010958859929814935,0.49331575632095337,0.6907467246055603,0.006527053192257881,0.506738007068634,0.7217887043952942,0.0137277627363801,0.4689708650112152,0.7669785022735596,-0.007144324481487274,0.46169739961624146,0.7202336192131042,-0.00010474619921296835,0.47245344519615173,0.7450835108757019,0.010462732054293156,0.48035019636154175,0.7705166339874268,0.01650599204003811,0.4392043948173523,0.7908089756965637,-0.010539834387600422,0.43973588943481445,0.7535912990570068,0.0010532964952290058,0.44998830556869507,0.7759653925895691,0.014456569217145443,0.4552583396434784,0.7994392514228821,0.023912008851766586
0.5278560519218445,1.0096242427825928,9.254044641693326e-08,0.5733330249786377,0.9297069907188416,0.0015308369183912873,0.5754574537277222,0.8393903970718384,-0.003109391313046217,0.5469576716423035,0.7829861044883728,-0.007652434054762125,0.5159899592399597,0.7616291046142578,-0.01341099850833416,0.568205714225769,0.8044964671134949,-0.025309216231107712,0.566864550113678,0.6864311695098877,-0.034213364124298096,0.5675287246704102,0.6240890622138977,-0.03532208502292633,0.5658787488937378,0.5768945813179016,-0.03573530167341232,0.5227512717247009,0.8159582018852234,-0.03174692019820213,0.5065539479255676,0.7153629064559937,-0.04203310236334801,0.5171691179275513,0.7401013374328613,-0.037062857300043106,0.5268670916557312,0.7769314646720886,-0.031280357390642166,0.4826395511627197,0.8374447822570801,-0.035555820912122726,0.4758434593677521,0.7588578462600708,-0.03920045122504234,0.48870229721069336,0.7802521586418152,-0.025723043829202652,0.49461352825164795,0.8110805749893188,-0.0166456438601017,0.44967299699783325,0.8613889217376709,-0.039089180529117584,0.4493042230606079,0.7921590805053711,-0.03673969954252243,0.46355462074279785,0.8092560172080994,-0.021849103271961212,0.4678497016429901,0.8381373286247253,-0.010839487425982952
0.5194137692451477,1.0438530445098877,1.6961637072654412e-07,0.562123715877533,0.964415967464447,0.00543492566794157,0.5633664727210999,0.8719488978385925,0.0035881511867046356,0.5344657301902771,0.8171353936195374,0.000586642709095031,0.49998095631599426,0.794694721698761,-0.0036925007589161396,0.5592236518859863,0.8320201635360718,-0.014543822966516018,0.5553672909736633,0.7167360186576843,-0.021703798323869705,0.5551843047142029,0.6560527086257935,-0.022287391126155853,0.5538872480392456,0.6089834570884705,-0.022469108924269676,0.5141218304634094,0.838956356048584,-0.022820694372057915,0.49679499864578247,0.7322579622268677,-0.03261810168623924,0.5076124668121338,0.7580128908157349,-0.028362976387143135,0.5171679854393005,0.7950119972229004,-0.022113488987088203,0.4739389717578888,0.8579502105712891,-0.028682027012109756,0.46570903062820435,0.775932788848877,-0.03111656941473484,0.4788646399974823,0.7990145683288574,-0.01785174012184143,0.48443490266799927,0.8281276226043701,-0.008383420296013355,0.44119933247566223,0.880237877368927,-0.034183092415332794,0.4415011703968048,0.8158236145973206,-0.029791580513119698,0.45482397079467773,0.8349788784980774,-0.014479970559477806,0.458251029253006,0.8614363670349121,-0.003088521771132946
0.4921032190322876,1.0691527128219604,2.4720415581214183e-07,0.5382465720176697,0.98686683177948,-0.0018179743783548474,0.5393133759498596,0.8920744061470032,-0.0062845912761986256,0.5065088868141174,0.8319438099861145,-0.009979458525776863,0.47085410356521606,0.8048794269561768,-0.014007373712956905,0.5239467024803162,0.8605761528015137,-0.026113102212548256,0.517337441444397,0.7357190847396851,-0.034514714032411575,0.5131718516349792,0.6701023578643799,-0.034079279750585556,0.5070638060569763,0.6213971376419067,-0.03304625675082207,0.47566506266593933,0.871053159236908,-0.030525797978043556,0.4616512656211853,0.758467435836792,-0.04308539256453514,0.4772741496562958,0.7781211137771606,-0.03915739431977272,0.48901501297950745,0.8174441456794739,-0.03273891657590866,0.43696457147598267,0.8916196227073669,-0.03250984102487564,0.43791791796684265,0.8038644790649414,-0.037139974534511566,0.4546917676925659,0.8244308233261108,-0.024667885154485703,0.45999088883399963,0.856965959072113,-0.01520055253058672,0.4073791205883026,0.9124696254730225,-0.034577738493680954,0.4142272472381592,0.8425559997558594,-0.03162219002842903,0.4297719895839691,0.8585391044616699,-0.017811555415391922,0.4333893954753876,0.8852728009223938,-0.007403052877634764
0.490341454744339,1.0724421739578247,2.238378158381238e-07,0.5265888571739197,0.9836128950119019,-0.0023999048862606287,0.5160632133483887,0.8844462633132935,-0.007899709977209568,0.4782598912715912,0.8185732960700989,-0.012587405741214752,0.44382649660110474,0.7818004488945007,-0.017767533659934998,0.5078942775726318,0.8577854037284851,-0.023911884054541588,0.49560898542404175,0.7396894097328186,-0.033424776047468185,0.4891423285007477,0.6731852889060974,-0.03438814356923103,0.48202112317085266,0.6211131811141968,-0.034439802169799805,0.4623129665851593,0.8747343420982361,-0.027945004403591156,0.444139301776886,0.7758200168609619,-0.04105895385146141,0.45666277408599854,0.8025386929512024,-0.03657543659210205,0.46904656291007996,0.8427783250808716,-0.029911508783698082,0.4241829812526703,0.9001710414886475,-0.02997729927301407,0.4203273355960846,0.8248102068901062,-0.0356893464922905,0.43419331312179565,0.8473405241966248,-0.02193138748407364,0.44033879041671753,0.8793003559112549,-0.011492377147078514,0.39414775371551514,0.9247248768806458,-0.0321306437253952,0.39687973260879517,0.8627021908760071,-0.02898344211280346,0.4110269546508789,0.8812264204025269,-0.014452848583459854,0.4152300953865051,0.9076350331306458,-0.0035948646254837513
0.49786144495010376,1.0694321393966675,2.5328225206067145e-07,0.5301435589790344,0.9812692403793335,0.00016126831178553402,0.520819902420044,0.8844210505485535,-0.004210446961224079,0.4840662479400635,0.8236868977546692,-0.00818528514355421,0.4494338035583496,0.7992340922355652,-0.012531735002994537,0.5091472268104553,0.8563028573989868,-0.021864091977477074,0.4931069612503052,0.7377247214317322,-0.03051013872027397,0.4869144558906555,0.6721343398094177,-0.03079923614859581,0.4798387587070465,0.6217715740203857,-0.030216163024306297,0.4633174240589142,0.8744876980781555,-0.026756351813673973,0.4435884654521942,0.7731715440750122,-0.038645874708890915,0.4582497775554657,0.7968605160713196,-0.034026794135570526,0.47028908133506775,0.8352763056755066,-0.027164477854967117,0.42499813437461853,0.9002352952957153,-0.02936897985637188,0.4189233183860779,0.8258610367774963,-0.03421499952673912,0.4337266683578491,0.8480774164199829,-0.021142004057765007,0.44018399715423584,0.8796688318252563,-0.010949423536658287,0.3946753740310669,0.9252068400382996,-0.03180729225277901,0.3961920440196991,0.8644644618034363,-0.02795509435236454,0.4114782512187958,0.88099604845047,-0.013378176838159561,0.4161638021469116,0.9072477221488953,-0.0022426361683756113
0.48427605628967285,1.0587000846862793,2.5927141678039334e-07,0.5166753530502319,0.9718385934829712,-0.003014574060216546,0.5050135254859924,0.8773198127746582,-0.007788776885718107,0.46658703684806824,0.8117297291755676,-0.01153944805264473,0.42952650785446167,0.7779371738433838,-0.01564987376332283,0.496362566947937,0.8509883284568787,-0.021797051653265953,0.47557350993156433,0.7358270883560181,-0.0314846932888031,0.4671403765678406,0.6717396974563599,-0.032533951103687286,0.4592830538749695,0.6205277442932129,-0.032130368053913116,0.45280519127845764,0.8708850145339966,-0.024605881422758102,0.42597469687461853,0.7740984559059143,-0.03760618716478348,0.43844014406204224,0.79985511302948,-0.03320544213056564,0.4530503451824188,0.8356826305389404,-0.02591688185930252,0.415033757686615,0.8972550630569458,-0.02565513737499714,0.40649178624153137,0.8292962908744812,-0.03204996883869171,0.419741153717041,0.8536136150360107,-0.018342150375247,0.4274500608444214,0.8837806582450867,-0.006902195978909731,0.384370356798172,0.9222785830497742,-0.026891257613897324,0.38651296496391296,0.86714106798172,-0.023941826075315475,0.40081924200057983,0.8863879442214966,-0.009572025388479233,0.40525907278060913,0.9118319153785706,0.0019265084993094206
0.471014142036438,1.046583890914917,2.4324174319190206e-07,0.5055745840072632,0.9645646810531616,-0.0010188969317823648,0.49720844626426697,0.8702461123466492,-0.003590846201404929,0.4600115418434143,0.8030703067779541,-0.004987562540918589,0.4232082664966583,0.7685840725898743,-0.006592033430933952,0.48414409160614014,0.8372218012809753,-0.018062321469187737,0.46132734417915344,0.7241190671920776,-0.022878296673297882,0.45179638266563416,0.662588357925415,-0.02097497321665287,0.4421215057373047,0.613812267780304,-0.019012989476323128,0.43946683406829834,0.8575233817100525,-0.019934402778744698,0.4154433012008667,0.7643537521362305,-0.02750874124467373,0.43121302127838135,0.789486289024353,-0.021377412602305412,0.44582629203796387,0.82517409324646,-0.01351135689765215,0.4033415615558624,0.8849886059761047,-0.019598975777626038,0.3978409171104431,0.8222853541374207,-0.02128489501774311,0.4141693711280823,0.8466908931732178,-0.008003675378859043,0.42188242077827454,0.8755623698234558,0.00218864600174129,0.3756183981895447,0.9102547764778137,-0.019203348085284233,0.3800855576992035,0.85912024974823,-0.013266348280012608,0.39483144879341125,0.8784380555152893,0.000916898949071765,0.3990330398082733,0.9020825028419495,0.01181740127503872
0.4632895588874817,1.0334886312484741,2.399773393335636e-07,0.4975990056991577,0.9476258754730225,0.0013548333663493395,0.4884710907936096,0.8573695421218872,0.0007764105685055256,0.45110949873924255,0.797784149646759,0.001121586887165904,0.41691353917121887,0.768872082233429,0.0017054372001439333,0.4723740518093109,0.8185492157936096,-0.013797193765640259,0.4526544511318207,0.7083194851875305,-0.014960804022848606,0.44259753823280334,0.6499319076538086,-0.010433303192257881,0.43255481123924255,0.60500168800354,-0.0069321198388934135,0.42784667015075684,0.8399472236633301,-0.015428382903337479,0.40688028931617737,0.7547752857208252,-0.018884452059864998,0.42304909229278564,0.7783961892127991,-0.011498596519231796,0.4376324713230133,0.8129021525382996,-0.003631048370152712,0.39334627985954285,0.86845463514328,-0.014780022203922272,0.39354681968688965,0.8122202754020691,-0.01255429070442915,0.41077351570129395,0.8341256380081177,-0.0010586351854726672,0.41820028424263,0.8617345094680786,0.006949029862880707,0.36728566884994507,0.8944329619407654,-0.013964728452265263,0.377910315990448,0.8507023453712463,-0.005440178792923689,0.3933694362640381,0.8671820163726807,0.006815129425376654,0.3982970714569092,0.8883782625198364,0.015881238505244255
0.4784511923789978,0.9757075905799866,2.0717790505386802e-07,0.5112748742103577,0.8897995352745056,0.007231116760522127,0.5028254985809326,0.8070640563964844,0.010263913311064243,0.46097442507743835,0.7618489265441895,0.012400557287037373,0.4272056221961975,0.7480916976928711,0.014096169732511044,0.4756900668144226,0.7570907473564148,-0.000973205897025764,0.46272584795951843,0.6619406342506409,0.0018405418377369642,0.45299792289733887,0.6103636622428894,0.006414685398340225,0.4430902898311615,0.5702977776527405,0.00913936085999012,0.4319641888141632,0.7735695242881775,-0.0036964064929634333,0.4208793044090271,0.7203609347343445,-0.00026111575425602496,0.43355387449264526,0.7444552779197693,0.006852632388472557,0.44472768902778625,0.7731249332427979,0.012452108785510063,0.39990708231925964,0.8010848760604858,-0.003996826708316803,0.40338075160980225,0.772882878780365,0.0034805680625140667,0.41868457198143005,0.7931604385375977,0.012745861895382404,0.426815390586853,0.8183286786079407,0.01750015653669834,0.375357061624527,0.8301337361335754,-0.003898780792951584,0.3866729140281677,0.8076475262641907,0.007918843068182468,0.40170401334762573,0.8246023058891296,0.019682206213474274,0.40842166543006897,0.8458212018013,0.02805819734930992
0.4889753460884094,0.9630635380744934,1.3948151433851308e-07,0.5226144194602966,0.8768372535705566,0.00856586080044508,0.5149089694023132,0.7968286275863647,0.01334819570183754,0.4759148359298706,0.7521439790725708,0.017660804092884064,0.44357800483703613,0.7389209866523743,0.021629570052027702,0.48640742897987366,0.7432129979133606,0.00046946443035267293,0.47216588258743286,0.6493332386016846,0.005527998320758343,0.46403560042381287,0.6016659736633301,0.012684088200330734,0.4562934339046478,0.5663162469863892,0.01745646819472313,0.44300198554992676,0.7603350281715393,-0.0017242183675989509,0.42543280124664307,0.700042188167572,0.0043997615575790405,0.4375651776790619,0.7231794595718384,0.01313856989145279,0.45014917850494385,0.7513495683670044,0.020036926493048668,0.41047751903533936,0.7888686060905457,-0.0013640805846080184,0.41053688526153564,0.7600206732749939,0.008034860715270042,0.42509138584136963,0.780384361743927,0.015982599928975105,0.4334520697593689,0.8042429685592651,0.019764719530940056,0.3855726718902588,0.818061113357544,-0.00025351837393827736,0.39278239011764526,0.7985535860061646,0.012249795719981194,0.406829297542572,0.8162946701049805,0.022410040721297264,0.4141221046447754,0.836101770401001,0.029569275677204132
0.49999669194221497,0.9561657309532166,1.3988979219448083e-07,0.5331395864486694,0.8703564405441284,0.007476091384887695,0.5270680785179138,0.791307270526886,0.010039623826742172,0.4907536208629608,0.7451199293136597,0.011781754903495312,0.45774856209754944,0.7323232293128967,0.013015739619731903,0.5030056238174438,0.7360464334487915,-0.0011156565742567182,0.488449364900589,0.6460208296775818,-0.00041702555608935654,0.48317062854766846,0.598791241645813,0.0029597063548862934,0.47897428274154663,0.5615766644477844,0.005266258493065834,0.4599052369594574,0.75113844871521,-0.004705430939793587,0.44281065464019775,0.685664176940918,-0.0036560557782649994,0.4535473585128784,0.7102534770965576,0.002644078806042671,0.465596467256546,0.7386597394943237,0.008785860612988472,0.4260044991970062,0.7779442071914673,-0.00606032507494092,0.42490243911743164,0.7407017350196838,-0.00032217035186477005,0.43744099140167236,0.7614346742630005,0.007899747230112553,0.4455980658531189,0.7861089706420898,0.012707977555692196,0.39980486035346985,0.8063772320747375,-0.006854609586298466,0.4068461060523987,0.7823721766471863,0.003847279353067279,0.4201180934906006,0.7994430065155029,0.014744693413376808,0.427147775888443,0.8197342753410339,0.022732099518179893
0.5096506476402283,0.9481491446495056,1.2422562178926455e-07,0.5446270704269409,0.8656327724456787,0.008767873980104923,0.5396487712860107,0.7892095446586609,0.012588952668011189,0.5064541101455688,0.7449331283569336,0.015172155573964119,0.47581377625465393,0.729733943939209,0.017376523464918137,0.5190547704696655,0.7290717959403992,0.0031162346713244915,0.5033137202262878,0.6373369693756104,0.004731283523142338,0.49899688363075256,0.5889951586723328,0.008596339263021946,0.4960714280605316,0.5515303015708923,0.01119735836982727,0.47692808508872986,0.7405861616134644,-0.0008877022191882133,0.46180465817451477,0.6742862462997437,0.0007074446184560657,0.4721445143222809,0.7017204165458679,0.00703257555142045,0.4836951196193695,0.7311449646949768,0.013260403648018837,0.44329923391342163,0.764540433883667,-0.002970821689814329,0.4426734447479248,0.7283257246017456,0.0028461948968470097,0.4548545479774475,0.7512412071228027,0.010446741245687008,0.4628441631793976,0.7745535373687744,0.014957292936742306,0.4164152145385742,0.7907606363296509,-0.004381734877824783,0.4220467507839203,0.7657333612442017,0.006581226829439402,0.4348810017108917,0.7835404872894287,0.01715444028377533,0.44212815165519714,0.8028203845024109,0.024862296879291534
0.518301784992218,0.945357620716095,1.365966539879082e-07,0.5535001158714294,0.8671189546585083,0.010206487961113453,0.5496794581413269,0.7908633351325989,0.01573869027197361,0.5160201787948608,0.743514895439148,0.020170418545603752,0.48540008068084717,0.728513777256012,0.024119947105646133,0.5312517881393433,0.7310928106307983,0.0046166046522557735,0.5197085738182068,0.6369661092758179,0.009565784595906734,0.5171335339546204,0.5863155126571655,0.01549440622329712,0.5149208307266235,0.5458270907402039,0.019254671409726143,0.48782268166542053,0.7400842905044556,0.001329669845290482,0.47478389739990234,0.6700108051300049,0.0084230313077569,0.4870035648345947,0.6958144903182983,0.017466353252530098,0.49894407391548157,0.7258194088935852,0.02461504191160202,0.4547109305858612,0.7641535401344299,0.0003707550058607012,0.45688265562057495,0.7327854633331299,0.010547015815973282,0.4704050123691559,0.7552863955497742,0.018840448930859566,0.47723573446273804,0.7793054580688477,0.022687548771500587,0.42851269245147705,0.790470540523529,0.00010431362898088992,0.4352427124977112,0.7666766047477722,0.01343513373285532,0.448561429977417,0.7864618301391602,0.024709641933441162,0.4548342227935791,0.8088399767875671,0.03230329975485802
0.5237393379211426,0.9457504153251648,1.2703527829671657e-07,0.5644596815109253,0.8685277104377747,0.011210021562874317,0.5619680881500244,0.7899612188339233,0.019003400579094887,0.5323906540870667,0.7379661202430725,0.025932250544428825,0.5038829445838928,0.7211316227912903,0.03240849822759628,0.543753445148468,0.7319363951683044,0.004579187836498022,0.5327529907226562,0.634399950504303,0.011661804281175137,0.5298163890838623,0.5831853747367859,0.01949865184724331,0.527167022228241,0.5435869693756104,0.02441970445215702,0.4985794723033905,0.7399533987045288,0.0017797579057514668,0.4851349890232086,0.6661838293075562,0.010955212637782097,0.4990183115005493,0.6897535920143127,0.021581219509243965,0.5130940675735474,0.7210873365402222,0.02960444800555706,0.4654635787010193,0.7631874084472656,0.0015085643390193582,0.46890291571617126,0.7255175709724426,0.013919754885137081,0.48316237330436707,0.7482657432556152,0.023038730025291443,0.4898843467235565,0.773120641708374,0.026837913319468498,0.4391936957836151,0.789305567741394,0.0019876770675182343,0.44810396432876587,0.760576069355011,0.015900880098342896,0.4606420397758484,0.7816792726516724,0.026940513402223587,0.46547019481658936,0.8038412928581238,0.03409845009446144
0.5302723050117493,0.9527878761291504,1.7250353323561285e-07,0.5713949203491211,0.8729810118675232,0.010248985141515732,0.5696640014648438,0.791146457195282,0.015414637513458729,0.5409576892852783,0.7415450811386108,0.019354768097400665,0.5104894638061523,0.7272988557815552,0.022081168368458748,0.551876425743103,0.7408046722412109,-0.001042117946781218,0.5439783930778503,0.6381421089172363,0.002795012667775154,0.5420860052108765,0.5843043327331543,0.007797845173627138,0.540269136428833,0.5428878664970398,0.010953843593597412,0.5077171921730042,0.7496001124382019,-0.0050359563902020454,0.4985918402671814,0.6732546091079712,0.0012493563117459416,0.512759268283844,0.691152036190033,0.010053058154881,0.5258272886276245,0.718882143497467,0.016199717298150063,0.47307080030441284,0.7725900411605835,-0.006362496875226498,0.4773792326450348,0.7244018316268921,0.003363033989444375,0.49194759130477905,0.7472192645072937,0.013351059518754482,0.4977544844150543,0.7735092639923096,0.017767630517482758,0.4460277259349823,0.7980310916900635,-0.006905778776854277,0.4533967673778534,0.7574177384376526,0.0051742964424192905,0.46634870767593384,0.7765783071517944,0.017993636429309845,0.4704866409301758,0.7995408773422241,0.02637614496052265
0.5219406485557556,1.0006935596466064,1.6627942045488453e-07,0.5646170377731323,0.9230015873908997,0.004125463310629129,0.5667381882667542,0.8336595296859741,0.0038151335902512074,0.538208544254303,0.7777940034866333,0.0028011519461870193,0.5056948661804199,0.7563307285308838,0.0008412591414526105,0.557775616645813,0.7866094708442688,-0.01202615536749363,0.5512584447860718,0.6699373722076416,-0.015737950801849365,0.5503638982772827,0.6078810691833496,-0.01403857208788395,0.5475538969039917,0.5610126256942749,-0.012652895413339138,0.5120283961296082,0.7944875955581665,-0.017471693456172943,0.49703994393348694,0.6990848183631897,-0.02286282181739807,0.5094304084777832,0.7229906916618347,-0.01761229708790779,0.5195643305778503,0.7586247324943542,-0.01117518451064825,0.4726960062980652,0.8148254156112671,-0.02067878283560276,0.4701487720012665,0.7460536360740662,-0.020016280934214592,0.4834502637386322,0.7703007459640503,-0.00878919567912817,0.48815593123435974,0.8005483150482178,-0.000987855950370431,0.4400378167629242,0.83846116065979,-0.02355204150080681,0.442354291677475,0.7817007303237915,-0.017159074544906616,0.45491719245910645,0.799740195274353,-0.0035351065453141928,0.4577595591545105,0.8256492614746094,0.0067384629510343075
0.5064151883125305,1.021674394607544,2.147496900306578e-07,0.5502083897590637,0.9370038509368896,0.0060232761316001415,0.5494909286499023,0.8428482413291931,0.005449766758829355,0.5203466415405273,0.7909274697303772,0.004141786135733128,0.48634281754493713,0.7689085006713867,0.0016980195650830865,0.5384599566459656,0.8013735413551331,-0.015456007793545723,0.5315474271774292,0.6806910634040833,-0.020247161388397217,0.5314408540725708,0.617473840713501,-0.018717695027589798,0.5305606126785278,0.5690050721168518,-0.01750708743929863,0.49122655391693115,0.8123353123664856,-0.021818311884999275,0.4794234335422516,0.716771125793457,-0.02737448737025261,0.49268925189971924,0.7453761696815491,-0.020252063870429993,0.5033755302429199,0.7832114100456238,-0.013551757670938969,0.4522855877876282,0.8359107375144958,-0.025647157803177834,0.44892117381095886,0.7627449631690979,-0.023937858641147614,0.4645423889160156,0.7860133051872253,-0.010101857595145702,0.4706861078739166,0.8158976435661316,-0.0019001179607585073,0.42256590723991394,0.8611548542976379,-0.02909093163907528,0.427014023065567,0.8022188544273376,-0.0214510690420866,0.442971795797348,0.8202874064445496,-0.006159660872071981,0.44810476899147034,0.8453568816184998,0.004250168334692717
0.49413323402404785,0.9832032918930054,3.886124488872156e-07,0.5358293056488037,0.9210567474365234,-0.0036042151041328907,0.5370840430259705,0.8343785405158997,-0.006978567223995924,0.5049665570259094,0.7855214476585388,-0.007811223156750202,0.47084885835647583,0.7688179612159729,-0.010595968924462795,0.5264694094657898,0.8187105059623718,-0.024109292775392532,0.5237261056900024,0.7308866381645203,-0.027613921090960503,0.5191270112991333,0.6754665970802307,-0.027189183980226517,0.5142101049423218,0.6332030296325684,-0.027490852400660515,0.4803348481655121,0.8283021450042725,-0.02587326057255268,0.4644792675971985,0.7302868366241455,-0.029813628643751144,0.47645965218544006,0.741950273513794,-0.02588631398975849,0.4874202013015747,0.7764668464660645,-0.021146181970834732,0.4421563446521759,0.8476719260215759,-0.024975517764687538,0.43557053804397583,0.770587146282196,-0.026109421625733376,0.4522201716899872,0.7873556017875671,-0.015856808051466942,0.4596919119358063,0.8141359686851501,-0.008311891928315163,0.4123569130897522,0.8711241483688354,-0.02360520139336586,0.41100412607192993,0.8016589283943176,-0.022439543157815933,0.4264577031135559,0.8159733414649963,-0.010144040919840336,0.43223464488983154,0.8391621112823486,-0.0006152926944196224
0.49742692708969116,1.033572793006897,2.235115914572816e-07,0.5427381992340088,0.9461594223976135,0.006402148399502039,0.5413115620613098,0.8504207730293274,0.007512627635151148,0.5124127864837646,0.792275607585907,0.009060672484338284,0.4795091152191162,0.7673165202140808,0.010135808028280735,0.5273156762123108,0.8129841089248657,-0.018262729048728943,0.5172891020774841,0.6865094900131226,-0.01829695887863636,0.5141923427581787,0.6246861815452576,-0.012255104258656502,0.5106942057609558,0.5797425508499146,-0.007927951402962208,0.4766913950443268,0.8243225812911987,-0.022097019478678703,0.46452662348747253,0.7172712087631226,-0.022477753460407257,0.48146188259124756,0.737762451171875,-0.012902309186756611,0.4952782690525055,0.776198148727417,-0.00489821657538414,0.4370824098587036,0.8465589880943298,-0.022506263107061386,0.43933647871017456,0.7651686668395996,-0.014472010545432568,0.45729196071624756,0.7860328555107117,-0.00012516480637714267,0.4640483558177948,0.8172156810760498,0.007181824650615454,0.4070877730846405,0.8691508173942566,-0.02244376949965954,0.41465482115745544,0.8070837259292603,-0.009921718388795853,0.4307539761066437,0.822579026222229,0.005532396025955677,0.4358305335044861,0.847539484500885,0.015276513993740082
0.48371148109436035,1.0442383289337158,2.1734605581968935e-07,0.5291973948478699,0.9527930021286011,0.001618218724615872,0.5262024402618408,0.8535439968109131,-0.0005633783875964582,0.4923545718193054,0.790814995765686,-0.0019282052526250482,0.4582522213459015,0.762742280960083,-0.0034271578770130873,0.5104536414146423,0.8213918805122375,-0.021513454616069794,0.4996839761734009,0.6983222961425781,-0.025845926254987717,0.49462494254112244,0.6336552500724792,-0.022795075550675392,0.48922714591026306,0.583608090877533,-0.020471367985010147,0.46030735969543457,0.8350475430488586,-0.025342054665088654,0.44898325204849243,0.7271740436553955,-0.032684482634067535,0.46581408381462097,0.7526012063026428,-0.025636564940214157,0.4795513153076172,0.7945395112037659,-0.017761753872036934,0.4212123453617096,0.8575108051300049,-0.026338905096054077,0.4250280559062958,0.7752667665481567,-0.02485349215567112,0.4421122074127197,0.7988744974136353,-0.010594640858471394,0.44794222712516785,0.8324348330497742,-0.001431226497516036,0.39131325483322144,0.8792193531990051,-0.02730397880077362,0.40022730827331543,0.8135038018226624,-0.01883038505911827,0.4163905084133148,0.8311487436294556,-0.003690500510856509,0.42053455114364624,0.8582006692886353,0.006617297418415546
0.4701736867427826,0.9959471821784973,3.8432895621554053e-07,0.5142480134963989,0.9313587546348572,-0.004378761164844036,0.515753984451294,0.8449083566665649,-0.009107079356908798,0.4808221757411957,0.7969332337379456,-0.011263824068009853,0.4440966844558716,0.7842373847961426,-0.01498471386730671,0.49866440892219543,0.8203274607658386,-0.028159648180007935,0.4873374104499817,0.7217844128608704,-0.03358849138021469,0.48191922903060913,0.6587367653846741,-0.03395336866378784,0.47617241740226746,0.6105164885520935,-0.03467928618192673,0.44952985644340515,0.8316060304641724,-0.029955904930830002,0.4352612793445587,0.7314271330833435,-0.035914793610572815,0.4521055817604065,0.7487676739692688,-0.03126699849963188,0.4647781252861023,0.7888108491897583,-0.025385063141584396,0.41228893399238586,0.8535186648368835,-0.028996972367167473,0.41258764266967773,0.7809720039367676,-0.030635232105851173,0.4298315942287445,0.8013630509376526,-0.019685048609972,0.43459147214889526,0.8294671773910522,-0.011376605369150639,0.3830472528934479,0.8789643049240112,-0.027831709012389183,0.3877781331539154,0.8136826753616333,-0.025091227144002914,0.40273118019104004,0.8319141864776611,-0.011523350141942501,0.4060616195201874,0.855633556842804,-0.0013137062778696418
0.47555169463157654,1.0399277210235596,2.4186681457649684e-07,0.5173437595367432,0.9435293674468994,0.004070683848112822,0.5119690299034119,0.8485406041145325,0.0020289006642997265,0.47368186712265015,0.7903364896774292,-2.357186076551443e-06,0.43794554471969604,0.765101969242096,-0.002476309658959508,0.4975249767303467,0.8183668851852417,-0.01635879836976528,0.48496100306510925,0.6997132301330566,-0.01993621326982975,0.4792173206806183,0.6388810276985168,-0.016870588064193726,0.47285196185112,0.5914984345436096,-0.014426170848309994,0.4482223093509674,0.8334945440292358,-0.021233264356851578,0.4360724985599518,0.7299616932868958,-0.027333702892065048,0.45207300782203674,0.7559741735458374,-0.020701758563518524,0.4654112458229065,0.7952654957771301,-0.01327778585255146,0.4092859923839569,0.8568918108940125,-0.023271653801202774,0.4146031439304352,0.7816214561462402,-0.021451132372021675,0.4302124083042145,0.8064888119697571,-0.007808225229382515,0.43558406829833984,0.8391918540000916,0.0011103157885372639,0.3788411617279053,0.8801425099372864,-0.02499309740960598,0.389869749546051,0.8213508129119873,-0.016046104952692986,0.40576082468032837,0.839743971824646,-0.0008543863659724593,0.40970122814178467,0.8657737970352173,0.009788023307919502
0.4632435441017151,1.0363484621047974,2.264573311094864e-07,0.5065361857414246,0.9428693056106567,0.0032170461490750313,0.5026983022689819,0.8471307158470154,0.002877833554521203,0.4636828899383545,0.7840587496757507,0.003174961544573307,0.4279370605945587,0.7549000978469849,0.0031323072034865618,0.48629191517829895,0.8115025162696838,-0.014079171232879162,0.4724869132041931,0.6978252530097961,-0.014733496122062206,0.46657058596611023,0.637211799621582,-0.01053539291024208,0.45943745970726013,0.5889374017715454,-0.00772640947252512,0.43680539727211,0.8282289505004883,-0.01700366847217083,0.42488643527030945,0.7307912707328796,-0.019744865596294403,0.4413814842700958,0.7563449144363403,-0.012468148022890091,0.4538815915584564,0.7951899766921997,-0.005085155833512545,0.39913299679756165,0.8534572720527649,-0.01710679568350315,0.40448880195617676,0.7844425439834595,-0.012899507768452168,0.4208546280860901,0.8083885908126831,-8.27406402095221e-05,0.4264228940010071,0.8404298424720764,0.007897457107901573,0.3702249526977539,0.8784082531929016,-0.01692674309015274,0.3812684118747711,0.8237263560295105,-0.006718061864376068,0.3968994617462158,0.8416224122047424,0.007332617416977882,0.4009625315666199,0.8666407465934753,0.017000097781419754
0.45513004064559937,1.027024507522583,2.1834807739651296e-07,0.4961986839771271,0.9387924075126648,0.004498739261180162,0.49289295077323914,0.8455911874771118,0.004234883934259415,0.45420169830322266,0.7837520241737366,0.0042281560599803925,0.4193401634693146,0.7548931241035461,0.004096159245818853,0.47389790415763855,0.8068236112594604,-0.013659575954079628,0.46046337485313416,0.6913350224494934,-0.014904950745403767,0.4515973925590515,0.6327882409095764,-0.010079500265419483,0.4421416223049164,0.58834308385849,-0.00657977070659399,0.42587825655937195,0.824012279510498,-0.01716369390487671,0.4116734266281128,0.7354505658149719,-0.019641174003481865,0.42586129903793335,0.759437084197998,-0.011433571577072144,0.43870386481285095,0.793834388256073,-0.0040384759195148945,0.38827812671661377,0.8497521877288818,-0.01798858679831028,0.3918612599372864,0.7911084294319153,-0.014438645914196968,0.40758123993873596,0.814084529876709,-0.0011402572272345424,0.4144059121608734,0.8426879048347473,0.0068061575293540955,0.3592098355293274,0.8751604557037354,-0.01845943182706833,0.37134525179862976,0.8301653861999512,-0.009195736609399319,0.38634100556373596,0.8490918278694153,0.0047381967306137085,0.3912743031978607,0.8720059990882874,0.014456044882535934
0.4462047815322876,1.0259122848510742,2.1871302635645407e-07,0.487698495388031,0.9383236169815063,0.0049386583268642426,0.4863443970680237,0.8466395139694214,0.005810651928186417,0.4509640038013458,0.7879526019096375,0.007061650510877371,0.4166645109653473,0.765015721321106,0.008120783604681492,0.46223941445350647,0.8034930229187012,-0.013880740851163864,0.44721969962120056,0.6889513731002808,-0.014362465590238571,0.43800753355026245,0.6299636960029602,-0.009112506173551083,0.42844730615615845,0.5845050811767578,-0.005370085593312979,0.4132387340068817,0.8192861676216125,-0.01724909618496895,0.4011019468307495,0.7281838059425354,-0.017933661118149757,0.4162081480026245,0.7522727251052856,-0.008915632963180542,0.4291383922100067,0.7883069515228271,-0.0009502695756964386,0.376628041267395,0.8457174301147461,-0.01783844642341137,0.38352516293525696,0.786470353603363,-0.012968938797712326,0.4000544548034668,0.8099241256713867,-0.00032711992389522493,0.4066998362541199,0.8393245935440063,0.007125074975192547,0.3489641547203064,0.8724150061607361,-0.018034501001238823,0.36363744735717773,0.8273743391036987,-0.008382127620279789,0.3795384168624878,0.8464756011962891,0.005133716855198145,0.3848266303539276,0.8698936104774475,0.014558511786162853
0.4435281753540039,1.016818642616272,2.149572111420639e-07,0.4833822548389435,0.9282963871955872,0.005288371816277504,0.4810757339000702,0.8415006399154663,0.008276830427348614,0.44710540771484375,0.7855386734008789,0.011466250754892826,0.416813462972641,0.7597242593765259,0.014920846559107304,0.4514588415622711,0.7919988632202148,-0.006540984380990267,0.437188982963562,0.6834286451339722,-0.0041420008055865765,0.428655743598938,0.6274909377098083,0.0025010372046381235,0.4193399250507355,0.5839957594871521,0.0072030876763165,0.4032788574695587,0.8100553750991821,-0.008815515786409378,0.3918735980987549,0.7227409482002258,-0.0073167732916772366,0.40820634365081787,0.7473230957984924,0.0019000560278072953,0.42173612117767334,0.7833251953125,0.010467425920069218,0.36833131313323975,0.8377797603607178,-0.008745664730668068,0.3785231113433838,0.7837719321250916,-0.0031330669298768044,0.39667776226997375,0.8078882694244385,0.007568446919322014,0.40350136160850525,0.8369449973106384,0.014370597898960114,0.3421805500984192,0.8645980954170227,-0.00828329287469387,0.36023908853530884,0.8246417045593262,0.001177219906821847,0.37676870822906494,0.8449847102165222,0.01277222391217947,0.3820662200450897,0.8684300780296326,0.02137494832277298
0.44301649928092957,1.008652687072754,1.812121013244905e-07,0.4810203015804291,0.9227267503738403,0.007323089987039566,0.47902950644493103,0.8365285992622375,0.012470077723264694,0.45435115694999695,0.7751414775848389,0.017822522670030594,0.4308333992958069,0.745815098285675,0.02360597439110279,0.4462307095527649,0.7830799221992493,-0.004141679964959621,0.43221423029899597,0.6779546737670898,0.00028240252868272364,0.4233452379703522,0.6233624815940857,0.007509530987590551,0.4132732152938843,0.5820587873458862,0.012357325293123722,0.3999575078487396,0.800805389881134,-0.006015207152813673,0.38931676745414734,0.7218972444534302,-0.0011685489444062114,0.4060225188732147,0.7429384589195251,0.008606784045696259,0.4192129969596863,0.7761379480361938,0.016521373763680458,0.36646389961242676,0.8288607597351074,-0.005290493369102478,0.375042587518692,0.7795047163963318,0.0036467239260673523,0.39337220788002014,0.7978801131248474,0.013895847834646702,0.4011174440383911,0.8255792260169983,0.019243149086833,0.3415292799472809,0.8560351729393005,-0.004164376296103001,0.35934388637542725,0.8214691877365112,0.00669055012986064,0.37506192922592163,0.8387446403503418,0.017143668606877327,0.3806542158126831,0.8614610433578491,0.024638807401061058
0.44122257828712463,0.9938255548477173,1.91810116234592e-07,0.4784223437309265,0.9106875658035278,0.008488599210977554,0.4796328544616699,0.8290126323699951,0.013524453155696392,0.4569198489189148,0.7694485187530518,0.018502525985240936,0.43349000811576843,0.7425450086593628,0.02375456690788269,0.4423474073410034,0.7741895914077759,-0.004468762781471014,0.4285247325897217,0.6705668568611145,-0.0009567700908519328,0.42091840505599976,0.6171291470527649,0.005851946771144867,0.41153934597969055,0.576209545135498,0.010700125247240067,0.39689263701438904,0.7902870774269104,-0.007154430262744427,0.3876901865005493,0.7118824124336243,-0.002667075954377651,0.4042859673500061,0.7315093278884888,0.007027897983789444,0.41680479049682617,0.7634276151657104,0.01502420473843813,0.36429527401924133,0.8178790211677551,-0.00700025912374258,0.3743622899055481,0.7728598117828369,0.001523548737168312,0.392599493265152,0.7900404930114746,0.011918995529413223,0.4006258249282837,0.8166834712028503,0.017639553174376488,0.3398275375366211,0.8458465933799744,-0.0063096340745687485,0.3578903377056122,0.8150951862335205,0.004838717635720968,0.37364548444747925,0.8309642672538757,0.016068194061517715,0.3791770339012146,0.8522990345954895,0.024332689121365547
0.4447777271270752,0.9829816818237305,2.063904958049534e-07,0.4797818064689636,0.8948761820793152,0.006668141111731529,0.4779807925224304,0.8134279251098633,0.009479223750531673,0.4466475248336792,0.7639511227607727,0.011818603612482548,0.41519781947135925,0.7500657439231873,0.013963859528303146,0.44337016344070435,0.7606141567230225,-0.005233805160969496,0.43029481172561646,0.6622589826583862,-0.0036333026364445686,0.42278173565864563,0.6105017066001892,0.001551547204144299,0.41414013504981995,0.5705276727676392,0.005099469795823097,0.3976497948169708,0.7769008278846741,-0.008719552308321,0.39135852456092834,0.7055055499076843,-0.006419893819838762,0.40852755308151245,0.7271984219551086,0.002110138302668929,0.42141565680503845,0.7584192752838135,0.009399103932082653,0.3646829128265381,0.8059059381484985,-0.009762454777956009,0.3769976496696472,0.7638627886772156,-0.004454988054931164,0.3949393332004547,0.784092128276825,0.005163267720490694,0.40317052602767944,0.8109744191169739,0.011021487414836884,0.33969417214393616,0.8355505466461182,-0.010283478535711765,0.3571576774120331,0.8064948320388794,-0.0013631448382511735,0.3736761212348938,0.8231097459793091,0.009826251305639744,0.38034486770629883,0.8444682955741882,0.01845022849738598
0.44808220863342285,0.9712822437286377,1.7896354620461352e-07,0.4835335612297058,0.8840215802192688,0.00623334851115942,0.48034387826919556,0.8027611374855042,0.009364672936499119,0.4454866349697113,0.7523026466369629,0.012271844781935215,0.4129830300807953,0.7332685589790344,0.015233385376632214,0.44869959354400635,0.749176561832428,-0.002720522927120328,0.43365901708602905,0.6548735499382019,0.0004126602434553206,0.42636948823928833,0.6059101819992065,0.006348347757011652,0.4184388816356659,0.5679934024810791,0.010342704132199287,0.40322354435920715,0.7655027508735657,-0.005149260628968477,0.39568254351615906,0.698336660861969,-0.0005530556081794202,0.41151222586631775,0.7197457551956177,0.008529258891940117,0.4239528775215149,0.7488846778869629,0.01568918488919735,0.36953315138816833,0.7937034368515015,-0.0054056067019701,0.3810320496559143,0.7546311616897583,0.0012142227496951818,0.3979346752166748,0.7756006121635437,0.010616174899041653,0.4055497348308563,0.8009098172187805,0.015864916145801544,0.34374117851257324,0.8218536376953125,-0.005108716432005167,0.36006757616996765,0.7951111197471619,0.00502415606752038,0.37604042887687683,0.8122875094413757,0.016178548336029053,0.3821882903575897,0.83230060338974,0.024364247918128967
0.45265039801597595,0.9644717574119568,1.3675848720140493e-07,0.4928086996078491,0.8826093673706055,0.004466442856937647,0.4948369562625885,0.7969543933868408,0.007994775660336018,0.4625259339809418,0.7421090602874756,0.012265182100236416,0.42964792251586914,0.7239332795143127,0.016517028212547302,0.4541700780391693,0.7432708144187927,-0.003966519143432379,0.4428134262561798,0.6496003866195679,0.0005870453314855695,0.4358111321926117,0.5993847250938416,0.006431804038584232,0.4275132417678833,0.5601972937583923,0.009742222726345062,0.4092167317867279,0.7572470307350159,-0.004668319132179022,0.4031825363636017,0.6931979656219482,0.00047681783325970173,0.4185595214366913,0.7158939838409424,0.008455973118543625,0.4290675222873688,0.7466559410095215,0.014419013634324074,0.3763319253921509,0.7829939126968384,-0.0029158471152186394,0.3856918215751648,0.7451080083847046,0.004612606950104237,0.4031491279602051,0.7630813121795654,0.013413171283900738,0.41119346022605896,0.788688063621521,0.017676617950201035,0.3520142436027527,0.8094637989997864,-0.0007026626262813807,0.36590564250946045,0.7822623252868652,0.009572475217282772,0.3819481134414673,0.7966061234474182,0.01990828476846218,0.38867440819740295,0.8162474632263184,0.027204902842640877
0.46004489064216614,0.9503875970840454,1.591374996223749e-07,0.5001029968261719,0.8683785200119019,0.0038374685682356358,0.5006316900253296,0.7850626707077026,0.0070183598436415195,0.46425744891166687,0.7343166470527649,0.010434229858219624,0.43122628331184387,0.717052161693573,0.013716982677578926,0.4654690623283386,0.7309412956237793,-0.0033226676750928164,0.4550924301147461,0.6392759084701538,-0.0008435772615484893,0.4480571448802948,0.5895135998725891,0.00434790039435029,0.4404577612876892,0.5527313947677612,0.007905582897365093,0.421283483505249,0.743694543838501,-0.004199117887765169,0.4098474383354187,0.6818194389343262,-0.00039298218325711787,0.4231591820716858,0.7015529870986938,0.0070489090867340565,0.43446120619773865,0.7305793762207031,0.013324746862053871,0.3879508972167969,0.768657386302948,-0.0030559871811419725,0.3941427171230316,0.7367686033248901,0.0030087092891335487,0.40977486968040466,0.7547731995582581,0.01072686817497015,0.41815152764320374,0.7789831757545471,0.01510475855320692,0.36231809854507446,0.7955456972122192,-0.0015370985493063927,0.3754141926765442,0.7758398652076721,0.008061870001256466,0.3904167115688324,0.7903379797935486,0.017683617770671844,0.3967426121234894,0.809175968170166,0.024965081363916397
0.4672701954841614,0.9396687746047974,1.595860368297508e-07,0.5076611042022705,0.8603119254112244,0.006013132631778717,0.5058357119560242,0.7798044681549072,0.009630893357098103,0.46956488490104675,0.7312139272689819,0.013048411346971989,0.4359263777732849,0.7153009176254272,0.016222570091485977,0.4752774238586426,0.7221547961235046,-0.0021864038426429033,0.4653552770614624,0.6278156042098999,0.001854795147664845,0.4589318037033081,0.5776221752166748,0.00784258171916008,0.45112723112106323,0.5404561161994934,0.011791229248046875,0.4319956600666046,0.7341717481613159,-0.003463939530774951,0.4204893112182617,0.6737024784088135,0.0021480214782059193,0.43185386061668396,0.693219780921936,0.010129636153578758,0.441557377576828,0.7207139730453491,0.016413938254117966,0.39879530668258667,0.7586429715156555,-0.0023634328972548246,0.40380969643592834,0.7280248403549194,0.005926524754613638,0.4185199737548828,0.7472419738769531,0.013593881390988827,0.4259527027606964,0.7710210084915161,0.01745721511542797,0.3735099732875824,0.7841496467590332,-0.0007241367129608989,0.3855378031730652,0.7641131281852722,0.010184451006352901,0.39966458082199097,0.7800424098968506,0.019978156313300133,0.40594542026519775,0.7990082502365112,0.027209792286157608
0.4771614670753479,0.9338764548301697,1.4105094692240527e-07,0.5169804692268372,0.8512125611305237,0.005518808029592037,0.5178045034408569,0.7706408500671387,0.007450098637491465,0.483315110206604,0.7249798774719238,0.00926344282925129,0.4498039484024048,0.7127835154533386,0.010581937618553638,0.4867337942123413,0.7212045192718506,-0.008036787621676922,0.4761006832122803,0.6237525939941406,-0.006128511857241392,0.4701897203922272,0.5736433863639832,-0.0011869948357343674,0.4636761248111725,0.5357065796852112,0.001844930462539196,0.44156569242477417,0.7339611053466797,-0.010461334139108658,0.4363510310649872,0.6700516939163208,-0.007417707238346338,0.44908538460731506,0.6930314302444458,0.0009487512870691717,0.4586333930492401,0.7223430871963501,0.007106977514922619,0.4079480469226837,0.7586205005645752,-0.0104124890640378,0.416545033454895,0.7180889844894409,-0.003779070684686303,0.4308560788631439,0.7384973764419556,0.0056316484697163105,0.43738049268722534,0.7641429305076599,0.010121706873178482,0.3821619153022766,0.7836816906929016,-0.009890995919704437,0.39548641443252563,0.7542458176612854,-0.00020556780509650707,0.4102899432182312,0.7709024548530579,0.010686106979846954,0.41643133759498596,0.7910603284835815,0.018244629725813866
0.4869941174983978,0.9293695688247681,1.4089310695908352e-07,0.5286789536476135,0.8508095145225525,0.006396965589374304,0.5326979160308838,0.7722663283348083,0.008484729565680027,0.5019109845161438,0.7270658016204834,0.010369586758315563,0.4699133038520813,0.7169122695922852,0.011495114304125309,0.49952447414398193,0.7141596078872681,-0.0074454075656831264,0.4910362660884857,0.6188820004463196,-0.004759182687848806,0.486843079328537,0.5691183805465698,0.000770122860558331,0.48257485032081604,0.5316160917282104,0.004188823979347944,0.4549369513988495,0.724806547164917,-0.010006191208958626,0.4471239745616913,0.6586325168609619,-0.00657005375251174,0.45775672793388367,0.6815742254257202,0.0018331618048250675,0.4668375551700592,0.7129189968109131,0.008358128368854523,0.42128267884254456,0.7484543919563293,-0.009885920211672783,0.42661601305007935,0.7122660875320435,-0.0028631112072616816,0.4399270713329315,0.7331695556640625,0.005551978480070829,0.4471255838871002,0.7599546909332275,0.00947445910423994,0.3950865864753723,0.7742369771003723,-0.009176024235785007,0.405185729265213,0.7505761981010437,0.00026971797342412174,0.4194828271865845,0.7687557935714722,0.010114002041518688,0.4262908101081848,0.7901697754859924,0.0171402245759964
0.4981484115123749,0.9262330532073975,1.535653524342706e-07,0.5374261736869812,0.8436068892478943,0.00685438746586442,0.5383586287498474,0.7639077305793762,0.009818082675337791,0.5051446557044983,0.7182946801185608,0.012680242769420147,0.47295665740966797,0.7061157822608948,0.014795614406466484,0.5131497383117676,0.7133587598800659,-0.006289098411798477,0.5030551552772522,0.6168990731239319,-0.002858336316421628,0.49962565302848816,0.5665243268013,0.0032203602604568005,0.49590471386909485,0.5267496705055237,0.006948133464902639,0.46775251626968384,0.72346431016922,-0.008851941674947739,0.45789626240730286,0.6514352560043335,-0.0038632317446172237,0.46945682168006897,0.6752423048019409,0.005033503286540508,0.47985148429870605,0.7062147855758667,0.011586098000407219,0.4338625371456146,0.7455893158912659,-0.008755362592637539,0.4405706524848938,0.7062086462974548,-0.0003018187126144767,0.45352330803871155,0.7271499633789062,0.008326937444508076,0.45978009700775146,0.7529463171958923,0.012061763554811478,0.4068590998649597,0.768651008605957,-0.008083838038146496,0.4161716401576996,0.7399374842643738,0.003262813203036785,0.42997831106185913,0.7573203444480896,0.013765408657491207,0.4367653727531433,0.7785734534263611,0.020686062052845955
0.5052187442779541,0.9206741452217102,1.646055380888356e-07,0.5438591837882996,0.8398604393005371,0.007519046775996685,0.545590341091156,0.7630190849304199,0.010341598652303219,0.5124959945678711,0.718765914440155,0.012788229621946812,0.4804770052433014,0.707757830619812,0.014490890316665173,0.5226961374282837,0.7096859216690063,-0.004096768796443939,0.5132235288619995,0.6125306487083435,-0.0005389864090830088,0.5108515024185181,0.5626997947692871,0.005362457595765591,0.5085543990135193,0.5236156582832336,0.009019491262733936,0.4763767719268799,0.7189549207687378,-0.007108395919203758,0.46898847818374634,0.6473789811134338,-0.0016707406612113118,0.48094937205314636,0.6731370091438293,0.007204946130514145,0.4914417564868927,0.704731285572052,0.01366965938359499,0.44210994243621826,0.7415534257888794,-0.0075666578486561775,0.4496476352214813,0.7046542167663574,0.001355053042061627,0.46235620975494385,0.7274200916290283,0.010240358300507069,0.4679514169692993,0.7532547116279602,0.014054425992071629,0.41477370262145996,0.7650384902954102,-0.007450508885085583,0.4234725832939148,0.7360877990722656,0.004870313685387373,0.43691393733024597,0.7540946006774902,0.016342949122190475,0.4429545998573303,0.775566577911377,0.0238014068454504
0.5135077834129333,0.9220185279846191,1.213093554497391e-07,0.5530485510826111,0.8461123704910278,0.009405869990587234,0.5550380945205688,0.7680160999298096,0.014130824245512486,0.5246569514274597,0.7150343060493469,0.01812131330370903,0.4944397211074829,0.6970263719558716,0.021110616624355316,0.5344995856285095,0.7114611864089966,-0.00011621212615864351,0.5261549353599548,0.6169177293777466,0.0033529491629451513,0.5248324275016785,0.5643166899681091,0.008004299364984035,0.5225721597671509,0.5219744443893433,0.010679928585886955,0.49042266607284546,0.718946635723114,-0.003990966826677322,0.4780017137527466,0.6450318694114685,0.00041832056012935936,0.48995786905288696,0.6712334752082825,0.008453098125755787,0.5007496476173401,0.7040994763374329,0.01495752390474081,0.45622166991233826,0.7412043809890747,-0.0052344538271427155,0.45715412497520447,0.7017979025840759,0.0027338992804288864,0.47032374143600464,0.7239100933074951,0.012201203964650631,0.4765941798686981,0.7502766251564026,0.016930755227804184,0.428937703371048,0.7664279341697693,-0.005760965868830681,0.43305736780166626,0.7321293950080872,0.00518155749887228,0.4460720419883728,0.7512306571006775,0.017146723344922066,0.4519025981426239,0.774398148059845,0.0253917183727026
0.5409287214279175,0.9580090641975403,8.561848119370552e-08,0.586700975894928,0.8803020119667053,0.012106196023523808,0.5863419771194458,0.7940672039985657,0.017643751576542854,0.5580006241798401,0.7383139729499817,0.021518070250749588,0.5249049663543701,0.7217824459075928,0.023739861324429512,0.5770498514175415,0.7398329377174377,-0.002258958760648966,0.5698363780975342,0.6309871077537537,0.0007745383190922439,0.5657659769058228,0.5720109343528748,0.005971595179289579,0.5601000189781189,0.5276641845703125,0.00893241073936224,0.5305407047271729,0.7455276846885681,-0.008766476996243,0.5149931311607361,0.6579720973968506,-0.006624734960496426,0.5252940058708191,0.6824137568473816,0.0015073207905516028,0.5348767042160034,0.7163710594177246,0.009029820561408997,0.4916272759437561,0.7669772505760193,-0.012175807729363441,0.4880330562591553,0.7082396745681763,-0.004567809868603945,0.5003987550735474,0.7339503765106201,0.0069061629474163055,0.5053034424781799,0.7626161575317383,0.01334435772150755,0.459634929895401,0.793391227722168,-0.014584100805222988,0.4599403440952301,0.7428793907165527,-0.003575574606657028,0.47181156277656555,0.7646313309669495,0.010771841742098331,0.47549453377723694,0.7904599905014038,0.020862411707639694
0.5461809635162354,0.983248770236969,1.9886542190761247e-07,0.5899141430854797,0.8990474939346313,0.009252225048840046,0.5887991786003113,0.8077760934829712,0.010452455841004848,0.5611054301261902,0.7521126866340637,0.01062254048883915,0.5283451676368713,0.7288231253623962,0.008996721357107162,0.5806541442871094,0.7619257569313049,-0.014372393488883972,0.5724207758903503,0.6442743539810181,-0.016184130683541298,0.5674617886543274,0.5815654993057251,-0.013119269162416458,0.56015545129776,0.5338705778121948,-0.010872761718928814,0.5330564379692078,0.7693559527397156,-0.021343935281038284,0.5187000632286072,0.6664234399795532,-0.022322773933410645,0.5318948030471802,0.6841984391212463,-0.014366165734827518,0.5421767830848694,0.7163444757461548,-0.007355283014476299,0.49246925115585327,0.7916180491447449,-0.024968206882476807,0.4888480007648468,0.7169227004051208,-0.02098233811557293,0.5049181580543518,0.7422289848327637,-0.007907446473836899,0.5110741853713989,0.771434485912323,7.870845729485154e-05,0.46051281690597534,0.8172712326049805,-0.02753444015979767,0.46180596947669983,0.7541282773017883,-0.018964337185025215,0.4764869213104248,0.7725734710693359,-0.0028856333810836077,0.480703204870224,0.797031044960022,0.008620306849479675
0.5403004288673401,1.0015047788619995,1.6565837768212077e-07,0.5869041681289673,0.914543628692627,0.009024322032928467,0.5886540412902832,0.8230890035629272,0.00961324293166399,0.5615608096122742,0.7667941451072693,0.009114589542150497,0.5287783741950989,0.7426064014434814,0.006834542844444513,0.5818754434585571,0.7825459241867065,-0.015856828540563583,0.5769354104995728,0.659619927406311,-0.017596369609236717,0.5753737688064575,0.597457766532898,-0.01477479375898838,0.5713738203048706,0.5495656728744507,-0.012958211824297905,0.5323379039764404,0.7900941371917725,-0.02202725224196911,0.5198909044265747,0.693393886089325,-0.02141518145799637,0.532158374786377,0.7158646583557129,-0.012554395012557507,0.5417031049728394,0.7497487664222717,-0.006456599570810795,0.4904329776763916,0.810936689376831,-0.02491564303636551,0.4873889982700348,0.7328841686248779,-0.018343621864914894,0.5026227235794067,0.7575812339782715,-0.003906297963112593,0.5082395672798157,0.7884116768836975,0.0030803268309682608,0.45734262466430664,0.8338466882705688,-0.0270035732537508,0.4603036940097809,0.7688884139060974,-0.017529431730508804,0.47508397698402405,0.7871608734130859,-0.0015533820260316133,0.47895875573158264,0.8135333061218262,0.008962254971265793
0.5341817140579224,1.027148723602295,1.640808307001862e-07,0.5823803544044495,0.941301167011261,0.006448837928473949,0.584270715713501,0.8478960394859314,0.0051798708736896515,0.5549405217170715,0.7932171821594238,0.0033188906963914633,0.5198232531547546,0.7703474164009094,-0.0002445525606162846,0.5762898921966553,0.8030617833137512,-0.02089843526482582,0.5741847157478333,0.6763348579406738,-0.02486075647175312,0.5720272064208984,0.6108023524284363,-0.022351175546646118,0.5657654404640198,0.560259222984314,-0.02076503075659275,0.5273438096046448,0.8097380995750427,-0.027176067233085632,0.5161854028701782,0.708816647529602,-0.030408307909965515,0.527528703212738,0.7377345561981201,-0.021121516823768616,0.5348925590515137,0.7749211192131042,-0.013784692622721195,0.48501092195510864,0.8300485014915466,-0.03038281761109829,0.4814608097076416,0.7485133409500122,-0.027014996856451035,0.495809406042099,0.7762166857719421,-0.01159614883363247,0.5004167556762695,0.8071677088737488,-0.0031614270992577076,0.4500601291656494,0.8536503314971924,-0.032989416271448135,0.4525877833366394,0.787928581237793,-0.02574765309691429,0.46634912490844727,0.8099666833877563,-0.009730649180710316,0.4696875810623169,0.8367165327072144,0.0011520604602992535
0.47297167778015137,1.0878279209136963,2.5826136607065564e-07,0.5296338200569153,0.9976294040679932,-0.009461738169193268,0.5325831770896912,0.887054979801178,-0.016136564314365387,0.4980999231338501,0.8106766939163208,-0.01962428167462349,0.46349623799324036,0.7726669311523438,-0.02327120117843151,0.5114823579788208,0.8624811172485352,-0.03584516793489456,0.502941370010376,0.7299914956092834,-0.04352215677499771,0.5007047653198242,0.6590662002563477,-0.04260748624801636,0.49593815207481384,0.6036679148674011,-0.04178120195865631,0.457805335521698,0.8738927841186523,-0.03579042851924896,0.45462074875831604,0.752647876739502,-0.04538640379905701,0.4759438633918762,0.7726724147796631,-0.04015514254570007,0.487040638923645,0.8163654208183289,-0.03401804342865944,0.4156643748283386,0.895366370677948,-0.033326730132102966,0.42609140276908875,0.7980197072029114,-0.03585207462310791,0.4465542137622833,0.8195189237594604,-0.022785449400544167,0.4500357210636139,0.8560991287231445,-0.013931394554674625,0.3851150870323181,0.9161897897720337,-0.03154924511909485,0.4009096920490265,0.8349952101707458,-0.028352079913020134,0.4209725260734558,0.8509668707847595,-0.015337864868342876,0.42357659339904785,0.8816466927528381,-0.006185475736856461
0.4662589728832245,1.0894074440002441,2.3680196648001584e-07,0.5154196619987488,0.9993037581443787,-0.0047023179940879345,0.5155669450759888,0.8881151080131531,-0.00876409187912941,0.4790492355823517,0.8112285733222961,-0.010969222523272038,0.441652774810791,0.7747310996055603,-0.013005954213440418,0.5012136101722717,0.8592552542686462,-0.023892119526863098,0.48690828680992126,0.731382429599762,-0.030469810590147972,0.4821176826953888,0.6621238589286804,-0.029511811211705208,0.4769076704978943,0.6077481508255005,-0.028514690697193146,0.44954320788383484,0.8715612292289734,-0.025844423100352287,0.4354953467845917,0.7583590149879456,-0.038332097232341766,0.45138612389564514,0.7843547463417053,-0.03477540984749794,0.4640297293663025,0.8293285369873047,-0.0278161633759737,0.40743181109428406,0.8916785717010498,-0.025552578270435333,0.4109615683555603,0.8060882091522217,-0.029461786150932312,0.4276253581047058,0.8295133113861084,-0.016973936930298805,0.4335781931877136,0.8653849959373474,-0.007162435911595821,0.37466198205947876,0.9106869101524353,-0.025675306096673012,0.3850919008255005,0.8426584005355835,-0.02129114605486393,0.4010733962059021,0.861083984375,-0.00794754084199667,0.40487658977508545,0.8902100324630737,0.002176732989028096
0.4558958411216736,1.0834650993347168,2.7556222903513117e-07,0.5038880109786987,0.993097186088562,-0.006054212339222431,0.5040236115455627,0.8810237646102905,-0.011468250304460526,0.4677545726299286,0.8033759593963623,-0.014298266731202602,0.4276635944843292,0.7654540538787842,-0.016995001584291458,0.4831751585006714,0.8572463393211365,-0.029745014384388924,0.47005343437194824,0.7293411493301392,-0.03644707798957825,0.466696560382843,0.6608293056488037,-0.03557967394590378,0.46201086044311523,0.6072417497634888,-0.034794654697179794,0.4306354224681854,0.8717904090881348,-0.030311796814203262,0.42263659834861755,0.7620092034339905,-0.039285894483327866,0.4419500529766083,0.786087155342102,-0.03360303118824959,0.45419275760650635,0.8274178504943848,-0.027301661670207977,0.38981878757476807,0.8940383195877075,-0.028441011905670166,0.39642974734306335,0.8091868758201599,-0.02915452979505062,0.41570088267326355,0.8316280245780945,-0.014528687112033367,0.4218122661113739,0.8656030893325806,-0.0053174737840890884,0.3602367341518402,0.9149768352508545,-0.02718149870634079,0.3741375207901001,0.8483603596687317,-0.021362273022532463,0.3920585513114929,0.8653455376625061,-0.00733666867017746,0.3956931233406067,0.892730176448822,0.00220962124876678
0.44951263070106506,1.0751234292984009,2.7299935823066335e-07,0.4947766363620758,0.9917541742324829,-0.002452847082167864,0.49894988536834717,0.8848454356193542,-0.005019464064389467,0.4697718620300293,0.8080964684486389,-0.005779427010565996,0.43502694368362427,0.7701159715652466,-0.006312643177807331,0.47257930040359497,0.8439663052558899,-0.022888686507940292,0.4567543864250183,0.7166071534156799,-0.026179971173405647,0.448941707611084,0.6522678136825562,-0.02202708274126053,0.43982744216918945,0.6029826402664185,-0.018749918788671494,0.4218471646308899,0.8625805974006653,-0.02474350295960903,0.4041373133659363,0.7532151341438293,-0.031018782407045364,0.42069384455680847,0.7772462368011475,-0.02279759757220745,0.43373793363571167,0.8169713020324707,-0.014066765084862709,0.38046592473983765,0.8884485363960266,-0.02431321330368519,0.3809555172920227,0.8113808035850525,-0.02540268935263157,0.3990728259086609,0.836992084980011,-0.010807227343320847,0.4062833786010742,0.869369387626648,-0.00048455907381139696,0.3489679992198944,0.9125836491584778,-0.023996349424123764,0.35922273993492126,0.8514899015426636,-0.018978428095579147,0.37628063559532166,0.8727462887763977,-0.004334337543696165,0.38117653131484985,0.8998640775680542,0.00668798154219985
0.43667638301849365,1.069636583328247,2.4408595322711335e-07,0.4845825433731079,0.9799708724021912,0.0008279640460386872,0.48900848627090454,0.8767621517181396,0.0007670940249226987,0.46171608567237854,0.80223149061203,0.002213728614151478,0.4319690763950348,0.7608102560043335,0.003913198132067919,0.46046358346939087,0.8349353671073914,-0.01920168288052082,0.4438478648662567,0.7113327980041504,-0.020271040499210358,0.4357379078865051,0.6458669900894165,-0.01486712321639061,0.4261922538280487,0.5965368747711182,-0.010729437693953514,0.40969258546829224,0.8532972931861877,-0.021062977612018585,0.39595508575439453,0.7429624199867249,-0.02425098419189453,0.4132850170135498,0.7670258283615112,-0.014838197268545628,0.4262194037437439,0.8090220093727112,-0.005490391049534082,0.37070465087890625,0.8801345229148865,-0.020339101552963257,0.3762403726577759,0.8039249181747437,-0.018015962094068527,0.39477235078811646,0.8289517760276794,-0.003943243529647589,0.4016282260417938,0.8617258071899414,0.0054489546455442905,0.3418464660644531,0.9051531553268433,-0.019444337114691734,0.3546994924545288,0.8466060161590576,-0.011507810093462467,0.3716876208782196,0.8664774894714355,0.002827875781804323,0.3764714300632477,0.8927146196365356,0.013202881440520287
0.4368804693222046,1.0563184022903442,2.2518089792811224e-07,0.48086851835250854,0.9684687256813049,0.003299473086372018,0.4831055700778961,0.8694987297058105,0.004631823394447565,0.46048474311828613,0.7960880398750305,0.006795867811888456,0.4326624870300293,0.7568186521530151,0.009188462980091572,0.4534894824028015,0.8211110830307007,-0.014637581072747707,0.4343681037425995,0.7021338939666748,-0.014525874517858028,0.42662835121154785,0.6391117572784424,-0.009242728352546692,0.41805872321128845,0.59200519323349,-0.005199957173317671,0.40305688977241516,0.8393474817276001,-0.017300395295023918,0.3884023427963257,0.7345852851867676,-0.01879058964550495,0.40596380829811096,0.7575781345367432,-0.009547312743961811,0.4190292954444885,0.7990177869796753,-0.0006061543244868517,0.36437898874282837,0.867094099521637,-0.017326928675174713,0.37061411142349243,0.7959015369415283,-0.013733246363699436,0.3887265920639038,0.8203133344650269,-0.000288382958387956,0.3950568437576294,0.8532360792160034,0.008456120267510414,0.3352394700050354,0.8935790061950684,-0.017127621918916702,0.3486749529838562,0.8396467566490173,-0.008740385062992573,0.36496251821517944,0.8600358366966248,0.005187331698834896,0.36967918276786804,0.886405885219574,0.015351896174252033
0.43123385310173035,1.043065071105957,2.178580871259328e-07,0.47868260741233826,0.9592646360397339,-0.0007004794897511601,0.4840734302997589,0.8636445999145508,0.0011994335800409317,0.4639202952384949,0.7907115817070007,0.005048780236393213,0.44064685702323914,0.7482338547706604,0.009782681241631508,0.44732487201690674,0.8077731728553772,-0.014636456966400146,0.43139612674713135,0.6899030208587646,-0.012472176924347878,0.4247469902038574,0.6293866634368896,-0.006094756536185741,0.416324257850647,0.5843743681907654,-0.0016023636562749743,0.39799314737319946,0.8260049223899841,-0.013965342193841934,0.3854597210884094,0.7277288436889648,-0.012931513600051403,0.40420135855674744,0.7481632828712463,-0.0036885892041027546,0.4180220663547516,0.7872172594070435,0.004678251687437296,0.3608323931694031,0.8537071347236633,-0.011081615462899208,0.36747750639915466,0.7852569222450256,-0.006002685986459255,0.3869819939136505,0.8067126870155334,0.005871711764484644,0.39430078864097595,0.8381132483482361,0.013171798549592495,0.33240440487861633,0.8805336952209473,-0.00833590142428875,0.3467269241809845,0.8286821842193604,-0.0005138131673447788,0.3630295693874359,0.8472613096237183,0.011067204177379608,0.36798596382141113,0.8724119663238525,0.019679294899106026
0.4173591732978821,0.981582760810852,3.37892942070539e-07,0.46575927734375,0.9295153021812439,-0.007554951589554548,0.4802654981613159,0.8486311435699463,-0.009606612846255302,0.4695379137992859,0.7833550572395325,-0.008769640699028969,0.44929665327072144,0.7476969957351685,-0.008385807275772095,0.4426960349082947,0.8053600192070007,-0.020173149183392525,0.4371500015258789,0.7243678569793701,-0.02330414019525051,0.4306812882423401,0.6732749342918396,-0.023432472720742226,0.42370128631591797,0.6354683637619019,-0.023879557847976685,0.39714378118515015,0.8181214332580566,-0.01857251673936844,0.38736578822135925,0.7331181764602661,-0.023229802027344704,0.40285584330558777,0.7409165501594543,-0.020451437681913376,0.4147399365901947,0.7685100436210632,-0.01614205539226532,0.35999026894569397,0.840013861656189,-0.015289412811398506,0.36560413241386414,0.7749491930007935,-0.016137313097715378,0.38200128078460693,0.7881124019622803,-0.006894250400364399,0.3887965977191925,0.8129982948303223,3.3459764381404966e-05,0.33254823088645935,0.8653672933578491,-0.012353532016277313,0.341873437166214,0.8091863393783569,-0.010643846355378628,0.35736778378486633,0.8194827437400818,-0.0003140837070532143,0.36270007491111755,0.8408028483390808,0.008232924155890942
0.4359016716480255,1.030090093612671,2.2070233285376162e-07,0.4806267321109772,0.9394363164901733,0.0031397202983498573,0.4820975661277771,0.8443495631217957,0.00607696920633316,0.4587874412536621,0.7753938436508179,0.009721757844090462,0.43300336599349976,0.7421891689300537,0.013916593976318836,0.44445884227752686,0.7930392026901245,-0.00978909619152546,0.4325423538684845,0.6807295083999634,-0.007644557394087315,0.42719048261642456,0.62178635597229,-0.00232181535102427,0.4194883704185486,0.5775991678237915,0.0011773168807849288,0.39547961950302124,0.8115746378898621,-0.01135733351111412,0.3893935978412628,0.7201513648033142,-0.01063945796340704,0.4093420207500458,0.739863395690918,-0.002813067054376006,0.4226170778274536,0.7765910625457764,0.004356157500296831,0.35950085520744324,0.8405280709266663,-0.010470002889633179,0.37212827801704407,0.7762016654014587,-0.004926071502268314,0.3924338221549988,0.7954650521278381,0.006026311777532101,0.4003065824508667,0.8254273533821106,0.01250691432505846,0.33294254541397095,0.8690804839134216,-0.009472304955124855,0.3505755066871643,0.8209322094917297,-0.0006487346836365759,0.3678835332393646,0.8364937901496887,0.011023434810340405,0.3741942346096039,0.8605560064315796,0.0195823535323143
0.4399395287036896,1.0129623413085938,2.1005489259096066e-07,0.4877771735191345,0.9253952503204346,0.00216726609505713,0.4920699894428253,0.8324218988418579,0.0043257176876068115,0.4659143388271332,0.7667129635810852,0.007551897317171097,0.43499279022216797,0.7413240075111389,0.011096121743321419,0.45118075609207153,0.7807480692863464,-0.012440452352166176,0.4372594654560089,0.6697547435760498,-0.011158527806401253,0.4314606785774231,0.6112002730369568,-0.006017160601913929,0.42349162697792053,0.5673876404762268,-0.0027373768389225006,0.40127962827682495,0.798021674156189,-0.013853072188794613,0.3932475745677948,0.7105429768562317,-0.012836892157793045,0.41227999329566956,0.730699360370636,-0.00417989119887352,0.42474564909935,0.7674155831336975,0.002956158248707652,0.3648536205291748,0.8262616991996765,-0.01284060813486576,0.37452980875968933,0.7676268815994263,-0.008145922794938087,0.39368322491645813,0.7873436808586121,0.003253903007134795,0.4010673761367798,0.8174405097961426,0.00973794050514698,0.33783674240112305,0.8543908596038818,-0.011728857643902302,0.3538438081741333,0.8080825209617615,-0.003914837725460529,0.370981365442276,0.8250733017921448,0.007926218211650848,0.37662267684936523,0.8496898412704468,0.01641763187944889
0.44339320063591003,0.9516403079032898,3.112276658612245e-07,0.487878680229187,0.8966163992881775,-0.0037112433928996325,0.49628177285194397,0.8123663663864136,-0.0036475080996751785,0.4791620075702667,0.7522897124290466,-0.001606356119737029,0.44882112741470337,0.7360482215881348,-0.0006775424699299037,0.461555540561676,0.777536153793335,-0.013088734820485115,0.45640942454338074,0.703471839427948,-0.014781533740460873,0.4475162625312805,0.65460205078125,-0.015280570834875107,0.4395425319671631,0.6204037666320801,-0.016378384083509445,0.41744986176490784,0.7893336415290833,-0.013287716545164585,0.40274250507354736,0.7157335877418518,-0.015962056815624237,0.4143736660480499,0.7277268767356873,-0.013456784188747406,0.42552292346954346,0.7559107542037964,-0.010207814164459705,0.381012886762619,0.8117192387580872,-0.011802109889686108,0.3801106810569763,0.7581297159194946,-0.012227562256157398,0.39374345541000366,0.7725946307182312,-0.004389210604131222,0.4008350968360901,0.796681821346283,0.0011547692120075226,0.35377246141433716,0.8375887274742126,-0.010230199433863163,0.3578585982322693,0.7889845967292786,-0.007853941060602665,0.37047824263572693,0.8006405830383301,0.002182204509153962,0.3760673999786377,0.8207009434700012,0.009976466186344624
0.4543178081512451,1.0002881288528442,2.0994352212255762e-07,0.4976655840873718,0.9083283543586731,0.00473531149327755,0.49903640151023865,0.8161922693252563,0.00671120872721076,0.46708160638809204,0.7558174133300781,0.009092154912650585,0.4331761598587036,0.7381967306137085,0.01170787401497364,0.46207278966903687,0.7707393169403076,-0.010743820108473301,0.4483751058578491,0.6606725454330444,-0.010143468156456947,0.4410882890224457,0.6055805683135986,-0.004770978353917599,0.4323175251483917,0.5642346143722534,-0.0008369376300834119,0.4115903675556183,0.7892093658447266,-0.013496138155460358,0.402130126953125,0.7003932595252991,-0.013005075044929981,0.4190099239349365,0.7204864025115967,-0.004370789043605328,0.43125391006469727,0.7542374134063721,0.0033068510238081217,0.3744239807128906,0.8168987035751343,-0.013566944748163223,0.3845647871494293,0.7602757811546326,-0.00898716226220131,0.40211036801338196,0.7801716327667236,0.0018302875105291605,0.40942803025245667,0.8092944622039795,0.008560655638575554,0.34728920459747314,0.8429964780807495,-0.013196262530982494,0.36315712332725525,0.8001547455787659,-0.0037610679864883423,0.37982016801834106,0.8164083957672119,0.008747640997171402,0.38631755113601685,0.8398826718330383,0.01790454424917698
0.46572038531303406,0.9872851371765137,2.026954319944707e-07,0.5093451142311096,0.8952038884162903,0.0059640007093548775,0.5064164400100708,0.8044607043266296,0.008569872006773949,0.46662789583206177,0.7479366064071655,0.011645933613181114,0.43157386779785156,0.7297776937484741,0.014590899460017681,0.4763805866241455,0.7622177004814148,-0.01007002778351307,0.4665156602859497,0.6493390798568726,-0.007035360671579838,0.4577867388725281,0.5932290554046631,-9.389015758642927e-05,0.44661471247673035,0.5508530735969543,0.004361405503004789,0.4264948070049286,0.7786009907722473,-0.011916907504200935,0.41846105456352234,0.6920313239097595,-0.008632400073111057,0.43420273065567017,0.7104200124740601,0.0009674059110693634,0.4455162584781647,0.7421377897262573,0.008259700611233711,0.3897521197795868,0.804460346698761,-0.010720913298428059,0.39644065499305725,0.7450982332229614,-0.0032318474259227514,0.4145430624485016,0.7621951699256897,0.007963048294186592,0.422611266374588,0.790941596031189,0.01374638732522726,0.3629407584667206,0.8298426270484924,-0.008832474239170551,0.37480291724205017,0.7824112176895142,0.0021658868063241243,0.39178457856178284,0.7967188954353333,0.014827024191617966,0.3986232280731201,0.8201231360435486,0.02349645458161831
0.47853904962539673,0.9791672229766846,2.1637622182879568e-07,0.5204128623008728,0.8866068124771118,0.006786314770579338,0.5187007784843445,0.7990934252738953,0.008760470896959305,0.4812418222427368,0.7473493814468384,0.010768071748316288,0.4471845328807831,0.7311349511146545,0.01220663171261549,0.49136191606521606,0.7542875409126282,-0.010622698813676834,0.48211368918418884,0.6407366991043091,-0.008962981402873993,0.47509825229644775,0.5817072987556458,-0.0032308490481227636,0.4661882519721985,0.536980390548706,0.0004273467347957194,0.4420996308326721,0.7694706916809082,-0.013682838529348373,0.430982768535614,0.684847891330719,-0.011994477361440659,0.4463777244091034,0.7068091630935669,-0.002993582747876644,0.4592401683330536,0.7397834062576294,0.004140450153499842,0.405027836561203,0.796405017375946,-0.013670130632817745,0.40830010175704956,0.7397580146789551,-0.007078023627400398,0.42522478103637695,0.7601543664932251,0.0041350023820996284,0.4339403510093689,0.7888683080673218,0.010011100210249424,0.377557635307312,0.8231474161148071,-0.01294738706201315,0.38624879717826843,0.7762972712516785,-0.0026336335577070713,0.40307438373565674,0.7922877073287964,0.010198288597166538,0.4112553000450134,0.8154259920120239,0.019100327044725418
0.4964962601661682,0.9788081645965576,1.9730052258637443e-07,0.5327862501144409,0.8809206485748291,0.009670406579971313,0.5270796418190002,0.7955031991004944,0.010915420018136501,0.4916605055332184,0.7464709281921387,0.011139430105686188,0.4561079442501068,0.7324671745300293,0.010228895582258701,0.5113064050674438,0.752295732498169,-0.008045494556427002,0.4990573227405548,0.6402784585952759,-0.008248395286500454,0.4925702214241028,0.5834835171699524,-0.0038382760249078274,0.48632463812828064,0.5398662686347961,-0.0006486728671006858,0.46150997281074524,0.7669160962104797,-0.013699971139431,0.44467365741729736,0.679474949836731,-0.015262392349541187,0.45646020770072937,0.7069675326347351,-0.007919627241790295,0.46988868713378906,0.7431434392929077,-0.00045663988566957414,0.42171838879585266,0.7936806678771973,-0.01631690375506878,0.4192415177822113,0.7380654811859131,-0.011200493201613426,0.4329979419708252,0.761843740940094,-0.0009166798554360867,0.44187605381011963,0.790968120098114,0.005267976317554712,0.3910767734050751,0.8213409781455994,-0.01801225356757641,0.3969694972038269,0.7785055041313171,-0.007706667296588421,0.4117651581764221,0.7975191473960876,0.005031405482441187,0.4201519787311554,0.8206793069839478,0.014249319210648537
0.5376630425453186,1.0193939208984375,4.915404616667729e-08,0.5793852806091309,0.9307124614715576,0.007575538475066423,0.5758579969406128,0.8345900177955627,0.00908635649830103,0.5418717861175537,0.7763007283210754,0.009879532270133495,0.5068187117576599,0.7575391530990601,0.009680415503680706,0.5705446004867554,0.791865348815918,-0.01329867448657751,0.5587618947029114,0.663292407989502,-0.016120558604598045,0.5555856823921204,0.6009960770606995,-0.012814173474907875,0.5520362854003906,0.553057849407196,-0.010532880201935768,0.5220710039138794,0.8022642135620117,-0.019799700006842613,0.5020027756690979,0.7018236517906189,-0.023875871673226357,0.5131878852844238,0.7309807538986206,-0.016108887270092964,0.5245999097824097,0.7668587565422058,-0.008584599941968918,0.4797113239765167,0.8247810006141663,-0.023485593497753143,0.4702105224132538,0.7462685108184814,-0.020495908334851265,0.48384809494018555,0.770702600479126,-0.007055030204355717,0.49181899428367615,0.8017792701721191,0.0012305324198678136,0.4457048177719116,0.849759042263031,-0.026557886973023415,0.4447682499885559,0.7841330170631409,-0.018142562359571457,0.4587131142616272,0.8014742136001587,-0.0028674197383224964,0.46426597237586975,0.8303235173225403,0.008011359721422195
0.5374395847320557,1.0393470525741577,1.4092896094552998e-07,0.5845826864242554,0.9491373300552368,0.00436382507905364,0.5870003700256348,0.8484563231468201,0.003901237389072776,0.56112140417099,0.7835748195648193,0.0034668524749577045,0.5282005667686462,0.7554401159286499,0.0020458893850445747,0.5754140615463257,0.8086996078491211,-0.019982505589723587,0.5661883354187012,0.6803065538406372,-0.022450966760516167,0.5652179718017578,0.6152371168136597,-0.0193192008882761,0.5621646642684937,0.5655427575111389,-0.01729864999651909,0.525522768497467,0.8202550411224365,-0.0246791522949934,0.5100593566894531,0.714018702507019,-0.02706010825932026,0.5251662731170654,0.7396420240402222,-0.018306104466319084,0.5364316701889038,0.7789742350578308,-0.011258787475526333,0.4833754897117615,0.8434733748435974,-0.026394909247756004,0.4778434634208679,0.7556619644165039,-0.022436659783124924,0.49488526582717896,0.7785465121269226,-0.008206618949770927,0.5025529861450195,0.8118249177932739,-0.0005208501825109124,0.4499301314353943,0.8675295114517212,-0.02773836813867092,0.4506417512893677,0.7925964593887329,-0.020347729325294495,0.46605026721954346,0.8099913597106934,-0.0052959308959543705,0.4714357554912567,0.8402121067047119,0.004810050595551729
0.5338867902755737,1.0599851608276367,1.9652216565191338e-07,0.5862263441085815,0.9688644409179688,0.003332823282107711,0.5915652513504028,0.8680148124694824,0.0018358976813033223,0.5640395283699036,0.8052942156791687,0.0008147257030941546,0.5292967557907104,0.7769505977630615,-0.0013008762616664171,0.57684725522995,0.8286994099617004,-0.023470452055335045,0.5686322450637817,0.6968997716903687,-0.026040976867079735,0.5669458508491516,0.6297967433929443,-0.02307332120835781,0.5622003674507141,0.5784655213356018,-0.021293597295880318,0.5252885222434998,0.8386051654815674,-0.028095807880163193,0.5121553540229797,0.7234716415405273,-0.030883120372891426,0.5306413769721985,0.7446430921554565,-0.022640544921159744,0.5419423580169678,0.7846137285232544,-0.01605420932173729,0.4826544225215912,0.8610564470291138,-0.02954390086233616,0.47896766662597656,0.7630620002746582,-0.025868240743875504,0.4997468888759613,0.7849394679069519,-0.011489257216453552,0.5072043538093567,0.8193256258964539,-0.0038068562280386686,0.44980454444885254,0.8840938210487366,-0.030614951625466347,0.4526395797729492,0.8022750020027161,-0.02403724379837513,0.4710562825202942,0.8191572427749634,-0.008880888111889362,0.47647345066070557,0.8498126864433289,0.0012533129192888737
0.5281416177749634,1.078577995300293,2.1155503304726153e-07,0.5820291042327881,0.9894160032272339,0.0038073190953582525,0.5885679125785828,0.8876286149024963,0.001329677877947688,0.5616235136985779,0.8241041302680969,-0.001021789968945086,0.5254666209220886,0.7964829206466675,-0.004748212639242411,0.5718874931335449,0.8509262800216675,-0.025585604831576347,0.5673202872276306,0.7173911333084106,-0.030358316376805305,0.5678849220275879,0.6498551964759827,-0.028244823217391968,0.5651601552963257,0.5974020957946777,-0.026836944743990898,0.5197855234146118,0.8595907092094421,-0.031792011111974716,0.5095680952072144,0.7383437752723694,-0.037362877279520035,0.5269711017608643,0.7619210481643677,-0.02938033454120159,0.5369529128074646,0.80399489402771,-0.022321641445159912,0.4764120578765869,0.8803086280822754,-0.034696001559495926,0.476032555103302,0.7772034406661987,-0.03315837308764458,0.49505946040153503,0.8018144369125366,-0.01733541302382946,0.5007846355438232,0.8376098275184631,-0.008197007700800896,0.4434926509857178,0.9018710255622864,-0.03722545877099037,0.4494520127773285,0.8190550804138184,-0.031369853764772415,0.4666006565093994,0.8383708596229553,-0.014971598982810974,0.46969836950302124,0.8688685894012451,-0.003958473913371563
0.5078521966934204,1.0948125123977661,2.38756314274724e-07,0.5674351453781128,1.0076581239700317,-0.0006522597395814955,0.5780938863754272,0.9023512005805969,-0.003672604216262698,0.5508948564529419,0.8327831029891968,-0.005662811920046806,0.5160713195800781,0.7969463467597961,-0.008386559784412384,0.5624269843101501,0.8668549656867981,-0.025097748264670372,0.5541045069694519,0.7332507967948914,-0.029818562790751457,0.5556211471557617,0.6668689846992493,-0.027955513447523117,0.5556671023368835,0.6174418330192566,-0.026311175897717476,0.509361207485199,0.8748133778572083,-0.028836119920015335,0.4982507526874542,0.7518057823181152,-0.035823434591293335,0.516755223274231,0.7727819085121155,-0.029889054596424103,0.5286983251571655,0.8163907527923584,-0.023245196789503098,0.46451324224472046,0.8937168121337891,-0.029843665659427643,0.4646055996417999,0.79020756483078,-0.02896471880376339,0.4844164550304413,0.8134855031967163,-0.01505746878683567,0.4910639524459839,0.8497740626335144,-0.006515326909720898,0.4300168752670288,0.9129601120948792,-0.03086731769144535,0.436592698097229,0.8309833407402039,-0.025212487205863,0.45498010516166687,0.8483363389968872,-0.010237829759716988,0.45897176861763,0.8793488144874573,0.00018089220975525677
0.49866804480552673,1.1069493293762207,2.2578652192351e-07,0.5541933178901672,1.021001935005188,-0.002471450250595808,0.5607491731643677,0.909815788269043,-0.00811506062746048,0.5285579562187195,0.836213231086731,-0.01242044847458601,0.49092957377433777,0.7973887920379639,-0.017463166266679764,0.544846773147583,0.88014817237854,-0.031895529478788376,0.5365564227104187,0.7418913245201111,-0.04094009846448898,0.5367324352264404,0.6705557703971863,-0.04076610133051872,0.5355380177497864,0.6168068647384644,-0.0401148684322834,0.49161598086357117,0.8893498778343201,-0.036309614777565,0.48194068670272827,0.7683721780776978,-0.04789070039987564,0.4981304109096527,0.7935936450958252,-0.042168401181697845,0.5082542300224304,0.8377494812011719,-0.0356089323759079,0.44787269830703735,0.9089770913124084,-0.038004785776138306,0.449543833732605,0.8078565001487732,-0.0416189581155777,0.466564416885376,0.8339564800262451,-0.026188954710960388,0.4709956645965576,0.8717054128646851,-0.015997234731912613,0.41463524103164673,0.9292423725128174,-0.039778705686330795,0.4214276671409607,0.847518265247345,-0.03647429868578911,0.4381665289402008,0.8673034310340881,-0.02073359675705433,0.44068026542663574,0.8985003232955933,-0.00970528181642294
0.43378761410713196,1.116113305091858,2.589022471966018e-07,0.49063238501548767,1.0331361293792725,-0.00942892674356699,0.5115255117416382,0.9231835007667542,-0.01657841168344021,0.4848950505256653,0.8360452651977539,-0.02000991441309452,0.44576290249824524,0.7995917797088623,-0.02351365052163601,0.4690749943256378,0.8856168985366821,-0.03605039417743683,0.4541703760623932,0.7578873634338379,-0.04328576847910881,0.4451490044593811,0.6903765201568604,-0.04215871915221214,0.43547889590263367,0.6399793028831482,-0.0411967933177948,0.4143262207508087,0.9032013416290283,-0.036847811192274094,0.4020284414291382,0.7819690704345703,-0.046600617468357086,0.4223705530166626,0.8036037087440491,-0.04094279557466507,0.43532201647758484,0.8461279273033142,-0.03447667509317398,0.3726741373538971,0.9286856055259705,-0.03501223772764206,0.37534457445144653,0.8349735140800476,-0.03945578634738922,0.3953726291656494,0.8568403720855713,-0.02558012306690216,0.4029756486415863,0.8928424715995789,-0.015685928985476494,0.34181347489356995,0.9532951712608337,-0.0336180180311203,0.3497525453567505,0.8779764771461487,-0.03205123543739319,0.3672393560409546,0.8954463601112366,-0.01813107170164585,0.3721991777420044,0.9249956011772156,-0.0076576475985348225
0.4273390471935272,1.102983832359314,2.8105353067076067e-07,0.47833114862442017,1.0226188898086548,-0.007371469866484404,0.49098026752471924,0.9170377850532532,-0.012567059136927128,0.4703035354614258,0.8326162695884705,-0.014570833183825016,0.4373687505722046,0.7890429496765137,-0.01651180535554886,0.4533237814903259,0.8746867179870605,-0.0307498499751091,0.4374742805957794,0.7515519261360168,-0.03493082895874977,0.42985984683036804,0.6853956580162048,-0.033081140369176865,0.4201696813106537,0.6354401707649231,-0.03183363750576973,0.40021058917045593,0.891315758228302,-0.03055989369750023,0.38702332973480225,0.7779645323753357,-0.03604340925812721,0.4065018892288208,0.7963370680809021,-0.02889069728553295,0.4189895987510681,0.8376832008361816,-0.02215881086885929,0.358591765165329,0.9170019030570984,-0.02794243022799492,0.3614119291305542,0.8337929248809814,-0.028336752206087112,0.38057082891464233,0.8542541861534119,-0.013949766755104065,0.38786667585372925,0.8885000348091125,-0.004980821628123522,0.32867002487182617,0.9409947991371155,-0.025942185893654823,0.33952784538269043,0.8737321496009827,-0.02244211919605732,0.3569476306438446,0.8923311829566956,-0.008949164301156998,0.3625136613845825,0.921901285648346,0.0007019609911367297
0.42199650406837463,1.0850552320480347,2.600872903713025e-07,0.4710841476917267,1.0064165592193604,-0.005492778494954109,0.48375916481018066,0.9076880812644958,-0.008485511876642704,0.4631119668483734,0.829168438911438,-0.008470559492707253,0.43586966395378113,0.7853197455406189,-0.008073232136666775,0.4446084797382355,0.8633222579956055,-0.026591960340738297,0.42458653450012207,0.7423145771026611,-0.02906239591538906,0.4167393147945404,0.6781548261642456,-0.025656433776021004,0.4070669412612915,0.6307088136672974,-0.023001447319984436,0.392994225025177,0.8794183135032654,-0.026035670191049576,0.37819671630859375,0.7675777077674866,-0.02955065481364727,0.3977116346359253,0.7868404388427734,-0.02140783704817295,0.41053783893585205,0.8285312652587891,-0.013529167510569096,0.3540650010108948,0.904369056224823,-0.023127691820263863,0.3570147752761841,0.8249512910842896,-0.021665966138243675,0.3763832151889801,0.8454282879829407,-0.007922743447124958,0.3837171792984009,0.8792645335197449,0.00088730693096295,0.3257516622543335,0.9283427596092224,-0.020715558901429176,0.33684241771698,0.8686358332633972,-0.015627048909664154,0.3542110025882721,0.886343777179718,-0.0027827247977256775,0.35945436358451843,0.9137088656425476,0.006669638212770224
0.4120895266532898,1.073711633682251,2.308966884356778e-07,0.46536943316459656,1.002022624015808,-0.006256577093154192,0.4826803207397461,0.9062994122505188,-0.006378619931638241,0.4645129442214966,0.8277369141578674,-0.0033566532656550407,0.4412439167499542,0.7832807898521423,0.0005311014829203486,0.44012585282325745,0.8457757234573364,-0.01887849159538746,0.4213899075984955,0.7290339469909668,-0.018065964803099632,0.41286036372184753,0.6670088768005371,-0.012942164205014706,0.40283411741256714,0.6201411485671997,-0.009279136545956135,0.3903352916240692,0.8606990575790405,-0.01637285389006138,0.3775908946990967,0.7566290497779846,-0.017676327377557755,0.39575108885765076,0.7769257426261902,-0.009793771430850029,0.4080254137516022,0.8177295327186584,-0.001527344691567123,0.3526986241340637,0.8856580257415771,-0.011949604377150536,0.35816410183906555,0.8170961141586304,-0.009786926209926605,0.37595614790916443,0.8403947353363037,0.0018175258301198483,0.3822207748889923,0.8738872408866882,0.010036447085440159,0.3241233825683594,0.9109432101249695,-0.00804615207016468,0.33636409044265747,0.8578469753265381,-0.002227324526757002,0.3522244691848755,0.8777263164520264,0.009364579804241657,0.3576568067073822,0.9044430255889893,0.01846090704202652
0.4130873382091522,1.0635993480682373,2.0701293124147924e-07,0.4672386348247528,0.9891990423202515,-0.0029021739028394222,0.4833259880542755,0.8939582109451294,-0.0009644824895076454,0.4666004478931427,0.818009078502655,0.0035934848710894585,0.4462437927722931,0.7730033993721008,0.009069244377315044,0.44062256813049316,0.8348363637924194,-0.01401052251458168,0.42349278926849365,0.7216746807098389,-0.010141683742403984,0.41603460907936096,0.6607162952423096,-0.00395194161683321,0.4062139689922333,0.6156495809555054,-2.45305218413705e-05,0.3916885554790497,0.8470423221588135,-0.012097222730517387,0.3850759267807007,0.7424745559692383,-0.00950288400053978,0.4053036868572235,0.7591594457626343,-0.0015745842829346657,0.4158642888069153,0.7985531091690063,0.005672992207109928,0.35512417554855347,0.8703609108924866,-0.007916973903775215,0.3650977313518524,0.7982965111732483,-0.0022220227401703596,0.38516104221343994,0.8190976977348328,0.008704542182385921,0.3909798264503479,0.8508099317550659,0.015362434089183807,0.3273658752441406,0.8948073983192444,-0.003941352944821119,0.3420485556125641,0.8401384949684143,0.004042233806103468,0.35945188999176025,0.855762779712677,0.015324261970818043,0.3646308481693268,0.8808964490890503,0.023504802957177162
0.4259689450263977,1.046921730041504,2.389959945503506e-07,0.48005974292755127,0.9651625752449036,0.00010231784108327702,0.4896452724933624,0.8723244071006775,0.0024976192507892847,0.46570467948913574,0.8035066723823547,0.006477958057075739,0.4403136968612671,0.7656258344650269,0.011113145388662815,0.4490047097206116,0.8122023940086365,-0.011062989011406898,0.43330118060112,0.7010303139686584,-0.00881193857640028,0.427798330783844,0.6404844522476196,-0.003986626397818327,0.42142146825790405,0.5958836674690247,-0.0006736519280821085,0.39879003167152405,0.828418493270874,-0.010519723407924175,0.3916490077972412,0.7364909052848816,-0.008136565797030926,0.40997081995010376,0.7545835971832275,-0.0007703345618210733,0.421825647354126,0.7923856973648071,0.005770533345639706,0.36195528507232666,0.8547183275222778,-0.007756850682199001,0.3734931945800781,0.7942227125167847,-0.0014555543893948197,0.39162927865982056,0.8133397698402405,0.008686089888215065,0.3972286880016327,0.8433928489685059,0.014509307220578194,0.3342950940132141,0.8813964128494263,-0.005115346517413855,0.3524603247642517,0.8359657526016235,0.003956194501370192,0.36829230189323425,0.8524498343467712,0.015008238144218922,0.3725825250148773,0.8765050172805786,0.023027487099170685
0.4354240298271179,1.0279263257980347,2.381772219450795e-07,0.488058477640152,0.9417137503623962,-0.00016688762116245925,0.49646440148353577,0.8513774275779724,0.00041672526276670396,0.46930134296417236,0.7859203815460205,0.0024965526536107063,0.43957144021987915,0.7570533156394958,0.005226386245340109,0.45712870359420776,0.7991611361503601,-0.015229342505335808,0.44698241353034973,0.6881450414657593,-0.014503126963973045,0.44268330931663513,0.6297917366027832,-0.009918345138430595,0.43615978956222534,0.5856038928031921,-0.006929429247975349,0.406216025352478,0.8149327039718628,-0.015429371036589146,0.40688687562942505,0.7263541221618652,-0.01460783090442419,0.42511099576950073,0.7454380393028259,-0.006532821338623762,0.43586498498916626,0.7816950678825378,-2.9093269404256716e-05,0.36944296956062317,0.840792715549469,-0.013319965451955795,0.38682815432548523,0.7789170742034912,-0.007935810834169388,0.4051498472690582,0.7988002896308899,0.003104940988123417,0.41045865416526794,0.8293496966362,0.008983273059129715,0.3424224257469177,0.8660775423049927,-0.011406473815441132,0.3653147518634796,0.8181586265563965,-0.0029159709811210632,0.38235023617744446,0.8352634310722351,0.008505690842866898,0.3873785436153412,0.860428512096405,0.016395848244428635
0.4478561580181122,0.9721828699111938,3.3606519878048857e-07,0.4947388470172882,0.9182844161987305,-0.006402562838047743,0.5057791471481323,0.8350186347961426,-0.007599209435284138,0.48141735792160034,0.7808690071105957,-0.006196012254804373,0.4485205411911011,0.7655685544013977,-0.005594407673925161,0.4702802896499634,0.7982082366943359,-0.015282745473086834,0.4673202335834503,0.7196648716926575,-0.017134737223386765,0.461190402507782,0.6686084866523743,-0.01686084270477295,0.4548558294773102,0.6312419176101685,-0.01744341291487217,0.4250777065753937,0.8065886497497559,-0.014308021403849125,0.4162085950374603,0.7326014041900635,-0.017370395362377167,0.4288550317287445,0.7499033808708191,-0.013992597348988056,0.4383755326271057,0.7812176942825317,-0.009817851707339287,0.3899036943912506,0.8259707689285278,-0.0119846286252141,0.39578530192375183,0.7751166820526123,-0.014198966324329376,0.40825578570365906,0.7939019799232483,-0.006729632616043091,0.41125765442848206,0.8175898194313049,-0.0008698452729731798,0.3627242147922516,0.848567545413971,-0.009618513286113739,0.3734828233718872,0.8026123642921448,-0.009028976783156395,0.3850204348564148,0.8196544051170349,0.00047688797349110246,0.38663381338119507,0.8396525979042053,0.00824354961514473
0.4504290819168091,1.022960901260376,2.1023208773840452e-07,0.5011581778526306,0.940962016582489,0.0009444942115806043,0.5094137191772461,0.8491051197052002,0.0031226626597344875,0.4752614200115204,0.7864235639572144,0.0068486700765788555,0.44084247946739197,0.76149582862854,0.011020448990166187,0.46957919001579285,0.7949211001396179,-0.011340516619384289,0.4630422592163086,0.6828082799911499,-0.008869308978319168,0.45739609003067017,0.6245935559272766,-0.0024528075009584427,0.45016083121299744,0.5808436870574951,0.0020060522947460413,0.4191303253173828,0.8071531653404236,-0.010768206790089607,0.41678521037101746,0.727095901966095,-0.007056340575218201,0.43306490778923035,0.747580349445343,0.0021039568819105625,0.4446243345737457,0.7807865142822266,0.009371800348162651,0.38217929005622864,0.8314800262451172,-0.007772572338581085,0.39440271258354187,0.7827458381652832,-0.0005724876536987722,0.4118328392505646,0.8037115931510925,0.00971167255192995,0.4188076853752136,0.832456111907959,0.01521709281951189,0.3550286889076233,0.8557886481285095,-0.004644249100238085,0.3727061450481415,0.8171448707580566,0.005788511596620083,0.3890821635723114,0.8352397084236145,0.017581554129719734,0.39530226588249207,0.8589646220207214,0.02608676068484783
0.4950468838214874,1.0277577638626099,9.876820428189603e-08,0.5434809923171997,0.9431859254837036,0.004546282347291708,0.5505741834640503,0.8523377180099487,0.005367530509829521,0.521114706993103,0.790951132774353,0.006849554367363453,0.49063757061958313,0.7674870491027832,0.007845056243240833,0.5287089943885803,0.8036218881607056,-0.016222842037677765,0.5221154689788818,0.6868327260017395,-0.01547065656632185,0.518844723701477,0.6286735534667969,-0.009159690700471401,0.5154362916946411,0.5826069116592407,-0.0053612831979990005,0.47764357924461365,0.811465322971344,-0.019658315926790237,0.47357675433158875,0.7146627902984619,-0.018846914172172546,0.487368106842041,0.7427575588226318,-0.008582236245274544,0.4972551465034485,0.7824909090995789,-0.0004370375827420503,0.43743282556533813,0.8318686485290527,-0.02022118866443634,0.44514650106430054,0.7616136074066162,-0.012619514018297195,0.4610002636909485,0.7847631573677063,0.0002106635074596852,0.46705055236816406,0.8173511028289795,0.0064062862657010555,0.4061172306537628,0.8536806702613831,-0.02055404521524906,0.4184395372867584,0.7996399402618408,-0.009572276845574379,0.43606215715408325,0.8162267208099365,0.0036185598000884056,0.4414016902446747,0.8426166772842407,0.01201470848172903
0.5007038712501526,1.031657099723816,2.0680488432844868e-07,0.5506241321563721,0.949070394039154,0.004162154160439968,0.5584844946861267,0.8569509387016296,0.005621662363409996,0.5285173654556274,0.7994500994682312,0.00784719455987215,0.4951172173023224,0.7801068425178528,0.009451285004615784,0.5347033143043518,0.8100144863128662,-0.01324933860450983,0.5274149775505066,0.6918157935142517,-0.010801413096487522,0.5271581411361694,0.6326022148132324,-0.0049642035737633705,0.5253030061721802,0.5873813033103943,-0.0012708802241832018,0.4828903079032898,0.8172721862792969,-0.015356656163930893,0.4805248975753784,0.7186427116394043,-0.01277063600718975,0.4976530075073242,0.7425276041030884,-0.004237414803355932,0.5077074766159058,0.7817879319190979,0.0025432819966226816,0.443392276763916,0.8375664949417114,-0.014502097852528095,0.45183876156806946,0.7642379999160767,-0.00660761957988143,0.46917736530303955,0.7878507375717163,0.004692918621003628,0.4744584560394287,0.8206889629364014,0.010106950998306274,0.4138330817222595,0.8590219020843506,-0.013179901987314224,0.4274888038635254,0.8019025325775146,-0.002515833592042327,0.4440128803253174,0.8194308280944824,0.01037654373794794,0.44831693172454834,0.8459412455558777,0.018689163029193878
0.5029548406600952,1.0402660369873047,2.1495175417385326e-07,0.5552991628646851,0.957291841506958,0.002936535980552435,0.5653504133224487,0.8618322610855103,0.004035929683595896,0.5391561985015869,0.7991694211959839,0.0061110081151127815,0.5088414549827576,0.7750457525253296,0.007665474433451891,0.5409963130950928,0.8227548003196716,-0.017765920609235764,0.5344532132148743,0.6986813545227051,-0.01652512326836586,0.5366907119750977,0.6373472213745117,-0.010839651338756084,0.536291241645813,0.590755820274353,-0.007236654404550791,0.48973241448402405,0.8294344544410706,-0.019490662962198257,0.4879865050315857,0.7253732681274414,-0.017898138612508774,0.5082957744598389,0.747122049331665,-0.00868492666631937,0.519265353679657,0.7861915826797485,-0.0017236765706911683,0.4504164755344391,0.8481343388557434,-0.018291154876351357,0.45922449231147766,0.7666583061218262,-0.011049908585846424,0.4788493514060974,0.788841724395752,0.0014667795039713383,0.48469775915145874,0.8219870924949646,0.007417275104671717,0.42086103558540344,0.8673622012138367,-0.016786156222224236,0.43353283405303955,0.8029202222824097,-0.007359951268881559,0.45076698064804077,0.8181418180465698,0.005383214447647333,0.4546413719654083,0.8446468114852905,0.013407232239842415
0.5018090605735779,1.0530434846878052,2.210439760119698e-07,0.5568333268165588,0.9685397148132324,0.002279073465615511,0.5666916966438293,0.8716563582420349,0.002741370815783739,0.5416320562362671,0.8076062202453613,0.004523839335888624,0.5110337138175964,0.7802420854568481,0.005616872105747461,0.5468413829803467,0.8336590528488159,-0.02100968547165394,0.53998863697052,0.7078758478164673,-0.02016822248697281,0.5415586233139038,0.6447967290878296,-0.014494838193058968,0.5404419302940369,0.5965719819068909,-0.010884634219110012,0.4943400025367737,0.8387156128883362,-0.022820234298706055,0.4923657774925232,0.7306511998176575,-0.02172183059155941,0.511769711971283,0.7520937323570251,-0.012275154702365398,0.5222815871238708,0.7927917242050171,-0.004990068729966879,0.4534784257411957,0.8570908904075623,-0.021561680361628532,0.4621637463569641,0.7702010869979858,-0.014269931241869926,0.4813179075717926,0.792664110660553,-0.0012537325965240598,0.4863280653953552,0.8263779878616333,0.004985859617590904,0.4225034713745117,0.8764238357543945,-0.020019641146063805,0.4354135990142822,0.8069734573364258,-0.010513970628380775,0.45212435722351074,0.8231812119483948,0.002872139448300004,0.4548414349555969,0.8508285880088806,0.01130843348801136
0.5009691119194031,1.0699431896209717,2.500295579466183e-07,0.5572764277458191,0.9841521978378296,0.0024777157232165337,0.5674487948417664,0.8869171142578125,0.0014925050782039762,0.5447965860366821,0.8196519613265991,0.0020963246934115887,0.513834536075592,0.7901146411895752,0.0019316774560138583,0.5449658036231995,0.8493167161941528,-0.027028566226363182,0.5412837862968445,0.7182797193527222,-0.027300143614411354,0.5430138111114502,0.6538814902305603,-0.02156839333474636,0.5407446622848511,0.6034059524536133,-0.017901500687003136,0.4914432168006897,0.8525097370147705,-0.029654040932655334,0.4929870367050171,0.735651433467865,-0.02863183245062828,0.5130855441093445,0.7578743100166321,-0.017549993470311165,0.5225621461868286,0.8000513911247253,-0.009310627356171608,0.44975876808166504,0.8703240156173706,-0.028751792386174202,0.4612480401992798,0.7776504158973694,-0.021297544240951538,0.48074135184288025,0.80228191614151,-0.006192469969391823,0.4843648374080658,0.837532639503479,0.0012418307596817613,0.41858407855033875,0.8899770379066467,-0.027524923905730247,0.4327945411205292,0.8165686726570129,-0.017752593383193016,0.4498012959957123,0.8346024751663208,-0.0026691174134612083,0.4514058232307434,0.8628877997398376,0.006834198255091906
0.4859747290611267,1.017674207687378,3.6761380783900677e-07,0.5402742624282837,0.9663522243499756,-0.01105901412665844,0.5554055571556091,0.8764405846595764,-0.019733082503080368,0.5307379961013794,0.8151075839996338,-0.024803444743156433,0.49777984619140625,0.7843605875968933,-0.031091036275029182,0.5377677083015442,0.8503444194793701,-0.041452210396528244,0.5372447967529297,0.7398214340209961,-0.05142873153090477,0.5372876524925232,0.6709914207458496,-0.05283282324671745,0.5351533889770508,0.6214886903762817,-0.05383498966693878,0.48565006256103516,0.8582409024238586,-0.04268620163202286,0.4783569872379303,0.7467297911643982,-0.054877329617738724,0.4967665672302246,0.7666088938713074,-0.049948178231716156,0.5072603821754456,0.8107892274856567,-0.04373924061655998,0.4435299336910248,0.8768444657325745,-0.041853200644254684,0.45046138763427734,0.7894352674484253,-0.04977208003401756,0.46783995628356934,0.8158974647521973,-0.03691261261701584,0.4704953134059906,0.8479520082473755,-0.026974419131875038,0.41147589683532715,0.8974605798721313,-0.04131200909614563,0.42324957251548767,0.8196008801460266,-0.044401589781045914,0.43803951144218445,0.841134250164032,-0.03128612041473389,0.4374017119407654,0.86781907081604,-0.02124418318271637
0.4931009113788605,1.0812838077545166,2.7448552941677917e-07,0.549356997013092,0.9924110174179077,0.0010641015833243728,0.5599663257598877,0.8905057311058044,-0.0008590790093876421,0.5351443290710449,0.8207723498344421,-0.0014100073603913188,0.503130316734314,0.7878111600875854,-0.002315880497917533,0.5383984446525574,0.8591969609260559,-0.026580996811389923,0.5355131030082703,0.7265899181365967,-0.028943710029125214,0.5375074744224548,0.6619621515274048,-0.024441644549369812,0.5354066491127014,0.6124752759933472,-0.02125394716858864,0.48424404859542847,0.8651506900787354,-0.02994796447455883,0.48579975962638855,0.7456837892532349,-0.03193662688136101,0.5068016648292542,0.7662031054496765,-0.022575251758098602,0.516973614692688,0.8074996471405029,-0.014921697787940502,0.4415009319782257,0.8832063674926758,-0.030165908858180046,0.4552730917930603,0.788132905960083,-0.024965086951851845,0.4752384126186371,0.8116559386253357,-0.00971996784210205,0.4789089560508728,0.8457679152488708,-0.0016751106595620513,0.40865832567214966,0.9018315076828003,-0.030342016369104385,0.425799697637558,0.825768768787384,-0.021648632362484932,0.44371214509010315,0.8430882096290588,-0.0061263954266905785,0.44497567415237427,0.8716185688972473,0.0038866745308041573
0.4764938950538635,1.0966627597808838,2.969482864045858e-07,0.536013662815094,1.0064990520477295,-0.0026412548031657934,0.54874187707901,0.8984277248382568,-0.006501859053969383,0.5218906402587891,0.8232800364494324,-0.00851130299270153,0.49109092354774475,0.7860620021820068,-0.010501247830688953,0.5263683795928955,0.8697664737701416,-0.02867758646607399,0.525420069694519,0.7368297576904297,-0.0336722768843174,0.5252786874771118,0.6677858233451843,-0.031020572409033775,0.5215309262275696,0.6145467758178711,-0.029169514775276184,0.4713810086250305,0.8776593804359436,-0.031826894730329514,0.47351205348968506,0.7536172866821289,-0.03925643861293793,0.4937010109424591,0.7757180333137512,-0.03248969092965126,0.5041242241859436,0.8194706439971924,-0.025145718827843666,0.42836230993270874,0.8961790800094604,-0.03210405260324478,0.4434089660644531,0.7987184524536133,-0.030879085883498192,0.4625770151615143,0.821639358997345,-0.01581328921020031,0.46614497900009155,0.8566853404045105,-0.0065430887043476105,0.3955269455909729,0.9143365025520325,-0.03273991867899895,0.4139443039894104,0.8373013138771057,-0.025760354474186897,0.43275636434555054,0.8546785712242126,-0.010248314589262009,0.43521738052368164,0.8839821219444275,0.0002874524216167629
0.4758480489253998,1.098455786705017,2.956545017696044e-07,0.5376361608505249,1.0136617422103882,-0.0021157122682780027,0.5561627149581909,0.9111091494560242,-0.006606902927160263,0.5272248983383179,0.8360008001327515,-0.009021874517202377,0.4935332238674164,0.802838146686554,-0.011684100143611431,0.5260472893714905,0.8736320734024048,-0.03141408413648605,0.5216358304023743,0.738542914390564,-0.036614324897527695,0.5229339599609375,0.6682708263397217,-0.033766500651836395,0.5195094347000122,0.6151779890060425,-0.03165337070822716,0.46945634484291077,0.8778615593910217,-0.03483586013317108,0.4743707776069641,0.7517516613006592,-0.04228973388671875,0.49502578377723694,0.7746673226356506,-0.03537043556571007,0.5024399757385254,0.8201507925987244,-0.027798214927315712,0.4268956184387207,0.894669234752655,-0.03492726758122444,0.4453943967819214,0.799859344959259,-0.034648094326257706,0.46379202604293823,0.8255791664123535,-0.019972292706370354,0.4652721583843231,0.8620437383651733,-0.01058034785091877,0.39520812034606934,0.9137047529220581,-0.03506702929735184,0.41736647486686707,0.8398911356925964,-0.02907264605164528,0.4352097809314728,0.8597545623779297,-0.013617757707834244,0.4348679482936859,0.88990318775177,-0.0027435345109552145
0.4600001871585846,1.1045434474945068,2.9651306476807804e-07,0.5194624662399292,1.022009253501892,-0.012480068020522594,0.5322652459144592,0.9095410108566284,-0.021275099366903305,0.5011512637138367,0.8217992782592773,-0.025670742616057396,0.47001898288726807,0.7699011564254761,-0.029421545565128326,0.5065401196479797,0.8813115358352661,-0.039425961673259735,0.5033142566680908,0.7461830973625183,-0.04705643281340599,0.5026654601097107,0.6750971674919128,-0.04535572975873947,0.4983643591403961,0.6203426122665405,-0.044000089168548584,0.4499019980430603,0.8883465528488159,-0.037908244878053665,0.4550820291042328,0.7609089612960815,-0.04890698567032814,0.4758273959159851,0.7850877046585083,-0.043336279690265656,0.4842466115951538,0.8319604396820068,-0.03612865135073662,0.4068393111228943,0.9041877388954163,-0.03394310176372528,0.4240886867046356,0.8068903684616089,-0.03621874004602432,0.4443494379520416,0.8315842151641846,-0.02137075923383236,0.44730645418167114,0.868224561214447,-0.0112915625795722,0.37570446729660034,0.9197648167610168,-0.030868420377373695,0.39612793922424316,0.8425496816635132,-0.026603469625115395,0.41594916582107544,0.8606308102607727,-0.012554696761071682,0.41739562153816223,0.8904700875282288,-0.002613164484500885
0.4477536082267761,1.1007362604141235,3.2788267390060355e-07,0.5053869485855103,1.0178632736206055,-0.013834605924785137,0.5201370716094971,0.9061301946640015,-0.024483855813741684,0.49477747082710266,0.8135625123977661,-0.031180143356323242,0.45243218541145325,0.7708123326301575,-0.037619445472955704,0.48194628953933716,0.8799543380737305,-0.03826048597693443,0.47826123237609863,0.7526051998138428,-0.04991290718317032,0.481854647397995,0.6817010641098022,-0.05341794341802597,0.48260733485221863,0.6255829334259033,-0.055633001029491425,0.4276987612247467,0.8894633054733276,-0.037107568234205246,0.4330271780490875,0.7748429179191589,-0.05302136763930321,0.45487332344055176,0.7995226383209229,-0.05164537951350212,0.4643929600715637,0.8450363278388977,-0.04711759462952614,0.38520920276641846,0.9055472016334534,-0.03378394618630409,0.40153947472572327,0.814012885093689,-0.040808334946632385,0.4214800000190735,0.835649847984314,-0.02645469643175602,0.42607542872428894,0.8719331622123718,-0.015935735777020454,0.3548077344894409,0.9210802316665649,-0.03173656016588211,0.37500301003456116,0.8468737602233887,-0.0317048653960228,0.39372873306274414,0.8638858795166016,-0.01844007894396782,0.39598143100738525,0.8937289714813232,-0.008286592550575733
0.417698472738266,1.0838288068771362,2.8979502531001344e-07,0.47396543622016907,1.0055733919143677,-0.005189001094549894,0.48845094442367554,0.9028359055519104,-0.00856876838952303,0.4700825810432434,0.8186088800430298,-0.009058027528226376,0.436232328414917,0.7804833650588989,-0.00940206553786993,0.450226366519928,0.8610787391662598,-0.025370484218001366,0.4372851252555847,0.742842972278595,-0.029359228909015656,0.4309934079647064,0.6809828281402588,-0.028048494830727577,0.4226627051830292,0.6342599391937256,-0.026928499341011047,0.398593544960022,0.8728823661804199,-0.024810276925563812,0.3900451362133026,0.7650460004806519,-0.028063345700502396,0.4077663719654083,0.7828898429870605,-0.021107211709022522,0.41858214139938354,0.8200067281723022,-0.014643002301454544,0.3565802574157715,0.8944036960601807,-0.02181524969637394,0.36207306385040283,0.8215481638908386,-0.019530368968844414,0.3791791796684265,0.8409328460693359,-0.0053257448598742485,0.38574764132499695,0.8722844123840332,0.0033120508305728436,0.32604336738586426,0.9169741868972778,-0.019387012347579002,0.33969080448150635,0.8610671162605286,-0.012910905294120312,0.35583099722862244,0.8783431053161621,0.0009080286254175007,0.36087825894355774,0.906116247177124,0.010673051699995995
0.393560528755188,1.0711764097213745,2.4990629299281863e-07,0.45200997591018677,1.0014621019363403,-0.00394075084477663,0.4732306897640228,0.9061964750289917,-0.004560536239296198,0.46145886182785034,0.8262516260147095,-0.0020588876213878393,0.43436217308044434,0.7841476202011108,0.0009173215366899967,0.4282899796962738,0.8521103858947754,-0.021441232413053513,0.4162028133869171,0.736292839050293,-0.018611948937177658,0.41120898723602295,0.6822934150695801,-0.013158139772713184,0.40450090169906616,0.6435683965682983,-0.009877435863018036,0.3759525716304779,0.8638455867767334,-0.018752900883555412,0.37162694334983826,0.7635676860809326,-0.013471282087266445,0.39084765315055847,0.7772400379180908,-0.004410256166011095,0.40199923515319824,0.8122866749763489,0.000995173119008541,0.33639955520629883,0.8866411447525024,-0.013494864106178284,0.3450476825237274,0.8144951462745667,-0.0037745244335383177,0.363261878490448,0.8303917050361633,0.0092926612123847,0.3696393072605133,0.8610519170761108,0.014443243853747845,0.3090263307094574,0.9098649621009827,-0.0087248170748353,0.32592281699180603,0.8538312911987305,0.0013866859953850508,0.3422812223434448,0.8685202598571777,0.013664563186466694,0.3477165400981903,0.8952895402908325,0.020993664860725403
0.3799198269844055,1.061492919921875,2.4807428644635365e-07,0.4385233223438263,0.996707022190094,-0.0021760736126452684,0.45740702748298645,0.9038614630699158,-0.0008536577224731445,0.4531116187572479,0.8253859281539917,0.003381172427907586,0.4303382337093353,0.783588707447052,0.008064016699790955,0.40996313095092773,0.8424676656723022,-0.020256903022527695,0.39832523465156555,0.7254630327224731,-0.016719037666916847,0.39443644881248474,0.6637792587280273,-0.010233265347778797,0.3881870210170746,0.6172140836715698,-0.006082575768232346,0.3602123260498047,0.8519320487976074,-0.01684051938354969,0.3612499535083771,0.7565509080886841,-0.010592460632324219,0.3806971311569214,0.7747369408607483,0.0005778076592832804,0.39028000831604004,0.8119268417358398,0.007705154828727245,0.3232816159725189,0.8736182451248169,-0.010763855651021004,0.338978111743927,0.8113585114479065,-0.0005503225256688893,0.35649019479751587,0.8308677077293396,0.01280271727591753,0.3606645166873932,0.8622782230377197,0.018459267914295197,0.29729345440864563,0.896081268787384,-0.005032690707594156,0.31971848011016846,0.8490651845932007,0.00653647817671299,0.335117906332016,0.8669871687889099,0.01878426969051361,0.33859893679618835,0.8938372135162354,0.025974050164222717
0.37472042441368103,1.0497186183929443,2.3826673611893057e-07,0.43209323287010193,0.9817445278167725,-0.0027116097044199705,0.4487398862838745,0.8920539617538452,-0.0010181959951296449,0.44438672065734863,0.8187073469161987,0.0037601341027766466,0.41958048939704895,0.7801520824432373,0.009142406284809113,0.39970847964286804,0.830961287021637,-0.020881712436676025,0.3886387050151825,0.7164512276649475,-0.016779769212007523,0.38395029306411743,0.6555303335189819,-0.010031750425696373,0.37581056356430054,0.6088786125183105,-0.006029549520462751,0.35255327820777893,0.8426160216331482,-0.016926314681768417,0.3556956648826599,0.7519791722297668,-0.009970870800316334,0.3773578107357025,0.7706412672996521,0.0018183414358645678,0.3880701959133148,0.8074251413345337,0.008905229158699512,0.31816184520721436,0.8671854138374329,-0.010446468368172646,0.3349055051803589,0.8074024319648743,3.6186291254125535e-05,0.3535155951976776,0.8273306488990784,0.013315311633050442,0.357867032289505,0.8577405214309692,0.018677782267332077,0.2929765582084656,0.8916818499565125,-0.004375919699668884,0.316116601228714,0.8466450572013855,0.007427067495882511,0.33181262016296387,0.8633916974067688,0.019264891743659973,0.3354039192199707,0.8890607953071594,0.02590109035372734
0.3778654932975769,0.9861619472503662,3.882163071011746e-07,0.4304920434951782,0.9288647770881653,-0.003707981901243329,0.44402122497558594,0.8390362858772278,-0.0008582171867601573,0.426617830991745,0.7765644192695618,0.004434803035110235,0.39981967210769653,0.7652198076248169,0.00896374974399805,0.3942413926124573,0.8065361380577087,-0.012034130282700062,0.391878217458725,0.7267729043960571,-0.009450855664908886,0.38857632875442505,0.6812642812728882,-0.005799976643174887,0.38423338532447815,0.6472232937812805,-0.003822680562734604,0.3518869876861572,0.8193053007125854,-0.009749963879585266,0.3511955142021179,0.7401149272918701,-0.007597942370921373,0.364762544631958,0.7427533864974976,-0.002643632236868143,0.3739434480667114,0.7639276385307312,0.0025416575372219086,0.31810176372528076,0.8410012722015381,-0.005628703162074089,0.3345772325992584,0.7923184037208557,-0.0010875868611037731,0.34803205728530884,0.8102340698242188,0.007073864806443453,0.35219430923461914,0.8343791961669922,0.012581718154251575,0.29336991906166077,0.8664060235023499,-0.0016237541567534208,0.3133372366428375,0.8248054385185242,0.005923253949731588,0.326546311378479,0.8410613536834717,0.016658738255500793,0.32996299862861633,0.8617158532142639,0.024591976776719093
0.3816560208797455,1.0172313451766968,2.0101056463772693e-07,0.4341691732406616,0.9470236301422119,0.0028136344626545906,0.4498212933540344,0.8608559966087341,0.0075985221192240715,0.43780234456062317,0.7915292978286743,0.014355705119669437,0.41239410638809204,0.7639607787132263,0.021624764427542686,0.3995804488658905,0.80262690782547,-0.011028897017240524,0.3871200382709503,0.6958686709403992,-0.00453172018751502,0.3809499442577362,0.6398882269859314,0.003318845061585307,0.3725399971008301,0.5973104238510132,0.008088154718279839,0.3542267978191376,0.8139923214912415,-0.008261842653155327,0.3556245267391205,0.734781801700592,0.0024911051150411367,0.3756588101387024,0.7522931098937988,0.014329896308481693,0.3862420618534088,0.7854255437850952,0.021005850285291672,0.322452187538147,0.8363580703735352,-0.0027749603614211082,0.3389463424682617,0.7877652049064636,0.01040062215179205,0.35659903287887573,0.8053244948387146,0.021683651953935623,0.3613819181919098,0.8325838446617126,0.0253823921084404,0.2988298535346985,0.8590170741081238,0.00273712957277894,0.32206961512565613,0.8257790207862854,0.01696472056210041,0.3375090956687927,0.8402259349822998,0.02782301977276802,0.34168097376823425,0.8620032072067261,0.03359585627913475
0.39258044958114624,1.010474443435669,1.8962900583119335e-07,0.4439278244972229,0.9376700520515442,0.005557856056839228,0.45847874879837036,0.8495393395423889,0.012350786477327347,0.44834578037261963,0.7791471481323242,0.020602544769644737,0.42076271772384644,0.7575039863586426,0.02922653779387474,0.4050983190536499,0.7930784225463867,-0.004265978001058102,0.3945382833480835,0.6891075372695923,0.005849657580256462,0.3890779912471771,0.6372464299201965,0.014965701848268509,0.38156065344810486,0.5973186492919922,0.02004123292863369,0.35982710123062134,0.8035427927970886,-0.0027301479130983353,0.3640953004360199,0.7244741916656494,0.010994859971106052,0.3848932683467865,0.7371063828468323,0.021606944501399994,0.3969089090824127,0.7650630474090576,0.02703731507062912,0.3277634084224701,0.82644122838974,0.0018113557016476989,0.34547218680381775,0.7752630114555359,0.018456250429153442,0.36505937576293945,0.7894992828369141,0.027972988784313202,0.3727445602416992,0.8150342702865601,0.02981634810566902,0.3037325441837311,0.8503759503364563,0.006526953540742397,0.32606256008148193,0.814677357673645,0.022332075983285904,0.3423161506652832,0.8269163370132446,0.03217031806707382,0.34903255105018616,0.8484346866607666,0.0371672660112381
0.4046314060688019,1.0050678253173828,1.7076432357043814e-07,0.45407524704933167,0.9297343492507935,0.006867814809083939,0.4653676450252533,0.8439322113990784,0.012772330082952976,0.4578726589679718,0.7719056606292725,0.019437499344348907,0.4299711585044861,0.7513347268104553,0.026153817772865295,0.41610729694366455,0.7872453927993774,-0.003506983630359173,0.40478193759918213,0.6848973631858826,0.004636290483176708,0.39958569407463074,0.6327111721038818,0.01223307941108942,0.3922197222709656,0.5917968153953552,0.016510169953107834,0.3705299198627472,0.797812283039093,-0.0035088208969682455,0.37247103452682495,0.7188771367073059,0.005791402887552977,0.3921588957309723,0.733705997467041,0.01416619960218668,0.4034425914287567,0.763456404209137,0.01959073357284069,0.33715078234672546,0.8210554122924805,-0.0003250124864280224,0.3541313111782074,0.7697975039482117,0.012927760370075703,0.3726252615451813,0.785569965839386,0.022014010697603226,0.3792903423309326,0.8122694492340088,0.025017088279128075,0.312773734331131,0.8455171585083008,0.0032917598728090525,0.33555570244789124,0.8083831071853638,0.01757938042283058,0.3519822657108307,0.8208299279212952,0.027843138203024864,0.3584994971752167,0.8425823450088501,0.033966679126024246
0.4175279438495636,0.9967116117477417,1.7552717679336638e-07,0.46576347947120667,0.9224341511726379,0.00416901707649231,0.4795331358909607,0.8378791213035583,0.0069916280917823315,0.46774226427078247,0.7680741548538208,0.010600684210658073,0.4404643774032593,0.7441686987876892,0.014024823904037476,0.43121105432510376,0.7812198400497437,-0.007614141330122948,0.4236125946044922,0.683353066444397,-0.0034390895161777735,0.42107757925987244,0.6319406032562256,0.0018383909482508898,0.41481533646583557,0.5908348560333252,0.004852261859923601,0.3858065903186798,0.7896513938903809,-0.008865181356668472,0.38708946108818054,0.7070429921150208,-0.005085774697363377,0.40550240874290466,0.7274146676063538,0.0017351366113871336,0.4143538177013397,0.7611379027366638,0.007684516254812479,0.35103198885917664,0.8111152052879333,-0.007161505054682493,0.367783784866333,0.758603572845459,1.4658330655947793e-05,0.38528674840927124,0.7782267332077026,0.009259273298084736,0.3905267119407654,0.806631326675415,0.014272592030465603,0.32513895630836487,0.8350479006767273,-0.004995590541511774,0.3467671275138855,0.7949579954147339,0.004857957363128662,0.3644726872444153,0.8094713091850281,0.015909655019640923,0.3707160949707031,0.8322012424468994,0.023818204179406166
0.4298781454563141,0.9852609634399414,2.2635190077835432e-07,0.47842395305633545,0.9165774583816528,3.344256037962623e-05,0.49062594771385193,0.8337439298629761,0.002112566726282239,0.4771099090576172,0.7657243609428406,0.00572054460644722,0.44971901178359985,0.7385443449020386,0.009658824652433395,0.44432762265205383,0.7723417282104492,-0.010180308483541012,0.4360046684741974,0.6721699237823486,-0.007628733292222023,0.4340224862098694,0.6192158460617065,-0.002923322841525078,0.4282914996147156,0.5778729319572449,0.0003565446531865746,0.39888450503349304,0.7817988991737366,-0.009181158617138863,0.39819300174713135,0.7028041481971741,-0.006314847152680159,0.41431689262390137,0.7227653861045837,0.0006738862139172852,0.4221523404121399,0.7571829557418823,0.00735196890309453,0.3637237548828125,0.8038381338119507,-0.005882234778255224,0.37877482175827026,0.7624475359916687,0.0003510462411213666,0.39414986968040466,0.7819347977638245,0.008694722317159176,0.39894092082977295,0.8094344139099121,0.013904912397265434,0.3373088836669922,0.8271897435188293,-0.0026112026534974575,0.35982874035835266,0.7962641716003418,0.006826587487012148,0.3752233386039734,0.8120317459106445,0.016793332993984222,0.38037532567977905,0.8339294791221619,0.024390852078795433
0.45555365085601807,0.9781503677368164,1.5950766396599647e-07,0.5030732750892639,0.9041445851325989,0.001622862066142261,0.5111289620399475,0.8149808645248413,0.004682396538555622,0.4799690842628479,0.7515134811401367,0.008649399504065514,0.4485418200492859,0.7265540957450867,0.012702802196145058,0.4719284772872925,0.7567827105522156,-0.005006706342101097,0.4675382077693939,0.6596844792366028,-0.0015788236632943153,0.4632601737976074,0.606051504611969,0.0033366011921316385,0.45591291785240173,0.5640050768852234,0.006065783090889454,0.42541125416755676,0.7651380896568298,-0.004606860689818859,0.4261418282985687,0.6981189250946045,-0.0015385234728455544,0.439770370721817,0.7218891978263855,0.0058776806108653545,0.44646674394607544,0.7554759383201599,0.01245836727321148,0.3899326026439667,0.7871187329292297,-0.0021193348802626133,0.40245598554611206,0.7482806444168091,0.0038271076045930386,0.41743290424346924,0.769656777381897,0.012883787043392658,0.4223566949367523,0.7975054979324341,0.01828397624194622,0.362954705953598,0.8116501569747925,0.0005414464976638556,0.38186779618263245,0.7833195924758911,0.010195594280958176,0.39670267701148987,0.8002622127532959,0.020829880610108376,0.4007047712802887,0.8214661478996277,0.028770286589860916
0.4618639647960663,0.976188063621521,1.7029068999363517e-07,0.5143204927444458,0.9064332842826843,0.0030145004857331514,0.5271158218383789,0.8195861577987671,0.005783035885542631,0.5053330659866333,0.7516011595726013,0.010423911735415459,0.47547489404678345,0.7300761938095093,0.01495297346264124,0.48383939266204834,0.7576918005943298,-0.013681485317647457,0.4809987246990204,0.6536967754364014,-0.009201201610267162,0.4801172912120819,0.5991445779800415,-0.0017400500364601612,0.4753594994544983,0.5563738346099854,0.002875557402148843,0.43590810894966125,0.7639245986938477,-0.012677871622145176,0.4394396245479584,0.6856535077095032,-0.006887359544634819,0.4569108188152313,0.7107197046279907,0.004655726719647646,0.46551513671875,0.7472718954086304,0.01336083933711052,0.4005076289176941,0.7832880616188049,-0.008693273179233074,0.4162190854549408,0.738516628742218,0.0004995045019313693,0.4325057864189148,0.7605648040771484,0.011614309623837471,0.4375646114349365,0.7901407480239868,0.01720714569091797,0.37507084012031555,0.8044874668121338,-0.00425198208540678,0.39600294828414917,0.7731286287307739,0.007548814173787832,0.41150638461112976,0.7912503480911255,0.018852943554520607,0.4156193435192108,0.8139845728874207,0.02648637816309929
0.4716016948223114,0.9737224578857422,1.5253954188665375e-07,0.5241029858589172,0.8960592150688171,0.006712311413139105,0.5369859933853149,0.8123606443405151,0.01139179989695549,0.5135419964790344,0.7493053078651428,0.016887005418539047,0.48657482862472534,0.7251513600349426,0.021998930722475052,0.49867573380470276,0.7558435201644897,-0.007930339314043522,0.4923951327800751,0.6524479389190674,-0.0024439976550638676,0.49239760637283325,0.6002885103225708,0.005122574511915445,0.4911686182022095,0.5600016713142395,0.009789329953491688,0.4491104781627655,0.763366162776947,-0.009157126769423485,0.4527819752693176,0.6812474727630615,-0.0026336510200053453,0.46828338503837585,0.7054972052574158,0.00746448477730155,0.478051096200943,0.7424215078353882,0.014846212230622768,0.4135165214538574,0.7840011119842529,-0.007346549537032843,0.4289056956768036,0.732613742351532,0.003055658657103777,0.4432141184806824,0.7547932863235474,0.012973333708941936,0.4478200078010559,0.7850990891456604,0.017085479572415352,0.3871923089027405,0.8065035939216614,-0.00487280311062932,0.40665245056152344,0.7699618935585022,0.007039636839181185,0.4210526645183563,0.7897352576255798,0.017746856436133385,0.4249841570854187,0.8140987157821655,0.024645674973726273
0.48074519634246826,0.9745947122573853,1.472955375447782e-07,0.5325857996940613,0.8989458084106445,0.006060059182345867,0.5491009950637817,0.8143178224563599,0.010184847749769688,0.5269340872764587,0.7493239045143127,0.01534379180520773,0.5004832148551941,0.7220339775085449,0.02017381228506565,0.5127618312835693,0.7562022805213928,-0.007941363379359245,0.5070677995681763,0.6531279683113098,-0.00314496923238039,0.5067742466926575,0.5993615388870239,0.003879568772390485,0.505646288394928,0.5574004650115967,0.008122853003442287,0.4624675512313843,0.761838972568512,-0.009166867472231388,0.46483516693115234,0.6789907813072205,-0.0036062730941921473,0.4799750745296478,0.7045078277587891,0.005755123682320118,0.48978549242019653,0.7430808544158936,0.012769847176969051,0.4261559844017029,0.781262993812561,-0.007477650418877602,0.43892520666122437,0.7319191694259644,0.002045057248324156,0.4533485770225525,0.755081295967102,0.011585172265768051,0.4583019018173218,0.7861884236335754,0.01555536687374115,0.39880502223968506,0.8026052713394165,-0.0052070231176912785,0.4162321984767914,0.7678449749946594,0.005972627084702253,0.42980140447616577,0.7895732522010803,0.016232702881097794,0.4331989586353302,0.8146352171897888,0.022869231179356575
0.5004448294639587,0.9889043569564819,1.2805894300527143e-07,0.5538076162338257,0.9155606627464294,0.0055406237952411175,0.5706945657730103,0.8290625810623169,0.009110570885241032,0.5517499446868896,0.7607453465461731,0.014130684547126293,0.5246677398681641,0.733214259147644,0.01898052915930748,0.5397624969482422,0.7729360461235046,-0.012542309239506721,0.5372493863105774,0.6607527136802673,-0.007001886144280434,0.5375792384147644,0.6061618328094482,0.001398384803906083,0.5367602705955505,0.5631532073020935,0.006394595373421907,0.4895527958869934,0.7750998139381409,-0.013252832926809788,0.4925764799118042,0.687174379825592,-0.005849302746355534,0.5080356001853943,0.7103638052940369,0.005583189893513918,0.5184078216552734,0.746294379234314,0.01317549217492342,0.4520511031150818,0.7921852469444275,-0.010814899578690529,0.4652482271194458,0.7362738847732544,0.0016379122389480472,0.481197327375412,0.7575575709342957,0.012900411151349545,0.4870394468307495,0.787051260471344,0.01674574613571167,0.4235144257545471,0.8117160797119141,-0.007952523417770863,0.43928080797195435,0.7678090929985046,0.005359104368835688,0.4548679292201996,0.7855349779129028,0.01694437488913536,0.4601505398750305,0.809143602848053,0.023773252964019775
0.5036483407020569,0.9949156641960144,1.732234693463397e-07,0.5572326183319092,0.9223239421844482,0.005867303349077702,0.5714693665504456,0.8342417478561401,0.010482060723006725,0.5505101084709167,0.7679738998413086,0.016441423445940018,0.5230751633644104,0.7437915802001953,0.02201816625893116,0.5455809831619263,0.7806519269943237,-0.012762206606566906,0.5424946546554565,0.6626644134521484,-0.006507996469736099,0.5442713499069214,0.6063776016235352,0.0025698828976601362,0.543419599533081,0.5626301765441895,0.008118757046759129,0.4961540997028351,0.7801647186279297,-0.013417172245681286,0.49963700771331787,0.6864806413650513,-0.005489738658070564,0.5172924399375916,0.7083165049552917,0.005783350206911564,0.527706503868103,0.7449589371681213,0.013407157734036446,0.459827184677124,0.7954198122024536,-0.010731792077422142,0.47390446066856384,0.7328907251358032,0.0015839855186641216,0.49112412333488464,0.7561177611351013,0.012872789986431599,0.4958875775337219,0.7868082523345947,0.01711062528192997,0.43146517872810364,0.8138253688812256,-0.007527181878685951,0.4473074674606323,0.7653487324714661,0.00521432887762785,0.46170225739479065,0.7842575311660767,0.016936324536800385,0.4649743437767029,0.8093845248222351,0.024090144783258438
0.5057079792022705,1.010100245475769,1.7096108706482482e-07,0.5594351291656494,0.936564564704895,0.004079930949956179,0.5741742253303528,0.8461130857467651,0.007397753186523914,0.5540491342544556,0.7785024642944336,0.01242391113191843,0.5260971784591675,0.7524774074554443,0.017274701967835426,0.5460453033447266,0.7903010845184326,-0.01658708043396473,0.5469751358032227,0.6710529327392578,-0.011489246040582657,0.5482133030891418,0.614197850227356,-0.003016300732269883,0.5462054014205933,0.5701661109924316,0.001953221159055829,0.49674052000045776,0.7907535433769226,-0.017122646793723106,0.5002779364585876,0.6947991251945496,-0.010471191257238388,0.5183980464935303,0.7161328196525574,0.0007605970604345202,0.5288500189781189,0.7519181370735168,0.008238792419433594,0.46058374643325806,0.8075018525123596,-0.014279351569712162,0.4735204875469208,0.7411932945251465,-0.002872076351195574,0.49223294854164124,0.763535737991333,0.009431494399905205,0.4976329207420349,0.7938745021820068,0.014400580897927284,0.43294739723205566,0.8271759748458862,-0.011064723134040833,0.4451553523540497,0.7739375233650208,0.0013608454028144479,0.4603969156742096,0.7904599905014038,0.014227625913918018,0.46467283368110657,0.8152853846549988,0.02221299521625042
0.5036624670028687,1.0239017009735107,2.1646899028837652e-07,0.5568135976791382,0.9444398880004883,0.00652961665764451,0.5702290534973145,0.8502936363220215,0.010607409290969372,0.5491604208946228,0.7821662425994873,0.016129188239574432,0.5206427574157715,0.7542064189910889,0.021568769589066505,0.5452200174331665,0.8001959323883057,-0.015317657962441444,0.5456998348236084,0.6765443086624146,-0.009825112298130989,0.5476519465446472,0.6189649701118469,-0.00043703685514628887,0.5465548038482666,0.5738916993141174,0.005496242083609104,0.49379467964172363,0.7992604970932007,-0.016500724479556084,0.4996381103992462,0.699732780456543,-0.008820823393762112,0.5170357823371887,0.7204840779304504,0.0035240482538938522,0.526730477809906,0.7562620043754578,0.011751823127269745,0.4557029604911804,0.8144001364707947,-0.014134660363197327,0.471638023853302,0.7465415000915527,-0.000866408518049866,0.48941561579704285,0.7690411806106567,0.012473935261368752,0.49377888441085815,0.7994773983955383,0.017735525965690613,0.42680397629737854,0.8321768641471863,-0.011269014328718185,0.44413965940475464,0.7795169949531555,0.0034401353914290667,0.45888248085975647,0.7975403666496277,0.017382951453328133,0.46143871545791626,0.8226226568222046,0.02583020180463791
0.4962376356124878,1.0348865985870361,2.449317832997622e-07,0.5503268241882324,0.9520492553710938,0.0035583078861236572,0.5634628534317017,0.8570464253425598,0.004017817322164774,0.5364944338798523,0.7908435463905334,0.005908516701310873,0.5040218830108643,0.7637733221054077,0.007653503678739071,0.5382598042488098,0.81037837266922,-0.020389974117279053,0.5374302268028259,0.6855285167694092,-0.019279135391116142,0.5402146577835083,0.6265596151351929,-0.013056172989308834,0.5403192639350891,0.5811869502067566,-0.009063703939318657,0.48582151532173157,0.8116744160652161,-0.022468160837888718,0.49203771352767944,0.7077475786209106,-0.019427623599767685,0.5100671648979187,0.7272180914878845,-0.00917582307010889,0.51952064037323,0.7641268372535706,-0.002081299666315317,0.44691526889801025,0.8276588320732117,-0.02131309174001217,0.4630681872367859,0.7526346445083618,-0.012089538387954235,0.48166558146476746,0.7742200493812561,0.0014657927677035332,0.4864248037338257,0.8061457276344299,0.007374206092208624,0.4178503751754761,0.8456348776817322,-0.019954456016421318,0.4366813600063324,0.7888857126235962,-0.008318151347339153,0.4524569809436798,0.8063466548919678,0.005628397222608328,0.45468494296073914,0.8324296474456787,0.014280872419476509
0.4685123860836029,1.0000877380371094,4.16362411215232e-07,0.526162326335907,0.9529982805252075,-0.010597145184874535,0.5490987300872803,0.8613836765289307,-0.014809655956923962,0.5328177213668823,0.7883832454681396,-0.014307628385722637,0.5017853379249573,0.7613842487335205,-0.015054467134177685,0.5079541802406311,0.8281184434890747,-0.03106183558702469,0.5106483697891235,0.7345525622367859,-0.03384912386536598,0.5116937160491943,0.6761887073516846,-0.03317170962691307,0.5102618932723999,0.6306099891662598,-0.03374989330768585,0.4583158791065216,0.8311137557029724,-0.028680818155407906,0.46408331394195557,0.7308277487754822,-0.03312518447637558,0.4828649163246155,0.7461689710617065,-0.02911551669239998,0.4900627136230469,0.7832675576210022,-0.02412317506968975,0.42089277505874634,0.8459933996200562,-0.02372446469962597,0.43496426939964294,0.7720730900764465,-0.02528255246579647,0.4533344805240631,0.7907066345214844,-0.015140694566071033,0.4552786350250244,0.8200109601020813,-0.00778434332460165,0.39449065923690796,0.86478191614151,-0.018905887380242348,0.4092513620853424,0.8000456094741821,-0.018439801409840584,0.4258118271827698,0.8149814605712891,-0.007239924743771553,0.42658236622810364,0.8394641280174255,0.001475539873354137
0.4667645990848541,1.0536623001098633,2.2086773299179185e-07,0.5258616805076599,0.9774668216705322,-0.004511457402259111,0.5475189685821533,0.8807044625282288,-0.008559410460293293,0.5234147310256958,0.8058202862739563,-0.010180038399994373,0.49210885167121887,0.7700201272964478,-0.011728565208613873,0.5086767077445984,0.8315342664718628,-0.026906738057732582,0.5100562572479248,0.710421085357666,-0.03184074908494949,0.5124767422676086,0.6471452116966248,-0.030323322862386703,0.5121382474899292,0.5968422889709473,-0.02943514473736286,0.45654433965682983,0.8358781337738037,-0.028008269146084785,0.4676531255245209,0.7303960919380188,-0.03397304192185402,0.4848998188972473,0.7586173415184021,-0.02721412666141987,0.49116355180740356,0.8009843826293945,-0.02074144221842289,0.41794633865356445,0.8528268337249756,-0.026648612692952156,0.43598294258117676,0.777336835861206,-0.02476024068892002,0.4520595073699951,0.8010225296020508,-0.010602554306387901,0.45363304018974304,0.8350086808204651,-0.0024674481246620417,0.3893265426158905,0.8722206950187683,-0.025814304128289223,0.4075213670730591,0.8117089867591858,-0.01800094172358513,0.4247033894062042,0.8299200534820557,-0.0031887274235486984,0.42654046416282654,0.8582742214202881,0.0066718305461108685
0.4540178179740906,1.0611798763275146,2.749921179656667e-07,0.5132095813751221,0.9838128685951233,-0.008032657206058502,0.5329675078392029,0.8834623098373413,-0.013883144594728947,0.5097783803939819,0.802328884601593,-0.016052084043622017,0.47842079401016235,0.7610992789268494,-0.017714042216539383,0.4932869076728821,0.8384928703308105,-0.03208906203508377,0.4939306378364563,0.7185429334640503,-0.03770526498556137,0.4954630434513092,0.6540606021881104,-0.036394912749528885,0.49378737807273865,0.6010130643844604,-0.035790231078863144,0.44014203548431396,0.8406583666801453,-0.03147908300161362,0.4516306221485138,0.729921817779541,-0.03901718184351921,0.46917614340782166,0.7587059140205383,-0.03252800181508064,0.475252240896225,0.8045281767845154,-0.02522038295865059,0.401447594165802,0.8549894094467163,-0.02829614281654358,0.4234135150909424,0.7781648635864258,-0.028110070154070854,0.4390439987182617,0.8047405481338501,-0.013495981693267822,0.43912431597709656,0.8403184413909912,-0.004122827667742968,0.3742818534374237,0.8718517422676086,-0.025894084945321083,0.39930960536003113,0.8123742938041687,-0.020411087200045586,0.4144689738750458,0.8332304358482361,-0.006678716279566288,0.412933886051178,0.8613554239273071,0.003131285309791565
0.43524572253227234,1.0623798370361328,2.6572493538878916e-07,0.4969199597835541,0.9900987148284912,-0.010339464992284775,0.5175520181655884,0.8885941505432129,-0.014966318383812904,0.4991748034954071,0.8011783957481384,-0.01539149135351181,0.46514856815338135,0.7596465945243835,-0.015075142495334148,0.4766481816768646,0.843059241771698,-0.02733752690255642,0.4762815237045288,0.7220429182052612,-0.02851441130042076,0.4779271185398102,0.6572689414024353,-0.025313977152109146,0.4762536287307739,0.6041534543037415,-0.023925093933939934,0.42319270968437195,0.8462531566619873,-0.0233914814889431,0.4370940029621124,0.7431076765060425,-0.02626536600291729,0.45702800154685974,0.771030604839325,-0.019787466153502464,0.4631386697292328,0.81642746925354,-0.01343756727874279,0.3851105570793152,0.8611035346984863,-0.01710006780922413,0.4077190160751343,0.7868935465812683,-0.012728503905236721,0.4259529709815979,0.8112196326255798,0.0006896855193190277,0.42760467529296875,0.846195638179779,0.008140046149492264,0.3591155707836151,0.8771582245826721,-0.011944522149860859,0.3848300278186798,0.8211102485656738,-0.004158186726272106,0.4010898172855377,0.8399752974510193,0.007904576137661934,0.40156036615371704,0.8680539131164551,0.01583087630569935
0.40828564763069153,1.0577178001403809,2.8938734430994373e-07,0.46562519669532776,0.9911812543869019,-0.004862347152084112,0.4845585823059082,0.8978632092475891,-0.0052925702184438705,0.47744423151016235,0.8167586326599121,-0.0025293375365436077,0.4520334005355835,0.7745235562324524,0.0011797025799751282,0.43708503246307373,0.842631995677948,-0.02140994742512703,0.430346816778183,0.7227154970169067,-0.02056865021586418,0.4295785129070282,0.6588672399520874,-0.015636395663022995,0.4236595332622528,0.6090691089630127,-0.012272171676158905,0.38766443729400635,0.8482404947280884,-0.018288524821400642,0.3925909698009491,0.7410501837730408,-0.01772790029644966,0.41292157769203186,0.7628768682479858,-0.008741326630115509,0.42057251930236816,0.8034188151359558,-0.000745950557757169,0.3512082099914551,0.8657692670822144,-0.01260771881788969,0.3727297782897949,0.7967250943183899,-0.007569280918687582,0.3899421691894531,0.8184739947319031,0.005470567848533392,0.39131030440330505,0.8500754237174988,0.01344789657741785,0.3253253102302551,0.8842824101448059,-0.007351114880293608,0.35211241245269775,0.8332986235618591,0.0008524225559085608,0.3687683641910553,0.8515948057174683,0.013401529751718044,0.370267778635025,0.8784136176109314,0.022366316989064217
0.39126837253570557,1.0004487037658691,3.635922212197329e-07,0.44791334867477417,0.9510107636451721,-0.008759850636124611,0.4703894257545471,0.8704280853271484,-0.00970732606947422,0.4638391137123108,0.8073307871818542,-0.007421428803354502,0.44415152072906494,0.778844952583313,-0.0056430986151099205,0.422935426235199,0.8285665512084961,-0.020899826660752296,0.4215683937072754,0.751250147819519,-0.023632409051060677,0.4207175374031067,0.7076677680015564,-0.02340555191040039,0.4187556803226471,0.6753541231155396,-0.023005295544862747,0.37861916422843933,0.8384795188903809,-0.017416609451174736,0.37893858551979065,0.754827618598938,-0.020005522295832634,0.39283329248428345,0.7563399076461792,-0.017441095784306526,0.4016193449497223,0.7784271836280823,-0.01353177148848772,0.34246543049812317,0.8576313853263855,-0.012366479262709618,0.35708025097846985,0.800624668598175,-0.011893188580870628,0.37157511711120605,0.8159335851669312,-0.004537591245025396,0.37673795223236084,0.8404175639152527,0.0010706951143220067,0.316109836101532,0.8808826804161072,-0.007734919432550669,0.3348534107208252,0.8328182697296143,-0.004569025710225105,0.3491278290748596,0.8463385701179504,0.00466935383155942,0.3538607358932495,0.8676027655601501,0.012339857406914234
0.400815486907959,1.0469284057617188,2.423231535431114e-07,0.45687347650527954,0.9804561138153076,-0.002278414787724614,0.47521504759788513,0.8915544748306274,0.0007970225997269154,0.47055932879447937,0.8157172799110413,0.007663842290639877,0.4499824345111847,0.7749395370483398,0.015511290170252323,0.426911324262619,0.8303164839744568,-0.01793091371655464,0.4194963872432709,0.7128285765647888,-0.011374849826097488,0.4178912341594696,0.6524257659912109,-0.0020960746333003044,0.4120561480522156,0.6053162813186646,0.004097185097634792,0.37875545024871826,0.8386792540550232,-0.012347043491899967,0.3831149637699127,0.7397692203521729,-0.003777648787945509,0.40334975719451904,0.7623323798179626,0.008557271212339401,0.4122005105018616,0.8004764914512634,0.017323384061455727,0.34502920508384705,0.8594818115234375,-0.00388158205896616,0.36380118131637573,0.7999678254127502,0.008747885003685951,0.38221341371536255,0.8226742148399353,0.021459564566612244,0.3850634694099426,0.8531537055969238,0.027280293405056,0.32026392221450806,0.8814040422439575,0.004346719942986965,0.34462854266166687,0.8394049406051636,0.01835073158144951,0.3607141673564911,0.8575114011764526,0.030014947056770325,0.3630647659301758,0.8826013207435608,0.03709045425057411
0.397492378950119,1.038618564605713,2.062082273823762e-07,0.4545047879219055,0.9707021713256836,-7.287067273864523e-05,0.4705429673194885,0.88099604845047,0.0060092066414654255,0.46349257230758667,0.8069906830787659,0.015639394521713257,0.4448505640029907,0.7678265571594238,0.02638990804553032,0.41946515440940857,0.819866955280304,-0.01211391668766737,0.4111919105052948,0.7058791518211365,-0.002455598209053278,0.4086330533027649,0.6472491025924683,0.008396596647799015,0.4018775224685669,0.6017501950263977,0.015288036316633224,0.372711181640625,0.8290364146232605,-0.00604225741699338,0.3795812129974365,0.7333863973617554,0.004745129961520433,0.40079692006111145,0.7547448873519897,0.01765783131122589,0.4094429910182953,0.7918457984924316,0.02664044499397278,0.3410412669181824,0.8504220247268677,0.0029344861395657063,0.3609800934791565,0.7910270094871521,0.017137497663497925,0.38035598397254944,0.8125742077827454,0.02906324528157711,0.38355615735054016,0.8425406217575073,0.03419777378439903,0.3181430697441101,0.8726219534873962,0.01189232524484396,0.342430979013443,0.8303688764572144,0.02677231840789318,0.35921698808670044,0.8467530012130737,0.03746088221669197,0.3626919388771057,0.8711669445037842,0.043668232858181
0.40002143383026123,1.0296807289123535,1.8251881783726276e-07,0.4546470046043396,0.9596542119979858,-0.0011229789815843105,0.4700963795185089,0.8672471046447754,0.004180096555501223,0.4594498872756958,0.7944079041481018,0.012800948694348335,0.4395713210105896,0.7609418034553528,0.02247815765440464,0.41719233989715576,0.8115243315696716,-0.012593735940754414,0.40799641609191895,0.7008443474769592,-0.004813524894416332,0.40380382537841797,0.6430728435516357,0.004180300049483776,0.3962323069572449,0.5985524654388428,0.009516125544905663,0.37204334139823914,0.8213709592819214,-0.00742237688973546,0.3770284354686737,0.7299412488937378,0.0011907756561413407,0.3988857567310333,0.7482590079307556,0.011656532995402813,0.4092024862766266,0.7831252217292786,0.018617136403918266,0.3415950536727905,0.8424086570739746,0.00047487032134085894,0.35940656065940857,0.7824491858482361,0.012350164353847504,0.3797261118888855,0.7998753786087036,0.02273288182914257,0.385544091463089,0.8291186094284058,0.026719994843006134,0.31989485025405884,0.8643779158592224,0.008202904835343361,0.34144535660743713,0.8212321996688843,0.02011459320783615,0.3585546910762787,0.8339391946792603,0.029162567108869553,0.3640459477901459,0.8568693995475769,0.03428341820836067
0.4085272252559662,1.018255352973938,2.009365829280796e-07,0.4601801633834839,0.94551020860672,-0.002080741571262479,0.47575777769088745,0.8545629978179932,0.00030660134507343173,0.4631149172782898,0.7827813625335693,0.005904471036046743,0.43768078088760376,0.7531948089599609,0.012484007515013218,0.42206522822380066,0.7996898293495178,-0.015060771256685257,0.4122408628463745,0.6932096481323242,-0.009251789189875126,0.4082973599433899,0.6375957727432251,-0.002381120575591922,0.40157550573349,0.5938880443572998,0.001353873056359589,0.37607383728027344,0.8097152709960938,-0.010964433662593365,0.3802051842212677,0.7275878190994263,-0.002662734827026725,0.4015139043331146,0.7457931041717529,0.006970638409256935,0.41217318177223206,0.779401421546936,0.012732237577438354,0.3442276120185852,0.8311001658439636,-0.004206966143101454,0.36252620816230774,0.7749277353286743,0.007765952032059431,0.38210806250572205,0.7912929654121399,0.01843496970832348,0.3879668414592743,0.8190900683403015,0.02202703058719635,0.32190844416618347,0.8532087802886963,0.0021570699755102396,0.34449172019958496,0.8124373555183411,0.014101848006248474,0.36089834570884705,0.8245406746864319,0.023831186816096306,0.3657974302768707,0.8457768559455872,0.02935170941054821
0.42031624913215637,0.9998445510864258,2.190468819662783e-07,0.4686402380466461,0.9263026714324951,0.0035475571639835835,0.48067960143089294,0.8417748808860779,0.008043711073696613,0.4697628319263458,0.7773267030715942,0.014047408476471901,0.4489363431930542,0.7483797669410706,0.020495694130659103,0.4285646378993988,0.7834252119064331,-0.008615410886704922,0.42135244607925415,0.6806702017784119,-0.0035577150993049145,0.42047783732414246,0.6254523992538452,0.002062424086034298,0.415648877620697,0.5827528238296509,0.005454030819237232,0.3848966062068939,0.7940839529037476,-0.007070866879075766,0.3890378773212433,0.7167157530784607,0.0016325977630913258,0.40888845920562744,0.7316493988037109,0.010421235114336014,0.41862353682518005,0.7620500922203064,0.015589090995490551,0.35329294204711914,0.8165673613548279,-0.0026908477302640676,0.3713585436344147,0.7641844153404236,0.009239171631634235,0.3906591534614563,0.7782248258590698,0.018877750262618065,0.3969751298427582,0.8047682046890259,0.022131001576781273,0.3296584486961365,0.8405909538269043,0.0018304354744032025,0.3513612747192383,0.8032941818237305,0.014210385270416737,0.3686234951019287,0.813421368598938,0.024316392838954926,0.37471944093704224,0.8335555791854858,0.03050643391907215
0.4454948604106903,0.9718438982963562,2.785560582196922e-07,0.49070414900779724,0.8982552289962769,0.0018218676559627056,0.49847927689552307,0.8151487708091736,0.005635960027575493,0.47610601782798767,0.7508392333984375,0.010458420030772686,0.4478951096534729,0.7252883911132812,0.015723666176199913,0.4550061821937561,0.7570241093635559,-0.0020226514898240566,0.44528287649154663,0.6615753173828125,0.004765036515891552,0.4411286413669586,0.6111980676651001,0.011115183122456074,0.4344944655895233,0.5704284906387329,0.015132674016058445,0.41092854738235474,0.7674566507339478,0.00029593819635920227,0.4139922261238098,0.6974438428878784,0.008446795865893364,0.42788830399513245,0.7045954465866089,0.015230059623718262,0.4342055320739746,0.722925066947937,0.020303351804614067,0.37768036127090454,0.7892976999282837,0.004927544854581356,0.39470934867858887,0.7487978339195251,0.014015289954841137,0.41195476055145264,0.7664055228233337,0.021013060584664345,0.4187243580818176,0.790800154209137,0.024859949946403503,0.35254359245300293,0.8124483227729797,0.009845335967838764,0.375887006521225,0.7841336131095886,0.022099778056144714,0.39239323139190674,0.7985034584999084,0.032719939947128296,0.3981555700302124,0.8197312355041504,0.04060782119631767
0.44548243284225464,0.9710581302642822,5.914980647503398e-07,0.4888394773006439,0.9006706476211548,0.001511095673777163,0.49570733308792114,0.8181782960891724,0.007881149649620056,0.47536081075668335,0.7522973418235779,0.014574198983609676,0.4444597363471985,0.7267760634422302,0.0222647525370121,0.46043288707733154,0.7598881125450134,0.007527443114668131,0.4462728202342987,0.677129864692688,0.013699345290660858,0.439888060092926,0.6349457502365112,0.018359413370490074,0.431968629360199,0.600928008556366,0.02291603572666645,0.42133790254592896,0.763373613357544,0.008873381651937962,0.42374253273010254,0.6650388240814209,0.016272351145744324,0.4299456775188446,0.6122323870658875,0.019779494032263756,0.43312904238700867,0.5781300067901611,0.02415839023888111,0.38693130016326904,0.7837426066398621,0.011315508745610714,0.4009448289871216,0.7355553507804871,0.017225677147507668,0.41350576281547546,0.7524754405021667,0.021300489082932472,0.42076605558395386,0.7782588601112366,0.027134692296385765,0.35869914293289185,0.8108371496200562,0.013936691917479038,0.3781883716583252,0.7761702537536621,0.025391744449734688,0.39238378405570984,0.7915666699409485,0.03780987486243248,0.4000298082828522,0.8149576187133789,0.04892463982105255
0.4542115330696106,0.9655042886734009,1.8047579430913174e-07,0.5035024285316467,0.8950773477554321,0.0009084006305783987,0.5168015956878662,0.8107196092605591,0.0013296527322381735,0.49316248297691345,0.7475874423980713,0.0026792753487825394,0.46155881881713867,0.7274830341339111,0.0037902407348155975,0.47075316309928894,0.7474019527435303,-0.01265066210180521,0.4643554389476776,0.6503859162330627,-0.012407309375703335,0.46168529987335205,0.595552921295166,-0.00950118713080883,0.45582932233810425,0.553038477897644,-0.008052964694797993,0.4251571297645569,0.7560397386550903,-0.013583964668214321,0.428062379360199,0.6918482780456543,-0.012734880670905113,0.4444615840911865,0.7147412300109863,-0.005850779823958874,0.45229119062423706,0.7469923496246338,-0.00026608738698996603,0.3908725678920746,0.7783598899841309,-0.012166272848844528,0.40573030710220337,0.7412099242210388,-0.008676091209053993,0.4216171205043793,0.7633000612258911,0.0009789254982024431,0.42704522609710693,0.7903820276260376,0.006617305334657431,0.3653215765953064,0.8027487397193909,-0.010603232309222221,0.3852677345275879,0.7744985222816467,-0.0033679089974611998,0.4005539119243622,0.792443037033081,0.007744012866169214,0.4048473536968231,0.813758373260498,0.016128545626997948
0.5003784894943237,0.9510960578918457,1.2310370323120878e-07,0.5493112206459045,0.873308002948761,0.0051237852312624454,0.5582923889160156,0.7883928418159485,0.00953593198210001,0.5291983485221863,0.729606032371521,0.014841265976428986,0.498004287481308,0.7118193507194519,0.019836299121379852,0.5304688215255737,0.7333028316497803,-0.007081145886331797,0.51984703540802,0.6312912702560425,-0.0029337513260543346,0.516974925994873,0.5795899033546448,0.004770697560161352,0.5150670409202576,0.5385677218437195,0.009860767051577568,0.4824065566062927,0.7379778623580933,-0.007361560128629208,0.48199301958084106,0.6581016778945923,-0.00017538940301164985,0.4949190616607666,0.6822425723075867,0.01048121228814125,0.5053856372833252,0.7166917324066162,0.018299944698810577,0.44722986221313477,0.7553442716598511,-0.005216478370130062,0.4602855443954468,0.714209258556366,0.006557146552950144,0.47403088212013245,0.7369950413703918,0.016136858612298965,0.4798189103603363,0.7657802700996399,0.019856063649058342,0.41998156905174255,0.7758422493934631,-0.0029646672774106264,0.43631511926651,0.7482830882072449,0.011304447427392006,0.45067793130874634,0.7677403688430786,0.021590663120150566,0.45529866218566895,0.791114091873169,0.027783149853348732
0.509154736995697,0.9470297694206238,1.258464266129522e-07,0.5598451495170593,0.872796356678009,0.00848428625613451,0.5715130567550659,0.7911999821662903,0.013846739195287228,0.5450916886329651,0.7332059741020203,0.01933613419532776,0.5148575305938721,0.7168983221054077,0.024064848199486732,0.5403817296028137,0.7351474165916443,-0.00458736065775156,0.5313804149627686,0.6328126788139343,0.0022154508624225855,0.5292794704437256,0.5802225470542908,0.009132363833487034,0.5267467498779297,0.5381799936294556,0.012569518759846687,0.49197718501091003,0.7382839322090149,-0.006771815940737724,0.4956401586532593,0.6622395515441895,0.003243399318307638,0.511586606502533,0.6838014125823975,0.013312370516359806,0.5210468769073486,0.7164170742034912,0.018745921552181244,0.4569019079208374,0.7575063109397888,-0.005882535129785538,0.47056183218955994,0.7120668888092041,0.007738824002444744,0.4857918918132782,0.7340214848518372,0.018025096505880356,0.49012070894241333,0.7634146809577942,0.02073241025209427,0.42977866530418396,0.7788031101226807,-0.004521665628999472,0.44383227825164795,0.7405874133110046,0.009548558853566647,0.4581965506076813,0.7585000395774841,0.021235954016447067,0.46287402510643005,0.7829263210296631,0.027775103226304054
0.5156846046447754,0.9470069408416748,1.5391751162496803e-07,0.5681384205818176,0.8750017881393433,0.008557077497243881,0.5798687934875488,0.7928054332733154,0.014553342945873737,0.5554590821266174,0.7327536940574646,0.020968489348888397,0.5259568691253662,0.7141849994659424,0.026794467121362686,0.550493061542511,0.7359166741371155,-0.0040645538829267025,0.5427840948104858,0.6294170618057251,0.003819408593699336,0.5435347557067871,0.576999306678772,0.011836327612400055,0.543272078037262,0.5366524457931519,0.016350839287042618,0.5028537511825562,0.7377632260322571,-0.005280893761664629,0.5059303641319275,0.6589178442955017,0.005328637547791004,0.5219029784202576,0.6798698902130127,0.016093092039227486,0.5314730405807495,0.7135690450668335,0.022671306505799294,0.4674358069896698,0.7554020285606384,-0.0034109267871826887,0.48100903630256653,0.7089201807975769,0.011156641878187656,0.4959697425365448,0.7307595014572144,0.021330194547772408,0.5001292824745178,0.759735643863678,0.02423936501145363,0.4399304986000061,0.775386393070221,-0.0009834399679675698,0.45500820875167847,0.7388545274734497,0.013448852114379406,0.46825769543647766,0.757878303527832,0.024709198623895645,0.4719823896884918,0.7817690968513489,0.031244557350873947
0.5220494270324707,0.958169162273407,2.1109241288286285e-07,0.5740228891372681,0.8858300447463989,0.006481521297246218,0.5853431224822998,0.799191951751709,0.011342638172209263,0.5640033483505249,0.7364948987960815,0.016829632222652435,0.5354852676391602,0.7145108580589294,0.021866269409656525,0.5572282075881958,0.7454833388328552,-0.008833026513457298,0.5507074594497681,0.6321098804473877,-0.0029272602405399084,0.5524505972862244,0.5765150785446167,0.0042635854333639145,0.5525543093681335,0.534555196762085,0.008748449385166168,0.5100662112236023,0.7461130023002625,-0.009986509568989277,0.5130828619003296,0.6568920612335205,-0.0015218097250908613,0.5314829349517822,0.6693011522293091,0.0077550676651299,0.5424500107765198,0.6989399790763855,0.013839461840689182,0.474555104970932,0.7624581456184387,-0.008014210499823093,0.49071013927459717,0.7071927785873413,0.004413367714732885,0.5080807209014893,0.7264010906219482,0.013447662815451622,0.513271152973175,0.7541893124580383,0.016443070024251938,0.4478580355644226,0.7813678979873657,-0.005519092548638582,0.4642614722251892,0.7387493848800659,0.007728257682174444,0.4791199266910553,0.7537212371826172,0.01880817860364914,0.48323047161102295,0.7764837145805359,0.025628771632909775
0.5261883735656738,0.9670137166976929,2.4286060806844034e-07,0.5786728262901306,0.8890163898468018,0.006636893842369318,0.587956428527832,0.8035197257995605,0.00959861371666193,0.5656676292419434,0.7421215176582336,0.013003461062908173,0.5366772413253784,0.7191552519798279,0.015627726912498474,0.5668011903762817,0.7542657852172852,-0.011854518204927444,0.5614655017852783,0.6378624439239502,-0.008188096806406975,0.562040388584137,0.5810995697975159,-0.002005185466259718,0.5602826476097107,0.537830650806427,0.0021431853529065847,0.5175913572311401,0.7542513012886047,-0.014115193858742714,0.518264651298523,0.6560754179954529,-0.007778142113238573,0.5354073643684387,0.6664758920669556,0.000624209176748991,0.5460999011993408,0.6946104168891907,0.006659036967903376,0.4798063337802887,0.7704382538795471,-0.013014620169997215,0.4951140582561493,0.7095092535018921,-0.00224840990267694,0.5127463936805725,0.7306248545646667,0.0069693587720394135,0.5179955959320068,0.7591186761856079,0.010674986988306046,0.4520465135574341,0.7896032929420471,-0.011237061582505703,0.46881040930747986,0.7434402704238892,0.001268782652914524,0.48432183265686035,0.76003497838974,0.013282026164233685,0.4882802665233612,0.7841163277626038,0.021143170073628426
0.5264424085617065,0.9861831068992615,2.7839158178721846e-07,0.5801347494125366,0.9087622165679932,0.00692804204300046,0.5903048515319824,0.8184053301811218,0.010619987733662128,0.5682387351989746,0.7542234659194946,0.01503062341362238,0.5394031405448914,0.7293338775634766,0.018970446661114693,0.5694697499275208,0.7697231769561768,-0.012060104869306087,0.5657046437263489,0.649941623210907,-0.007696826942265034,0.5665490031242371,0.5930826663970947,-0.0004989048466086388,0.5649113655090332,0.5510140061378479,0.004563468042761087,0.5198684930801392,0.7692687511444092,-0.014381245709955692,0.5191503763198853,0.6616677641868591,-0.007956985384225845,0.5361950993537903,0.661836564540863,0.0006677861092612147,0.5472661852836609,0.6828663349151611,0.007232792675495148,0.4812580347061157,0.7844763398170471,-0.013243939727544785,0.49602848291397095,0.7150213122367859,-0.002065196167677641,0.5144217014312744,0.7343360185623169,0.007803225424140692,0.5201701521873474,0.7624995112419128,0.012439042329788208,0.45329517126083374,0.8030364513397217,-0.011416072025895119,0.4687955975532532,0.7489495277404785,0.0022409905213862658,0.48443904519081116,0.7630223035812378,0.01535231713205576,0.4886355996131897,0.7865532636642456,0.024166608229279518
0.5251604318618774,1.00248122215271,3.3935754117919714e-07,0.5775960683822632,0.9181948900222778,0.006436619907617569,0.5851743817329407,0.8275721669197083,0.0078086843714118,0.5589081048965454,0.7682516574859619,0.00952871609479189,0.5265533328056335,0.7445763349533081,0.010613439604640007,0.5672070980072021,0.7820601463317871,-0.016783837229013443,0.5650408864021301,0.6580379009246826,-0.014601574279367924,0.5643819570541382,0.5992566347122192,-0.00806401763111353,0.5614084601402283,0.5549373626708984,-0.003266305197030306,0.5168470144271851,0.7836835384368896,-0.019618704915046692,0.5183212161064148,0.680173397064209,-0.013531015254557133,0.5340495705604553,0.6760701537132263,-0.0037685877177864313,0.5444601774215698,0.6902657151222229,0.002361631253734231,0.4768328070640564,0.7999535799026489,-0.019112035632133484,0.4917773902416229,0.7291483283042908,-0.0085298428311944,0.5091970562934875,0.7501018047332764,0.0032161204144358635,0.5147539377212524,0.7793647050857544,0.008509661071002483,0.4465787410736084,0.8182122111320496,-0.01806110329926014,0.4626641273498535,0.7645564675331116,-0.004578550346195698,0.47803857922554016,0.7801042199134827,0.009848454967141151,0.4818631410598755,0.8047061562538147,0.01924089528620243
0.5144455432891846,1.0246472358703613,2.1275693029565446e-07,0.5661121010780334,0.940463662147522,0.0032761881593614817,0.5747628808021545,0.8448013663291931,0.0032835660967975855,0.5487560033798218,0.7826199531555176,0.0038719093427062035,0.5171831846237183,0.7549881935119629,0.0037337809335440397,0.557806670665741,0.7983517646789551,-0.018991919234395027,0.5556871294975281,0.6740084290504456,-0.01976858079433441,0.5574294328689575,0.6133869886398315,-0.015389948152005672,0.5557091236114502,0.5668942928314209,-0.012586371973156929,0.507794201374054,0.8018494248390198,-0.02202134020626545,0.5106772184371948,0.7018003463745117,-0.020815663039684296,0.5277451276779175,0.7233051061630249,-0.012057646177709103,0.536487340927124,0.7590295076370239,-0.005845742300152779,0.46826866269111633,0.8193159103393555,-0.022268900647759438,0.4799349009990692,0.7457269430160522,-0.014685793779790401,0.4963841438293457,0.7681505680084229,-0.0019022382330149412,0.5000935792922974,0.7983419299125671,0.0038210873026400805,0.43677082657814026,0.8377059698104858,-0.022420592606067657,0.4494456648826599,0.780229926109314,-0.011778190732002258,0.4646969437599182,0.7976452708244324,0.002008351031690836,0.4674166440963745,0.8225614428520203,0.010615531355142593
0.5025234222412109,1.0447187423706055,2.588178062978841e-07,0.5550937056541443,0.9567105770111084,0.0008992350194603205,0.5654566884040833,0.8544132709503174,-0.0016294005326926708,0.541848361492157,0.7852672934532166,-0.0026366824749857187,0.5113620758056641,0.7494339942932129,-0.0040656281635165215,0.5446054935455322,0.8185163140296936,-0.027136951684951782,0.5387675762176514,0.6896244287490845,-0.02957199327647686,0.5415634512901306,0.62810879945755,-0.02596958354115486,0.5425953269004822,0.5809520483016968,-0.02356642857193947,0.4919269382953644,0.8259004354476929,-0.030096273869276047,0.4959019720554352,0.7148021459579468,-0.030318940058350563,0.5164258480072021,0.7352409958839417,-0.021197466179728508,0.5268450379371643,0.7741597294807434,-0.01482605654746294,0.4508097469806671,0.8457174301147461,-0.030025534331798553,0.4644845128059387,0.7581167817115784,-0.022520296275615692,0.4834885001182556,0.7805038690567017,-0.00755750946700573,0.4871743321418762,0.8133335709571838,-0.0008567617041990161,0.41963106393814087,0.8651890754699707,-0.030037501826882362,0.43586844205856323,0.7960572838783264,-0.019237767904996872,0.4535040259361267,0.813055694103241,-0.0038863562513142824,0.45554983615875244,0.8401432037353516,0.005239889491349459
0.4854790270328522,1.0065195560455322,4.1433284536651627e-07,0.5419431328773499,0.950051486492157,-0.011775855906307697,0.5571828484535217,0.8541339039802551,-0.018535727635025978,0.5301718711853027,0.7851050496101379,-0.019896527752280235,0.4964815378189087,0.7561240196228027,-0.022405795753002167,0.529212236404419,0.8375062346458435,-0.04089152812957764,0.529615044593811,0.7314215302467346,-0.046314287930727005,0.5268164873123169,0.6676236391067505,-0.04549996554851532,0.5206658244132996,0.6196812391281128,-0.045607637614011765,0.47673049569129944,0.8431193232536316,-0.03857617825269699,0.4779047966003418,0.7349063158035278,-0.044928908348083496,0.4957282543182373,0.7484596967697144,-0.03909604623913765,0.5022275447845459,0.7856979370117188,-0.03305027633905411,0.4358132481575012,0.858470618724823,-0.03345153480768204,0.44490599632263184,0.7695412039756775,-0.034853510558605194,0.4647703170776367,0.7871119379997253,-0.02180742658674717,0.4675365388393402,0.8170949220657349,-0.013146772049367428,0.40693357586860657,0.8767821192741394,-0.028528235852718353,0.4185817837715149,0.7996788620948792,-0.02777312695980072,0.4373181462287903,0.8135905265808105,-0.014957993291318417,0.43855923414230347,0.8388771414756775,-0.005437225103378296
0.48715370893478394,1.0572547912597656,2.476202780599124e-07,0.5415790677070618,0.9690472483634949,8.47882911330089e-05,0.5534419417381287,0.866973876953125,-0.0033712133299559355,0.5299876928329468,0.7958521246910095,-0.005259093828499317,0.5006532669067383,0.7580375075340271,-0.007123999297618866,0.5320739150047302,0.8387284874916077,-0.029252182692289352,0.5252682566642761,0.7053277492523193,-0.032941076904535294,0.5260887145996094,0.6417625546455383,-0.029142018407583237,0.5246852040290833,0.5928104519844055,-0.026317575946450233,0.4783313274383545,0.8470732569694519,-0.03254332393407822,0.481374591588974,0.7273617386817932,-0.03611494600772858,0.5011884570121765,0.7486742734909058,-0.027159839868545532,0.5107753276824951,0.7904866933822632,-0.019829612225294113,0.4364031255245209,0.864488422870636,-0.032784175127744675,0.45080646872520447,0.7681471109390259,-0.027375968173146248,0.46988773345947266,0.7909575700759888,-0.011561231687664986,0.4732148349285126,0.8258076906204224,-0.0034949579276144505,0.404279887676239,0.8803799748420715,-0.03325924649834633,0.4221455156803131,0.8050470948219299,-0.023523466661572456,0.43996134400367737,0.8227270841598511,-0.007957635447382927,0.44143903255462646,0.8516301512718201,0.0015942944446578622
0.4650154709815979,1.0776457786560059,2.631000484143442e-07,0.5236065983772278,0.9932637810707092,-0.008976190350949764,0.5381565690040588,0.8843370079994202,-0.016130594536662102,0.5079283118247986,0.802424967288971,-0.019858764484524727,0.4763350784778595,0.7556271553039551,-0.023171447217464447,0.5114498734474182,0.8599170446395874,-0.036876942962408066,0.509647011756897,0.7270145416259766,-0.044068366289138794,0.5099729299545288,0.658575713634491,-0.042682044208049774,0.5073211193084717,0.6044514179229736,-0.041806258261203766,0.45676276087760925,0.8677452206611633,-0.03733045235276222,0.46637487411499023,0.745283842086792,-0.046116575598716736,0.48758959770202637,0.767600953578949,-0.03939371183514595,0.4960915148258209,0.8103095293045044,-0.032788440585136414,0.4153800904750824,0.8840010762214661,-0.035353656858205795,0.43466562032699585,0.7837260961532593,-0.03546743467450142,0.454887330532074,0.8068110346794128,-0.01963302306830883,0.4574850797653198,0.8422931432723999,-0.01024907361716032,0.3853635787963867,0.8984214663505554,-0.03424754738807678,0.40567857027053833,0.8174353837966919,-0.02870943956077099,0.42506611347198486,0.8342674374580383,-0.013833307661116123,0.42613863945007324,0.8638083338737488,-0.004170745145529509
0.4408062994480133,1.089012622833252,2.821743976255675e-07,0.502657949924469,1.0107232332229614,-0.017292657867074013,0.5214289426803589,0.9011387228965759,-0.02787277288734913,0.49432361125946045,0.809633731842041,-0.033546481281518936,0.4584781229496002,0.7572757601737976,-0.038177259266376495,0.49188849329948425,0.8774313926696777,-0.03991914540529251,0.48572924733161926,0.745741605758667,-0.04984903708100319,0.48510849475860596,0.6746987700462341,-0.05075851082801819,0.48161253333091736,0.618566632270813,-0.05117630213499069,0.43731868267059326,0.8833882212638855,-0.037171706557273865,0.4475216269493103,0.7590023279190063,-0.051452167332172394,0.4700906276702881,0.7824814915657043,-0.04816547408699989,0.4782644808292389,0.8289942145347595,-0.041992682963609695,0.3957827687263489,0.8963978886604309,-0.03282862901687622,0.4176802635192871,0.7949962019920349,-0.03876342624425888,0.438220739364624,0.8194296956062317,-0.024448134005069733,0.4406324028968811,0.8560537099838257,-0.013799904845654964,0.36610332131385803,0.9072479605674744,-0.029967889189720154,0.3902653157711029,0.8272790312767029,-0.02886822074651718,0.4094470739364624,0.8456853628158569,-0.01587025076150894,0.4096079468727112,0.8757471442222595,-0.006249880883842707
0.43643125891685486,1.08902108669281,3.3674410815365263e-07,0.495491623878479,1.0113461017608643,-0.013727880083024502,0.5151987075805664,0.9013131856918335,-0.024699337780475616,0.4951145052909851,0.8132009506225586,-0.031470511108636856,0.45714282989501953,0.7714968323707581,-0.038470592349767685,0.47505152225494385,0.8843185305595398,-0.045569103211164474,0.4655952751636505,0.7514605522155762,-0.058179955929517746,0.4674021601676941,0.6761042475700378,-0.06188168004155159,0.46640920639038086,0.6177096366882324,-0.06416220217943192,0.4206181764602661,0.8931627869606018,-0.04526760056614876,0.4229300022125244,0.7638170719146729,-0.06176424399018288,0.44640713930130005,0.7826061248779297,-0.05997006595134735,0.4562147557735443,0.8288902640342712,-0.055046092718839645,0.3792083263397217,0.9093782305717468,-0.04227328673005104,0.3943006992340088,0.8054032325744629,-0.04974151402711868,0.41635048389434814,0.8251239657402039,-0.034985702484846115,0.42164379358291626,0.8617097735404968,-0.024049188941717148,0.35062074661254883,0.9246120452880859,-0.04037049040198326,0.36847686767578125,0.8381296396255493,-0.04093890264630318,0.3889312446117401,0.8531712889671326,-0.02675275318324566,0.39259982109069824,0.88358074426651,-0.01622876338660717
0.42742854356765747,1.086135745048523,3.001796073931473e-07,0.4833753705024719,1.0119166374206543,-0.010508080013096333,0.4993222951889038,0.906314492225647,-0.01683112047612667,0.4809987545013428,0.8234810829162598,-0.019909711554646492,0.44784635305404663,0.78011554479599,-0.023025594651699066,0.4596828818321228,0.8759265542030334,-0.03373975679278374,0.44633960723876953,0.7481101751327515,-0.04075358435511589,0.44231879711151123,0.6774730682373047,-0.04049842432141304,0.43596428632736206,0.624239444732666,-0.040115538984537125,0.4080564081668854,0.8891399502754211,-0.03326699882745743,0.4006859362125397,0.7677353620529175,-0.04421737790107727,0.423264741897583,0.7844774127006531,-0.040348395705223083,0.435045450925827,0.8275612592697144,-0.034295305609703064,0.36871790885925293,0.9104191660881042,-0.030552752315998077,0.3740954101085663,0.8159449100494385,-0.03590129315853119,0.39661523699760437,0.8347292542457581,-0.023040367290377617,0.40420836210250854,0.868701696395874,-0.013384065590798855,0.34093838930130005,0.9299731850624084,-0.028499146923422813,0.35131311416625977,0.8520234227180481,-0.02895517274737358,0.3704147934913635,0.8680156469345093,-0.016357379034161568,0.375419944524765,0.8983046412467957,-0.006555335596203804
0.42098453640937805,1.0811767578125,2.3183100950063817e-07,0.4753546118736267,1.0094759464263916,-0.009603217244148254,0.4896857440471649,0.9050968885421753,-0.013461057096719742,0.47539833188056946,0.820484459400177,-0.013703116215765476,0.4502434730529785,0.7707040905952454,-0.01355220377445221,0.4553894102573395,0.8682095408439636,-0.03151988238096237,0.43858394026756287,0.745011568069458,-0.03671279549598694,0.43030285835266113,0.6760144829750061,-0.035134363919496536,0.41799256205558777,0.6241344213485718,-0.0339551642537117,0.4047989249229431,0.8814836144447327,-0.03053586371243,0.3902316689491272,0.760776162147522,-0.04034696891903877,0.4095006287097931,0.7800772190093994,-0.03493528068065643,0.4203231632709503,0.8257427215576172,-0.02742914855480194,0.3653203248977661,0.9024024605751038,-0.027452223002910614,0.36549749970436096,0.8102388381958008,-0.03179524838924408,0.38566213846206665,0.8292900323867798,-0.018930722028017044,0.39296942949295044,0.8629853129386902,-0.00910431332886219,0.33597102761268616,0.9215700030326843,-0.0250711627304554,0.34487587213516235,0.8489990830421448,-0.024938363581895828,0.36124876141548157,0.8666779398918152,-0.013332683593034744,0.36604762077331543,0.8954095840454102,-0.004169049207121134
0.43077924847602844,0.964484691619873,2.8942645258211996e-07,0.4728379249572754,0.9091197848320007,-0.00236723804846406,0.47893738746643066,0.824716329574585,-0.001968655502423644,0.46220406889915466,0.7649620175361633,0.0003690081648528576,0.43478888273239136,0.745430588722229,0.0015945228515192866,0.45006632804870605,0.7951413989067078,-0.014095505699515343,0.4422570466995239,0.7223238945007324,-0.01370367594063282,0.4343101680278778,0.6761512756347656,-0.012554601766169071,0.4260997474193573,0.642694890499115,-0.01290473435074091,0.40758636593818665,0.8085936903953552,-0.014950438402593136,0.3945612609386444,0.73065185546875,-0.014764013700187206,0.40751412510871887,0.7366729974746704,-0.010939199477434158,0.4171313941478729,0.761815071105957,-0.007481456734240055,0.3714320659637451,0.8307397961616516,-0.013797173276543617,0.37113070487976074,0.7659720778465271,-0.01101198885589838,0.38656285405158997,0.7771843075752258,-0.0016028685495257378,0.39279407262802124,0.8004151582717896,0.003843658370897174,0.3434491753578186,0.8566976189613342,-0.012553852051496506,0.34602269530296326,0.7995274066925049,-0.009319350123405457,0.3607898950576782,0.8101977109909058,0.0015484091127291322,0.36571094393730164,0.8316741585731506,0.009493938647210598
0.4465523064136505,1.021986722946167,3.1134817390920944e-07,0.4871276915073395,0.9270696640014648,0.005507504567503929,0.48731333017349243,0.8339049220085144,0.0065088942646980286,0.45580410957336426,0.7718906402587891,0.007073906250298023,0.4226263463497162,0.7454401850700378,0.007824714295566082,0.4526643753051758,0.7903264164924622,-0.004831788130104542,0.4364583492279053,0.6852523684501648,-0.003754696575924754,0.42658868432044983,0.6304497718811035,-0.0010570840677246451,0.41620147228240967,0.5876696109771729,0.00020821395446546376,0.4055238962173462,0.8059576153755188,-0.009542441926896572,0.3968043625354767,0.7160410284996033,-0.009484863840043545,0.4141637086868286,0.7385180592536926,-0.003653875784948468,0.4253386855125427,0.7732605934143066,0.001854866393841803,0.37011125683784485,0.8317275047302246,-0.011779350228607655,0.3770529329776764,0.7654454708099365,-0.006165458355098963,0.3944465219974518,0.7854058146476746,0.005814363248646259,0.399766206741333,0.8151578307151794,0.012736315838992596,0.3435286283493042,0.8589088916778564,-0.013934627175331116,0.3540857434272766,0.8055065870285034,-0.004187189973890781,0.37099388241767883,0.819913387298584,0.009604156017303467,0.37595105171203613,0.8441504836082458,0.019280899316072464
0.4554571807384491,0.9984836578369141,1.707897183678142e-07,0.49432051181793213,0.9085238575935364,0.0044432347640395164,0.4933300316333771,0.8181616067886353,0.0052622403018176556,0.45411959290504456,0.7627285122871399,0.006072558928281069,0.42013049125671387,0.7458239197731018,0.007045819889754057,0.46131789684295654,0.775359034538269,-0.00649051321670413,0.44685256481170654,0.6730214357376099,-0.005386768840253353,0.439430296421051,0.6228681206703186,-0.000884202541783452,0.4308566153049469,0.5859545469284058,0.001969041768461466,0.41507476568222046,0.7927486896514893,-0.009379377588629723,0.407175749540329,0.715531051158905,-0.008337799459695816,0.4217686355113983,0.7367581129074097,-0.0011658460134640336,0.4315982162952423,0.7682095766067505,0.004589584656059742,0.37974974513053894,0.8185350298881531,-0.009980336762964725,0.38530826568603516,0.7663471698760986,-0.004996874835342169,0.40047192573547363,0.7857575416564941,0.005737366620451212,0.4075140058994293,0.8137676119804382,0.011613240465521812,0.3530982732772827,0.8433785438537598,-0.010246070101857185,0.3630234897136688,0.8022078275680542,-0.0004733361129183322,0.3782367706298828,0.8177090883255005,0.012159438803792,0.38439181447029114,0.840726912021637,0.02093513123691082
0.46657276153564453,0.9888696670532227,1.3212046212629502e-07,0.5089044570922852,0.9031966328620911,0.0056043886579573154,0.5099664330482483,0.8121309280395508,0.006914355326443911,0.4677469730377197,0.7554309368133545,0.008138702251017094,0.4319442808628082,0.7397382259368896,0.009087624959647655,0.48115551471710205,0.7695441842079163,-0.007344796787947416,0.4719943106174469,0.6661553978919983,-0.007276862394064665,0.4631165564060211,0.6145642995834351,-0.0032326381187886,0.4523733854293823,0.5781474113464355,-0.0006460139993578196,0.4336041808128357,0.7821779847145081,-0.011132155545055866,0.42320874333381653,0.7023102641105652,-0.011395535431802273,0.4376850724220276,0.7255451679229736,-0.00398429436609149,0.44746482372283936,0.7590448260307312,0.002389266388490796,0.39748573303222656,0.8058061003684998,-0.012435324490070343,0.39946070313453674,0.7493879795074463,-0.008687765337526798,0.4147351384162903,0.7694877982139587,0.0026902458630502224,0.42178094387054443,0.7983633279800415,0.009428460150957108,0.3702400326728821,0.8306328654289246,-0.01312608178704977,0.3766821622848511,0.7828283309936523,-0.004180643707513809,0.39185723662376404,0.7979048490524292,0.009042521007359028,0.3978503942489624,0.8211695551872253,0.018370522186160088
0.4750605821609497,0.9770210385322571,1.5455859170288022e-07,0.517547070980072,0.8934322595596313,0.006399279460310936,0.5231310129165649,0.8074877262115479,0.00879233330488205,0.4919402599334717,0.7475758790969849,0.011057066731154919,0.4625159204006195,0.7253678441047668,0.013267744332551956,0.4954836070537567,0.7671740055084229,-0.006510002072900534,0.48330557346343994,0.6630786657333374,-0.00470300717279315,0.47968342900276184,0.6153196096420288,0.0009197575272992253,0.47595542669296265,0.5818035006523132,0.005008774343878031,0.44754815101623535,0.777886688709259,-0.009698817506432533,0.44138938188552856,0.6897616982460022,-0.008176449686288834,0.45715412497520447,0.7115797400474548,-0.0004026958195026964,0.4684254229068756,0.7465271949768066,0.0065427436493337154,0.41160693764686584,0.7984031438827515,-0.010335151106119156,0.4210512936115265,0.7389456629753113,-0.0041780113242566586,0.43548011779785156,0.7606719732284546,0.005825676489621401,0.44104069471359253,0.7903898358345032,0.011384554207324982,0.3842357099056244,0.8195073008537292,-0.010321458801627159,0.3982282280921936,0.7731044292449951,7.76324377511628e-05,0.4131961762905121,0.7893105149269104,0.012081499211490154,0.4180108606815338,0.8132009506225586,0.02035171538591385
0.48095372319221497,0.9768731594085693,1.4496627898097358e-07,0.5286171436309814,0.9008913636207581,0.004584118258208036,0.5422827005386353,0.8174872398376465,0.0061394632793962955,0.5238940715789795,0.7509022951126099,0.008407740853726864,0.5024884343147278,0.715541660785675,0.010254064574837685,0.5118446946144104,0.7723723649978638,-0.01337059959769249,0.5015082359313965,0.6659643650054932,-0.012744269333779812,0.49975794553756714,0.6119380593299866,-0.007680259644985199,0.4967121481895447,0.5709546804428101,-0.004110695328563452,0.4639548659324646,0.77936190366745,-0.015918269753456116,0.45872050523757935,0.6853970289230347,-0.015849564224481583,0.4743298888206482,0.7082245349884033,-0.007799940183758736,0.48472827672958374,0.7457486987113953,-0.0005337499314919114,0.4274877905845642,0.7977622151374817,-0.01561378687620163,0.43316423892974854,0.7309784293174744,-0.010641620494425297,0.44756680727005005,0.7528194785118103,0.0003864736936520785,0.4532250761985779,0.7839013934135437,0.006589747499674559,0.39983701705932617,0.8178696632385254,-0.014733883552253246,0.4110855460166931,0.7648952603340149,-0.00719524035230279,0.42526987195014954,0.7830544710159302,0.004457555711269379,0.4292101263999939,0.8089413046836853,0.012855068780481815
0.4877431094646454,0.9788734912872314,1.5963476585056924e-07,0.5391182899475098,0.9110782742500305,0.0004605029243975878,0.5592311024665833,0.8275440335273743,0.0006606983952224255,0.5405890941619873,0.7589201927185059,0.0028382097370922565,0.5167649388313293,0.7225980758666992,0.004847379866987467,0.5256746411323547,0.77972012758255,-0.01927328109741211,0.5137784481048584,0.6676738262176514,-0.0188162699341774,0.5132516622543335,0.611359715461731,-0.013550086878240108,0.5108115673065186,0.5689921379089355,-0.009934105910360813,0.47766080498695374,0.78415846824646,-0.02020862139761448,0.4729601740837097,0.685874879360199,-0.020065821707248688,0.4879332184791565,0.7073969841003418,-0.011853412725031376,0.4965783953666687,0.7453680038452148,-0.004738339222967625,0.44158583879470825,0.800590991973877,-0.018416857346892357,0.4468347132205963,0.7328455448150635,-0.013777703046798706,0.4611544907093048,0.7533146142959595,-0.002692332025617361,0.46631643176078796,0.7823050618171692,0.0032878275960683823,0.41322198510169983,0.8191657662391663,-0.016317974776029587,0.42259031534194946,0.764233410358429,-0.00955955684185028,0.43631768226623535,0.7824041843414307,0.0020550955086946487,0.4395541548728943,0.807379424571991,0.010210303589701653
0.4945078194141388,0.9869195222854614,1.7918678452133463e-07,0.5486122369766235,0.9209668636322021,0.002247462747618556,0.5694133639335632,0.8368501663208008,0.0036213742569088936,0.559024453163147,0.7664737701416016,0.00666445679962635,0.5365227460861206,0.7324812412261963,0.009162831120193005,0.5368124842643738,0.7924301624298096,-0.02221689373254776,0.5265765190124512,0.6740344762802124,-0.021139612421393394,0.5264105796813965,0.6151548624038696,-0.014995633624494076,0.5232218503952026,0.5696515440940857,-0.010951745323836803,0.48978710174560547,0.7956297993659973,-0.02375308983027935,0.48677119612693787,0.6890794038772583,-0.02337208017706871,0.5048894286155701,0.7066527605056763,-0.014358988963067532,0.5144075155258179,0.7436234951019287,-0.007090166211128235,0.45309022068977356,0.8101097345352173,-0.021979106590151787,0.4591984450817108,0.7300519943237305,-0.016472209244966507,0.47623211145401,0.7499738335609436,-0.0037491971161216497,0.48148113489151,0.7803977131843567,0.0030279485508799553,0.42381709814071655,0.8263938426971436,-0.019856151193380356,0.43324875831604004,0.7623810768127441,-0.012543085031211376,0.4477955102920532,0.7790328860282898,-5.131387661094777e-05,0.45112109184265137,0.8050498962402344,0.008327191695570946
0.49726778268814087,1.005491018295288,1.863140681734876e-07,0.5519624948501587,0.9422028064727783,-0.0007608778541907668,0.5771036744117737,0.8547568917274475,-0.0023447168059647083,0.569280743598938,0.7777932286262512,-0.0017249294323846698,0.5453789830207825,0.7381317019462585,-0.0017379289492964745,0.5423842072486877,0.8097235560417175,-0.02789544314146042,0.5357550382614136,0.6898696422576904,-0.029744993895292282,0.5382731556892395,0.6314188241958618,-0.026048291474580765,0.5371089577674866,0.5843029618263245,-0.023894837126135826,0.4943646192550659,0.8119610548019409,-0.029698628932237625,0.494357705116272,0.6991479992866516,-0.03174493834376335,0.5133147239685059,0.719768226146698,-0.023399509489536285,0.5209998488426208,0.757952868938446,-0.016748281195759773,0.4565129578113556,0.8267048597335815,-0.02828257530927658,0.4630793631076813,0.7371091246604919,-0.025070838630199432,0.4811984896659851,0.7593656778335571,-0.01039655040949583,0.4854171574115753,0.7921586632728577,-0.002213933737948537,0.4271877408027649,0.8443575501441956,-0.0267628226429224,0.4372546076774597,0.7720246315002441,-0.021541748195886612,0.45292091369628906,0.7892706394195557,-0.007489618379622698,0.4547548294067383,0.8172721862792969,0.0020914021879434586
0.49391043186187744,1.0217533111572266,2.0763728514339164e-07,0.5497449636459351,0.9632905721664429,-0.0029048898722976446,0.5769431591033936,0.8750115633010864,-0.005322300363332033,0.5738701820373535,0.7952649593353271,-0.004491954576224089,0.5531843304634094,0.7504266500473022,-0.004093843977898359,0.5415995717048645,0.8307123780250549,-0.035226769745349884,0.5423752069473267,0.7056346535682678,-0.038313042372465134,0.5466710329055786,0.6446763873100281,-0.034173671156167984,0.545609712600708,0.5938787460327148,-0.03171936422586441,0.4927932024002075,0.830086886882782,-0.03554467856884003,0.4981832504272461,0.7105062007904053,-0.03916086629033089,0.5156794190406799,0.7331885695457458,-0.029650853946805,0.5215402841567993,0.7725851535797119,-0.022182488813996315,0.45437371730804443,0.841458797454834,-0.032484546303749084,0.46534669399261475,0.7453614473342896,-0.030085034668445587,0.48378875851631165,0.7677551507949829,-0.014314237050712109,0.4873306155204773,0.8012785315513611,-0.005521847400814295,0.42462289333343506,0.8556604385375977,-0.0293983556330204,0.4384908378124237,0.7781157493591309,-0.024791335687041283,0.4540450870990753,0.7960901260375977,-0.010695690289139748,0.45517534017562866,0.8247710466384888,-0.0012263874523341656
0.4849548637866974,1.0371315479278564,2.554495495132869e-07,0.541767418384552,0.9802669882774353,-0.007228883448988199,0.5728374719619751,0.8918442726135254,-0.013101845048367977,0.5705626010894775,0.8132501244544983,-0.015071011148393154,0.5525451302528381,0.7638877630233765,-0.016984371468424797,0.5359493494033813,0.8562123775482178,-0.04221077263355255,0.5362097024917603,0.7263335585594177,-0.04870154708623886,0.5425134301185608,0.6617650985717773,-0.04589527100324631,0.5437886714935303,0.6102296113967896,-0.04369698092341423,0.4855213463306427,0.8544814586639404,-0.042139094322919846,0.49238061904907227,0.7236444354057312,-0.050199899822473526,0.5123631358146667,0.7422072887420654,-0.04245796799659729,0.5194174647331238,0.7832783460617065,-0.03511369600892067,0.4458986222743988,0.8628844618797302,-0.03887828439474106,0.4594534635543823,0.7555420994758606,-0.039591025561094284,0.4809974431991577,0.7743902802467346,-0.024151140823960304,0.4866071045398712,0.8076280355453491,-0.014687721617519855,0.41566842794418335,0.8737234473228455,-0.035970352590084076,0.4317153990268707,0.7883829474449158,-0.033664777874946594,0.45034775137901306,0.802069902420044,-0.020278383046388626,0.4530414640903473,0.8298186659812927,-0.010932018980383873
0.4722979664802551,1.0488770008087158,3.176108407387801e-07,0.5297300219535828,0.9939941167831421,-0.013350001536309719,0.5641673803329468,0.9046881794929504,-0.023831451311707497,0.5634845495223999,0.8235689997673035,-0.02973947860300541,0.5402685403823853,0.7751675248146057,-0.035520125180482864,0.5189305543899536,0.8690008521080017,-0.04792416840791702,0.5199394822120667,0.7412453889846802,-0.058472659438848495,0.5279850959777832,0.6734417676925659,-0.059439048171043396,0.530083417892456,0.6205989718437195,-0.05968988314270973,0.468966007232666,0.871075451374054,-0.04747934639453888,0.4771267771720886,0.7355087399482727,-0.060732096433639526,0.501446545124054,0.7539913058280945,-0.05608512833714485,0.5100811719894409,0.7980068922042847,-0.05006375163793564,0.43082648515701294,0.881949245929718,-0.044300805777311325,0.44642096757888794,0.7663536667823792,-0.050256505608558655,0.4703931212425232,0.7856004238128662,-0.034919556230306625,0.47614291310310364,0.8208150267601013,-0.02438036911189556,0.4032844305038452,0.8935961127281189,-0.042017318308353424,0.4207797646522522,0.7993214130401611,-0.04400654137134552,0.44103097915649414,0.8133051991462708,-0.030756190419197083,0.4442935287952423,0.8432915210723877,-0.021044529974460602
0.46304380893707275,1.0097684860229492,5.653854486808996e-07,0.5189750790596008,0.9718359112739563,-0.016355153173208237,0.5518507957458496,0.8982320427894592,-0.026876583695411682,0.5444449186325073,0.8326338529586792,-0.031880058348178864,0.5242117047309875,0.7881909608840942,-0.03753446787595749,0.5029187202453613,0.8806090950965881,-0.05141778290271759,0.5021695494651794,0.7791945934295654,-0.062175776809453964,0.5027974247932434,0.7192260026931763,-0.0638490542769432,0.5044126510620117,0.6759941577911377,-0.0633903294801712,0.45091012120246887,0.8860623836517334,-0.0466221459209919,0.4548253118991852,0.7828252911567688,-0.05425504222512245,0.46870890259742737,0.7517396211624146,-0.04798145219683647,0.4787081182003021,0.7469487190246582,-0.0428181029856205,0.4116673469543457,0.8951271772384644,-0.039912156760692596,0.4254446029663086,0.7998417019844055,-0.042668767273426056,0.4428369700908661,0.784432053565979,-0.03007206693291664,0.45101332664489746,0.7884465456008911,-0.02158401720225811,0.38619792461395264,0.9045310616493225,-0.03414740785956383,0.4024861454963684,0.8241150975227356,-0.033736031502485275,0.420116662979126,0.8169207572937012,-0.021386364474892616,0.42738646268844604,0.8276365399360657,-0.011842042207717896
0.45372411608695984,1.0564481019973755,3.5214563354202255e-07,0.5145721435546875,1.0031534433364868,-0.014560592360794544,0.5497736930847168,0.912551760673523,-0.0274524949491024,0.5491157174110413,0.8284357786178589,-0.036030370742082596,0.5202953815460205,0.7845778465270996,-0.044177569448947906,0.4988863170146942,0.8875892758369446,-0.050722599029541016,0.49770641326904297,0.757564902305603,-0.06393366307020187,0.5060187578201294,0.6870414018630981,-0.06708421558141708,0.5083473324775696,0.6333712935447693,-0.0686425119638443,0.44813019037246704,0.8888073563575745,-0.050669409334659576,0.460330069065094,0.7517846822738647,-0.0671762228012085,0.48649775981903076,0.7662570476531982,-0.06506013125181198,0.4931960105895996,0.8082488179206848,-0.06051206588745117,0.41000163555145264,0.8969160914421082,-0.04762503504753113,0.4291799068450928,0.7785853743553162,-0.054432593286037445,0.4530148208141327,0.796577513217926,-0.038373250514268875,0.4564204812049866,0.8327305316925049,-0.027209609746932983,0.38349518179893494,0.9055621027946472,-0.0458107590675354,0.4041636884212494,0.8109880685806274,-0.04713067784905434,0.42533645033836365,0.8240689039230347,-0.032902318984270096,0.4274565875530243,0.856431245803833,-0.02258308418095112
0.4044744074344635,1.081853985786438,4.097767600796942e-07,0.4659256041049957,1.0158021450042725,-0.01977917179465294,0.492864727973938,0.9154365062713623,-0.030720068141818047,0.4824618399143219,0.8251222968101501,-0.03551460802555084,0.4473978579044342,0.778886616230011,-0.03997538238763809,0.4316793978214264,0.8968161940574646,-0.04637012630701065,0.4174194931983948,0.7705677151679993,-0.054924219846725464,0.41857755184173584,0.7049232721328735,-0.05699934810400009,0.41564515233039856,0.6540101170539856,-0.05879119411110878,0.38353246450424194,0.904564619064331,-0.04053296893835068,0.3862210214138031,0.7804171442985535,-0.049214769154787064,0.41336917877197266,0.7819886207580566,-0.04666858911514282,0.4251646399497986,0.8117825388908386,-0.04441994056105614,0.3483012914657593,0.9203959107398987,-0.03265192732214928,0.35771968960762024,0.8086251020431519,-0.0345437154173851,0.38450124859809875,0.814555823802948,-0.023530419915914536,0.39486193656921387,0.8427495360374451,-0.01752353459596634,0.3243270218372345,0.9361371994018555,-0.026387672871351242,0.33662065863609314,0.8475663065910339,-0.027838341891765594,0.35821396112442017,0.8511008620262146,-0.019466236233711243,0.3668794333934784,0.8757447600364685,-0.013785799965262413
0.38823845982551575,1.0248944759368896,5.887463885301258e-07,0.44625166058540344,0.9833256006240845,-0.024493573233485222,0.4722503423690796,0.9020252823829651,-0.03659354895353317,0.46343427896499634,0.8290222883224487,-0.04093829169869423,0.438978910446167,0.7807009816169739,-0.04510216787457466,0.4123308062553406,0.8825936317443848,-0.05402415245771408,0.4026639759540558,0.7778834104537964,-0.06250739842653275,0.4015386402606964,0.7168562412261963,-0.06311745941638947,0.39900675415992737,0.673869252204895,-0.06253349035978317,0.3658094108104706,0.8958833813667297,-0.04324372857809067,0.3607596457004547,0.7871595621109009,-0.04743775725364685,0.3816709518432617,0.7681750655174255,-0.04106086120009422,0.39688974618911743,0.7776678800582886,-0.036459505558013916,0.3335723876953125,0.9131487011909485,-0.03084281086921692,0.3402665853500366,0.8148000240325928,-0.03234042227268219,0.3647931218147278,0.8057804703712463,-0.021510902792215347,0.37842804193496704,0.8183655738830566,-0.015332800336182117,0.3128642141819,0.9291900396347046,-0.019751064479351044,0.3240361213684082,0.8505856394767761,-0.022287746891379356,0.34548768401145935,0.8420313596725464,-0.014321732334792614,0.3563857078552246,0.8517512679100037,-0.008311806246638298
0.39344891905784607,1.0708744525909424,4.1452079813097953e-07,0.4503331184387207,1.0076416730880737,-0.016866307705640793,0.475482314825058,0.9138497114181519,-0.026178976520895958,0.46770498156547546,0.8282982707023621,-0.029876384884119034,0.43982815742492676,0.7772766947746277,-0.03291863948106766,0.4147414267063141,0.8866018652915955,-0.04133416339755058,0.4028167128562927,0.7633254528045654,-0.047175440937280655,0.40255558490753174,0.6994785070419312,-0.046448029577732086,0.3984222710132599,0.6528182029724121,-0.04554120451211929,0.3666774034500122,0.8978804349899292,-0.03486527130007744,0.368813157081604,0.7758851647377014,-0.03932144492864609,0.39653074741363525,0.780729353427887,-0.03310127928853035,0.41110700368881226,0.8124330639839172,-0.028097130358219147,0.3331410884857178,0.917687177658081,-0.026301689445972443,0.3436722457408905,0.812981903553009,-0.025249967351555824,0.3699567914009094,0.8175016641616821,-0.011909393593668938,0.3819340765476227,0.844508707523346,-0.004748242441564798,0.3110559284687042,0.9369663000106812,-0.01895253360271454,0.32587653398513794,0.8572429418563843,-0.018051467835903168,0.34848326444625854,0.8588817119598389,-0.007840937934815884,0.3584623336791992,0.8804395794868469,-0.0007216362864710391
0.3858354091644287,1.0613832473754883,4.015013246316812e-07,0.4412098228931427,0.9983178377151489,-0.017289213836193085,0.46468761563301086,0.9047784209251404,-0.02617700584232807,0.45553338527679443,0.8188257217407227,-0.029411116614937782,0.4264923930168152,0.7687388062477112,-0.031756456941366196,0.40204140543937683,0.8810162544250488,-0.04061998799443245,0.3893239498138428,0.7597107291221619,-0.04544295743107796,0.39141398668289185,0.6996651291847229,-0.04361916333436966,0.38969165086746216,0.6567440032958984,-0.041672080755233765,0.3547733426094055,0.8923322558403015,-0.03305653855204582,0.3584843575954437,0.7751820683479309,-0.03597639128565788,0.38553789258003235,0.7802615165710449,-0.02931695245206356,0.3988282084465027,0.8115698099136353,-0.024316919967532158,0.3224520981311798,0.9109567999839783,-0.02356082946062088,0.3356383442878723,0.8113799095153809,-0.02113020047545433,0.36082425713539124,0.81843501329422,-0.008308172225952148,0.37116456031799316,0.8457236289978027,-0.0018547279760241508,0.301352322101593,0.9280823469161987,-0.01540872361510992,0.31927061080932617,0.8531816005706787,-0.013209818862378597,0.3408803641796112,0.8570501804351807,-0.0036847509909421206,0.34950366616249084,0.8790796995162964,0.002648354973644018
0.3850826621055603,1.0532763004302979,3.9413336594407156e-07,0.437217116355896,0.9904761910438538,-0.016656722873449326,0.4593074321746826,0.8991588950157166,-0.02396695874631405,0.4476173520088196,0.8163750767707825,-0.025253957137465477,0.4193856716156006,0.7682645916938782,-0.025626689195632935,0.39561358094215393,0.8703666925430298,-0.03944000229239464,0.38117462396621704,0.7519006133079529,-0.041710712015628815,0.3833123445510864,0.6973457336425781,-0.038309965282678604,0.38273847103118896,0.6584919691085815,-0.03549185022711754,0.3485722839832306,0.884276270866394,-0.03052428551018238,0.3506312370300293,0.7709225416183472,-0.02911086194217205,0.37825432419776917,0.7746912240982056,-0.0211465023458004,0.3939734399318695,0.8042129874229431,-0.016368191689252853,0.31732332706451416,0.9049502611160278,-0.01961919292807579,0.32947805523872375,0.8097226619720459,-0.013536328449845314,0.35498908162117004,0.8150357604026794,-0.0018454552628099918,0.3672025799751282,0.8409397006034851,0.0026957904919981956,0.29719260334968567,0.9235764741897583,-0.009974833577871323,0.31419646739959717,0.8531200885772705,-0.005912839435040951,0.33569100499153137,0.8532651662826538,0.0019741577561944723,0.34578248858451843,0.8707281947135925,0.006610865704715252
0.3802527189254761,1.051304817199707,3.8336582974807243e-07,0.4330342411994934,0.9888567328453064,-0.016406690701842308,0.4545450210571289,0.8967570066452026,-0.02230736054480076,0.4420410394668579,0.8126417398452759,-0.022061828523874283,0.41548189520835876,0.7627437710762024,-0.02072879485785961,0.39019647240638733,0.8690410256385803,-0.03605379909276962,0.37758514285087585,0.7519545555114746,-0.0349697582423687,0.379769891500473,0.699051558971405,-0.02862878143787384,0.37924325466156006,0.6601748466491699,-0.024116037413477898,0.34267306327819824,0.8818610310554504,-0.026204926893115044,0.3481408357620239,0.7681620121002197,-0.022578299045562744,0.37709012627601624,0.7711126804351807,-0.013252201490104198,0.39342647790908813,0.7988845705986023,-0.007255035452544689,0.31157395243644714,0.9008007645606995,-0.01440153643488884,0.3265794515609741,0.8058164119720459,-0.007018778473138809,0.3533243238925934,0.8109077215194702,0.004614340607076883,0.36593738198280334,0.8347359299659729,0.00933599378913641,0.2911182641983032,0.9174280166625977,-0.00378756457939744,0.30973750352859497,0.8463492393493652,0.001425622496753931,0.3317238986492157,0.8464123010635376,0.009225924499332905,0.34190091490745544,0.862991988658905,0.013894426636397839
0.37865161895751953,1.0492075681686401,3.7805750707775587e-07,0.4312184154987335,0.9892827868461609,-0.017761867493391037,0.45358651876449585,0.8963059782981873,-0.02437238022685051,0.44153332710266113,0.8113011121749878,-0.024840738624334335,0.41425302624702454,0.7608895301818848,-0.024095358327031136,0.3910108804702759,0.8709365725517273,-0.03829745948314667,0.37634405493736267,0.7521234750747681,-0.03954187035560608,0.3796941339969635,0.6979455947875977,-0.03454306349158287,0.38019153475761414,0.6582213640213013,-0.030528848990797997,0.34344950318336487,0.8824917078018188,-0.028724409639835358,0.3488694131374359,0.7667315602302551,-0.028017381206154823,0.37706348299980164,0.7718351483345032,-0.019464995712041855,0.391845166683197,0.8030204772949219,-0.013069954700767994,0.3117843270301819,0.9003069996833801,-0.01744779758155346,0.3286282420158386,0.8056069016456604,-0.012809999287128448,0.3536846935749054,0.8139903545379639,-0.001593506895005703,0.3642004430294037,0.8397844433784485,0.003805485088378191,0.29035112261772156,0.915601909160614,-0.007418700959533453,0.3113994598388672,0.8443220853805542,-0.0037579149939119816,0.3323928415775299,0.8486675024032593,0.004140194971114397,0.34014734625816345,0.8680959939956665,0.009302855469286442
0.3741213381290436,1.0466431379318237,3.9169802334981796e-07,0.42713528871536255,0.9864917397499084,-0.016974059864878654,0.44897013902664185,0.8971000909805298,-0.02351674810051918,0.43790778517723083,0.8125712871551514,-0.02398737147450447,0.41237062215805054,0.7613685131072998,-0.023501569405198097,0.38457557559013367,0.8686224222183228,-0.037407372146844864,0.3727501928806305,0.7520103454589844,-0.037239883095026016,0.37647923827171326,0.6999803781509399,-0.03118322044610977,0.37750962376594543,0.6619368195533752,-0.026698173955082893,0.3373185098171234,0.8798657059669495,-0.027646379545331,0.3436005413532257,0.7666037678718567,-0.02404659055173397,0.37282395362854004,0.7703684568405151,-0.014409955590963364,0.389142781496048,0.797728419303894,-0.008275186643004417,0.3063552975654602,0.8982906341552734,-0.016021352261304855,0.3218770921230316,0.805145263671875,-0.009012366645038128,0.34828951954841614,0.8115808367729187,0.0029000602662563324,0.36075523495674133,0.8355475664138794,0.007816136814653873,0.28580451011657715,0.9150088429450989,-0.005603571888059378,0.3040400445461273,0.8460527658462524,-0.0007230706396512687,0.3259783983230591,0.847181499004364,0.007366635370999575,0.3358471691608429,0.8644872903823853,0.012316638603806496
0.3689998984336853,1.0469856262207031,4.262389836640068e-07,0.42044562101364136,0.9836035370826721,-0.0171790923923254,0.4417755603790283,0.8957417011260986,-0.024968957528471947,0.43070533871650696,0.8136643767356873,-0.027152879163622856,0.40754395723342896,0.7593560218811035,-0.02846754528582096,0.3751941919326782,0.8672556281089783,-0.03614932671189308,0.3657299280166626,0.7531914710998535,-0.03793186694383621,0.37117940187454224,0.7025976181030273,-0.03421280160546303,0.37454357743263245,0.6655369997024536,-0.031179428100585938,0.32973575592041016,0.879897952079773,-0.027217095717787743,0.33895403146743774,0.7701056003570557,-0.024731038138270378,0.36768805980682373,0.7695417404174805,-0.01695777103304863,0.38474953174591064,0.7928214073181152,-0.01251289900392294,0.2995119094848633,0.8992443084716797,-0.016743188723921776,0.3168083131313324,0.8057047128677368,-0.01106249913573265,0.3430193364620209,0.8081255555152893,-0.00033638777676969767,0.3565463423728943,0.8293197751045227,0.0036355338525027037,0.2796580195426941,0.9165757298469543,-0.007546660955995321,0.2989252805709839,0.8462839126586914,-0.004652413073927164,0.32132217288017273,0.8435227870941162,0.002471289597451687,0.33255624771118164,0.8574905395507812,0.006996974814683199
0.36219263076782227,1.0496492385864258,4.789387730852468e-07,0.41249310970306396,0.9857141971588135,-0.018218819051980972,0.43406474590301514,0.8961101770401001,-0.027305129915475845,0.42261672019958496,0.8137713670730591,-0.030410781502723694,0.3989727795124054,0.7577195763587952,-0.032422106713056564,0.3666006028652191,0.8682044744491577,-0.03838285431265831,0.3580982983112335,0.7544455528259277,-0.040934961289167404,0.36469316482543945,0.7057547569274902,-0.03692643344402313,0.37064751982688904,0.6717055439949036,-0.033039528876543045,0.321562260389328,0.8820661902427673,-0.028780540451407433,0.3307986259460449,0.7710245251655579,-0.025307906791567802,0.35782596468925476,0.7602829933166504,-0.016674628481268883,0.37619948387145996,0.7719089388847351,-0.012061230838298798,0.2921866774559021,0.9014689326286316,-0.017794163897633553,0.3094468414783478,0.8057829737663269,-0.011084149591624737,0.3353402018547058,0.7972837090492249,-0.0006908281939104199,0.35121607780456543,0.8082435727119446,0.002519740257412195,0.27351951599121094,0.919642448425293,-0.008173148147761822,0.2925540804862976,0.8474441766738892,-0.004504958633333445,0.31582844257354736,0.8342469930648804,0.0023770530242472887,0.3297669291496277,0.8382755517959595,0.006560072768479586
0.3125356435775757,1.073632836341858,9.459908767439629e-08,0.3620007038116455,0.9898748397827148,-0.011919967830181122,0.3739957809448242,0.8931626677513123,-0.017941584810614586,0.3575116693973541,0.8154057264328003,-0.02221948839724064,0.3354235887527466,0.7592464089393616,-0.021773217245936394,0.2929389476776123,0.8842967748641968,-0.012800212018191814,0.28602680563926697,0.7741791605949402,-0.026390673592686653,0.3188539147377014,0.8004722595214844,-0.033139683306217194,0.32970744371414185,0.841863751411438,-0.03323869779706001,0.253249853849411,0.9085736870765686,-0.01012454740703106,0.25972503423690796,0.800158679485321,-0.013366322964429855,0.2909574508666992,0.8190123438835144,-0.013671868480741978,0.29461026191711426,0.8552873730659485,-0.014182609505951405,0.22788169980049133,0.9356846809387207,-0.008647463284432888,0.23925673961639404,0.8379564881324768,-0.0076463972218334675,0.2661586403846741,0.8534800410270691,0.002249988494440913,0.27094554901123047,0.884599506855011,0.007754760328680277,0.21243517100811005,0.9605820178985596,-0.008486010134220123,0.2227962613105774,0.8767204880714417,-0.005948251578956842,0.24452456831932068,0.8847321271896362,0.005215498153120279,0.25046873092651367,0.9120162725448608,0.013678730465471745
0.3001319468021393,1.081341028213501,-9.114646815078231e-09,0.3402082920074463,0.9952542185783386,-0.006248621270060539,0.347001850605011,0.9009191393852234,-0.011954800225794315,0.33240148425102234,0.8197329640388489,-0.017605450004339218,0.3049875795841217,0.7716107368469238,-0.019159290939569473,0.2747449278831482,0.8950307965278625,-0.009704827331006527,0.2585923671722412,0.7930721044540405,-0.025536367669701576,0.28668588399887085,0.8184682726860046,-0.035312220454216,0.2972279489040375,0.8615421056747437,-0.037201810628175735,0.23788198828697205,0.9228910207748413,-0.010571189224720001,0.2327633798122406,0.8241063356399536,-0.016675187274813652,0.260028600692749,0.8415084481239319,-0.018979791551828384,0.2673378586769104,0.8766743540763855,-0.02005947194993496,0.2103762924671173,0.9530413746833801,-0.012182608246803284,0.21179518103599548,0.8633379936218262,-0.012193827889859676,0.2357254922389984,0.8758354783058167,-0.0022735372185707092,0.24249881505966187,0.9052278399467468,0.0036350481677800417,0.19060379266738892,0.9812055826187134,-0.01468565035611391,0.19733098149299622,0.9053201079368591,-0.010235252790153027,0.2154780775308609,0.9138472080230713,0.0023979609832167625,0.22168895602226257,0.9398833513259888,0.011800668202340603
0.3028402030467987,1.0776941776275635,-2.365457341113597e-08,0.3415814936161041,0.9953320026397705,-0.00838467851281166,0.3486257791519165,0.8996402621269226,-0.01495744101703167,0.3328772485256195,0.8182805776596069,-0.020960666239261627,0.30285289883613586,0.772101104259491,-0.022907396778464317,0.2808011472225189,0.8946999311447144,-0.014168680645525455,0.25868338346481323,0.7942621111869812,-0.030930735170841217,0.28587841987609863,0.8184798955917358,-0.04062764719128609,0.2972707450389862,0.8604466915130615,-0.04240603744983673,0.24297299981117249,0.922843337059021,-0.014428148977458477,0.2321060597896576,0.8246892690658569,-0.021484337747097015,0.2580101490020752,0.8401390910148621,-0.02448725327849388,0.26521652936935425,0.873927116394043,-0.026020608842372894,0.21413646638393402,0.952602744102478,-0.015368418768048286,0.2117980718612671,0.8637552857398987,-0.016002442687749863,0.23518963158130646,0.8756812810897827,-0.006649740505963564,0.24196207523345947,0.9047448039054871,-0.0011886743595823646,0.19219279289245605,0.9796875715255737,-0.01738065667450428,0.19797897338867188,0.9042877554893494,-0.013963088393211365,0.21613740921020508,0.9124688506126404,-0.0022771540097892284,0.2223561704158783,0.938164234161377,0.006555386818945408
0.2747572958469391,1.0571919679641724,8.13346474615173e-08,0.3148142397403717,0.9758394360542297,-0.011883681640028954,0.323496013879776,0.8972545862197876,-0.020333895459771156,0.30326053500175476,0.8238986730575562,-0.027552910149097443,0.27393433451652527,0.7789433002471924,-0.0341828353703022,0.2695692479610443,0.9151149392127991,-0.01402825117111206,0.25012460350990295,0.8614494800567627,-0.02835657261312008,0.26420867443084717,0.8638758063316345,-0.04036947339773178,0.2782025635242462,0.8800526261329651,-0.04549511894583702,0.23117545247077942,0.9482463002204895,-0.011065415106713772,0.22010985016822815,0.8948489427566528,-0.019174551591277122,0.23433050513267517,0.8946175575256348,-0.026317931711673737,0.24652047455310822,0.9079141616821289,-0.031241530552506447,0.19869908690452576,0.9810608625411987,-0.008839043788611889,0.1939401924610138,0.9294620156288147,-0.013507809489965439,0.2059071809053421,0.9289302825927734,-0.012138096615672112,0.21544867753982544,0.9431052207946777,-0.01151512935757637,0.17308589816093445,1.0076074600219727,-0.007148823235183954,0.17259521782398224,0.9705407023429871,-0.0076659549959003925,0.18100827932357788,0.9679622650146484,-0.0014722890919074416,0.18796461820602417,0.9777147173881531,0.0038618978578597307
