0.24212908744812012,0.8731118440628052,5.773717361989839e-07,0.21816694736480713,0.819701075553894,-0.040636565536260605,0.24091629683971405,0.7334185838699341,-0.05864983797073364,0.3075823485851288,0.696601152420044,-0.07010522484779358,0.3646327257156372,0.6796282529830933,-0.08028756827116013,0.24322423338890076,0.6581950783729553,-0.04432686045765877,0.30038055777549744,0.5969876050949097,-0.0817827358841896,0.35815468430519104,0.597539484500885,-0.11174692213535309,0.4072169065475464,0.6105003952980042,-0.13106511533260345,0.26874321699142456,0.6690139174461365,-0.03845062851905823,0.32027363777160645,0.5988377928733826,-0.07317689061164856,0.3777787387371063,0.599540650844574,-0.09551100432872772,0.42501088976860046,0.607801616191864,-0.10912595689296722,0.2876661717891693,0.6980240345001221,-0.03752855584025383,0.33340850472450256,0.6269477009773254,-0.07630431652069092,0.37629103660583496,0.6286112070083618,-0.09379462897777557,0.4128304719924927,0.6375381350517273,-0.10150080919265747,0.30842867493629456,0.7433338761329651,-0.039374541491270065,0.3402450382709503,0.705387532711029,-0.07641615718603134,0.3581278324127197,0.7142703533172607,-0.08911029249429703,0.37415552139282227,0.723416805267334,-0.09383250027894974
0.246139794588089,0.8929527997970581,6.256792062231398e-07,0.2976382076740265,0.835680365562439,0.0038161752745509148,0.3253951072692871,0.7514550089836121,-0.0014292964478954673,0.3571580648422241,0.7007938027381897,-0.011226782575249672,0.3872912526130676,0.6707401275634766,-0.022365348413586617,0.27823764085769653,0.6495300531387329,-0.0069146235473454,0.3399127423763275,0.5958119034767151,-0.03549160435795784,0.3999605178833008,0.5950860977172852,-0.059370558708906174,0.4484984576702118,0.6082768440246582,-0.07555373758077621,0.26121997833251953,0.6625657081604004,-0.025971366092562675,0.33270594477653503,0.5935510396957397,-0.0541941337287426,0.3996068835258484,0.595249354839325,-0.07212580740451813,0.44892922043800354,0.6101685762405396,-0.08297967165708542,0.24904894828796387,0.6988778710365295,-0.046371910721063614,0.31718045473098755,0.617878258228302,-0.08048555254936218,0.3820626735687256,0.6202322244644165,-0.09189426898956299,0.4296092391014099,0.6296834945678711,-0.09615286439657211,0.24318408966064453,0.7573906183242798,-0.06570527702569962,0.30611780285835266,0.7140768766403198,-0.09965470433235168,0.35726526379585266,0.7129784226417542,-0.1081482395529747,0.39500799775123596,0.7161609530448914,-0.11015389114618301
0.23200257122516632,0.9318414926528931,5.218172418608447e-07,0.30926522612571716,0.8577916026115417,0.0310196615755558,0.3419668674468994,0.7728259563446045,0.03062126226723194,0.36886322498321533,0.7131962776184082,0.018964657559990883,0.39996156096458435,0.673721194267273,0.002873273566365242,0.2813228666782379,0.6700177192687988,-0.0015046229818835855,0.353442907333374,0.6032730340957642,-0.030846767127513885,0.41457560658454895,0.5969172120094299,-0.05253501236438751,0.46329259872436523,0.6038998365402222,-0.06837790459394455,0.25884971022605896,0.681755542755127,-0.0387863926589489,0.347415566444397,0.5987152457237244,-0.07038860023021698,0.4205160140991211,0.5970580577850342,-0.0880005806684494,0.47050273418426514,0.6121978163719177,-0.09975477308034897,0.2449243813753128,0.7195425033569336,-0.07479493319988251,0.3270650804042816,0.6203517317771912,-0.11008983850479126,0.40075618028640747,0.6190280318260193,-0.12096845358610153,0.45224514603614807,0.6254556775093079,-0.1268337219953537,0.2408960908651352,0.7796877026557922,-0.1073850691318512,0.3166985511779785,0.7236166000366211,-0.14236244559288025,0.3763759732246399,0.7153269052505493,-0.15194229781627655,0.4199448227882385,0.7159193158149719,-0.1565464437007904
0.22811034321784973,0.9435328245162964,4.128530690650223e-07,0.313261479139328,0.8586018681526184,0.03876801207661629,0.3457484543323517,0.7684982419013977,0.042105864733457565,0.37448254227638245,0.7114669680595398,0.03323753923177719,0.4116560220718384,0.6812531352043152,0.019742406904697418,0.28521493077278137,0.6678786277770996,0.0029946863651275635,0.3583642840385437,0.6054599285125732,-0.024070950224995613,0.419291615486145,0.6014759540557861,-0.043293848633766174,0.46625566482543945,0.6113283634185791,-0.05857529491186142,0.26460573077201843,0.6796569228172302,-0.0384012795984745,0.3544367551803589,0.5963385105133057,-0.07055462151765823,0.4292179346084595,0.5941183567047119,-0.0892229899764061,0.4809538722038269,0.609344482421875,-0.10225911438465118,0.2518906891345978,0.716946005821228,-0.07784923166036606,0.33336973190307617,0.6173140406608582,-0.11323204636573792,0.4053446054458618,0.6145883202552795,-0.12839750945568085,0.45779889822006226,0.6187052726745605,-0.13835816085338593,0.2503308057785034,0.7735254764556885,-0.11313163489103317,0.3125724196434021,0.7206605076789856,-0.15332800149917603,0.3657563626766205,0.7009163498878479,-0.17203733325004578,0.41141459345817566,0.6893783807754517,-0.1837848424911499
0.22116953134536743,0.9496418237686157,3.877696599374758e-07,0.3124666213989258,0.8517712354660034,0.0513380728662014,0.3463383615016937,0.7610533237457275,0.05875513330101967,0.37749332189559937,0.7043106555938721,0.05069013684988022,0.4176216125488281,0.6755171418190002,0.03728002309799194,0.2852344810962677,0.6584058403968811,0.017762579023838043,0.35677677392959595,0.5929058790206909,-0.007758350111544132,0.4180968999862671,0.5863503217697144,-0.027492256835103035,0.465511679649353,0.5983152985572815,-0.043185047805309296,0.26516714692115784,0.6720766425132751,-0.03154275566339493,0.353013813495636,0.5891304612159729,-0.06430159509181976,0.4279201626777649,0.5863566398620605,-0.08458773046731949,0.4791805148124695,0.6059614419937134,-0.09810245782136917,0.25327253341674805,0.7115828394889832,-0.07843497395515442,0.3329342007637024,0.6108062267303467,-0.11261869966983795,0.4037840962409973,0.6058422327041626,-0.12695710361003876,0.45392757654190063,0.6102785468101501,-0.13622219860553741,0.2530343532562256,0.7687044739723206,-0.12044836580753326,0.31729641556739807,0.7069516181945801,-0.15806378424167633,0.36870476603507996,0.6845564842224121,-0.17411315441131592,0.41058647632598877,0.6713050007820129,-0.1840117871761322
0.21985699236392975,0.9563096165657043,3.875242668982537e-07,0.31360000371932983,0.8605599403381348,0.04491949453949928,0.3471998870372772,0.764193594455719,0.05204889923334122,0.3785379230976105,0.7057617902755737,0.04435954615473747,0.4168199300765991,0.6793372631072998,0.03266063332557678,0.28709179162979126,0.6644786596298218,0.023897774517536163,0.3560481369495392,0.5961288213729858,0.002236339496448636,0.4163839519023895,0.5896891355514526,-0.016384810209274292,0.46116119623184204,0.6013476252555847,-0.03095538541674614,0.26665955781936646,0.6745076775550842,-0.019670693203806877,0.3501940369606018,0.5869220495223999,-0.04620230942964554,0.4231967329978943,0.5865844488143921,-0.06513752788305283,0.47221261262893677,0.6087424755096436,-0.07784873992204666,0.25354230403900146,0.7098848819732666,-0.0614708848297596,0.331035315990448,0.6057704091072083,-0.0892622321844101,0.40271613001823425,0.6047173738479614,-0.10220368206501007,0.45329993963241577,0.6161205172538757,-0.11054635047912598,0.25220346450805664,0.7653568387031555,-0.09939195215702057,0.31790339946746826,0.7032017707824707,-0.12757354974746704,0.370800644159317,0.6861692070960999,-0.13833411037921906,0.4124302268028259,0.6808205246925354,-0.14500270783901215
0.21499580144882202,0.9553751945495605,4.178413632871525e-07,0.3112947642803192,0.853560209274292,0.04122724011540413,0.3440938889980316,0.7529996037483215,0.044129904359579086,0.3729284107685089,0.6894732713699341,0.03353453055024147,0.4079444706439972,0.6556696891784668,0.019078927114605904,0.2751316726207733,0.6538600325584412,0.012391318567097187,0.3494183421134949,0.5923548340797424,-0.012156534008681774,0.40986502170562744,0.586518406867981,-0.031536877155303955,0.45628494024276733,0.5975245237350464,-0.046408627182245255,0.25683003664016724,0.6692692637443542,-0.030193177983164787,0.3449854254722595,0.5836449861526489,-0.057339299470186234,0.4160897433757782,0.5763897895812988,-0.07453149557113647,0.46639078855514526,0.5931909084320068,-0.08629980683326721,0.24750453233718872,0.7120568752288818,-0.07094292342662811,0.3283732831478119,0.6110973358154297,-0.09724847227334976,0.39367347955703735,0.5989564061164856,-0.10775470733642578,0.44107213616371155,0.6000816822052002,-0.11517450213432312,0.25063368678092957,0.7725028395652771,-0.10825224220752716,0.30818426609039307,0.706135630607605,-0.1346127986907959,0.3547073006629944,0.6719965934753418,-0.1449878215789795,0.395265132188797,0.6489486694335938,-0.15181899070739746
0.2163952887058258,0.935319185256958,4.470322210181621e-07,0.31274524331092834,0.8440077900886536,0.03882782161235809,0.3442938029766083,0.7454707026481628,0.04118163511157036,0.36720919609069824,0.6797977089881897,0.031046820804476738,0.3947213590145111,0.6324256658554077,0.01663363352417946,0.27709612250328064,0.6421111822128296,0.0022108154371380806,0.35274919867515564,0.5707821249961853,-0.022863151505589485,0.4119860529899597,0.5530073642730713,-0.04125804081559181,0.45798707008361816,0.5480983257293701,-0.05602631717920303,0.2604997456073761,0.6565551161766052,-0.038781970739364624,0.3510187864303589,0.5619654655456543,-0.06542238593101501,0.4230160713195801,0.5443605780601501,-0.08148181438446045,0.4751090407371521,0.5462846755981445,-0.09427877515554428,0.25503048300743103,0.6962787508964539,-0.07779397815465927,0.33681023120880127,0.5990520715713501,-0.1030941903591156,0.4047728180885315,0.573437511920929,-0.11545207351446152,0.45366019010543823,0.5590904355049133,-0.12638606131076813,0.26280224323272705,0.7530174851417542,-0.11349405348300934,0.31734535098075867,0.6815816164016724,-0.13933928310871124,0.36501121520996094,0.6426482796669006,-0.15179792046546936,0.4071025848388672,0.6150518655776978,-0.16203691065311432
0.21975237131118774,0.9360313415527344,4.5918099544906e-07,0.3176840841770172,0.8449254631996155,0.031442828476428986,0.3491114675998688,0.7413269281387329,0.030480442568659782,0.37257349491119385,0.6693038940429688,0.018081318587064743,0.4027771055698395,0.6175447106361389,0.0021208401303738356,0.2770991027355194,0.6426838040351868,-0.006921884138137102,0.3523706793785095,0.5672671794891357,-0.03941945731639862,0.41461896896362305,0.5506846904754639,-0.06199388578534126,0.4663354158401489,0.5487633943557739,-0.07859344780445099,0.2600252628326416,0.6598914861679077,-0.04528480023145676,0.35287508368492126,0.5578864216804504,-0.08104824274778366,0.42751747369766235,0.5428363084793091,-0.09964881092309952,0.4847320318222046,0.5471787452697754,-0.11248041689395905,0.2559922933578491,0.7002866864204407,-0.08247058838605881,0.3452796936035156,0.6027480959892273,-0.11569667607545853,0.41958820819854736,0.5800148248672485,-0.1292385309934616,0.4745745062828064,0.5705623626708984,-0.13853254914283752,0.26647883653640747,0.755325973033905,-0.11692250519990921,0.32855111360549927,0.6798005104064941,-0.14507664740085602,0.38076213002204895,0.6411680579185486,-0.15716007351875305,0.4263401925563812,0.6154285073280334,-0.1663283407688141
0.22557759284973145,0.9455270767211914,4.7001418579384335e-07,0.313624769449234,0.8676074147224426,0.02415628731250763,0.3338085114955902,0.774939239025116,0.021912846714258194,0.34181666374206543,0.7080749273300171,0.00949961505830288,0.35600394010543823,0.6528225541114807,-0.00545139517635107,0.28373652696609497,0.66047602891922,-0.003099891124293208,0.35837504267692566,0.5839968919754028,-0.03179466724395752,0.41923394799232483,0.5631324052810669,-0.05311917886137962,0.46874094009399414,0.5562067627906799,-0.06848776340484619,0.2707110345363617,0.6702017188072205,-0.03502044826745987,0.35749614238739014,0.5677201151847839,-0.06384489685297012,0.43022072315216064,0.5482267141342163,-0.07966214418411255,0.48618972301483154,0.5483894348144531,-0.09114307910203934,0.2690899968147278,0.7010526061058044,-0.06670040637254715,0.3537251949310303,0.598374605178833,-0.09508805721998215,0.426155149936676,0.5757508873939514,-0.10680839419364929,0.48028677701950073,0.5705696940422058,-0.11498115211725235,0.2821190059185028,0.747321367263794,-0.0965215191245079,0.349242627620697,0.6754372715950012,-0.12111062556505203,0.40178459882736206,0.6451507806777954,-0.1305873841047287,0.4454440474510193,0.6282113790512085,-0.13734614849090576
0.2669692039489746,0.9707514047622681,3.8735603880013514e-07,0.3085540235042572,0.8761110901832581,0.022916613146662712,0.3476940393447876,0.7763506174087524,0.018069112673401833,0.3879513442516327,0.7170203924179077,0.0047216820530593395,0.4255003333091736,0.6780091524124146,-0.009371137246489525,0.3171445429325104,0.6927517056465149,-0.009508142247796059,0.40274542570114136,0.6227978467941284,-0.038600433617830276,0.46364617347717285,0.6107759475708008,-0.05861591547727585,0.512435257434845,0.6116015911102295,-0.07213740050792694,0.31667280197143555,0.7113791704177856,-0.03939081355929375,0.410884290933609,0.6269516944885254,-0.06630144268274307,0.4799264073371887,0.6158275604248047,-0.08004166185855865,0.5330782532691956,0.6177363395690918,-0.08938910812139511,0.32625502347946167,0.7498267292976379,-0.06813271343708038,0.4085383713245392,0.6611379384994507,-0.09248100221157074,0.4746473431587219,0.6424030065536499,-0.09947261214256287,0.5278643369674683,0.6331930160522461,-0.1043679490685463,0.3473759591579437,0.8011085987091064,-0.09496600925922394,0.4116971790790558,0.7486498355865479,-0.11161897331476212,0.45631903409957886,0.7296938300132751,-0.11300157755613327,0.49407869577407837,0.716433048248291,-0.11420027166604996
0.27941691875457764,0.9694763422012329,5.109120593260741e-07,0.30359458923339844,0.875555694103241,0.02593371458351612,0.34290096163749695,0.7831248044967651,0.022470993921160698,0.38764673471450806,0.735902726650238,0.01070239208638668,0.4261932969093323,0.7137886881828308,-0.0026978193782269955,0.33339208364486694,0.7027444839477539,-0.005009250249713659,0.4193609356880188,0.6426748633384705,-0.028104335069656372,0.4797596335411072,0.6283451318740845,-0.044217243790626526,0.5263295769691467,0.6271811723709106,-0.0542144849896431,0.338143914937973,0.7199245691299438,-0.03315425664186478,0.43244069814682007,0.642489492893219,-0.05268038809299469,0.49888843297958374,0.6280311346054077,-0.06313454359769821,0.548440158367157,0.6299436092376709,-0.06980336457490921,0.3495173454284668,0.7591135501861572,-0.059426985681056976,0.43366461992263794,0.6759359240531921,-0.07867978513240814,0.5006521940231323,0.6568456292152405,-0.08504397422075272,0.5525106191635132,0.6516011357307434,-0.08838380128145218,0.37089139223098755,0.8145780563354492,-0.08317831158638,0.4425126910209656,0.7603190541267395,-0.09453770518302917,0.49115240573883057,0.7475351691246033,-0.09279269725084305,0.5286408066749573,0.7446194291114807,-0.09092454612255096
0.2766069769859314,0.9603390097618103,5.493690764524217e-07,0.29620611667633057,0.8628492951393127,0.0283570047467947,0.3348039984703064,0.7791963219642639,0.02512785978615284,0.38094326853752136,0.7408093214035034,0.013166280463337898,0.42522233724594116,0.7281028032302856,-0.0004204745637252927,0.3278360366821289,0.7044170498847961,-0.0022017532028257847,0.4133749008178711,0.6456334590911865,-0.023960065096616745,0.4731076955795288,0.6381219625473022,-0.039609093219041824,0.519841730594635,0.6457295417785645,-0.049642808735370636,0.33708304166793823,0.7190303206443787,-0.03047766350209713,0.42464420199394226,0.6393554210662842,-0.04897196590900421,0.4894060790538788,0.6297537684440613,-0.058367419987916946,0.539272665977478,0.6376988887786865,-0.0644131526350975,0.35044220089912415,0.7552192807197571,-0.05656404420733452,0.42905616760253906,0.6681686043739319,-0.07368028163909912,0.49400633573532104,0.6516580581665039,-0.07847489416599274,0.5454156398773193,0.6482466459274292,-0.08142385631799698,0.3723892271518707,0.8107925653457642,-0.0799383744597435,0.4406716823577881,0.762986958026886,-0.08943639695644379,0.48869016766548157,0.7497811913490295,-0.08723564445972443,0.5270529389381409,0.7432136535644531,-0.08541294932365417
0.28575050830841064,0.967867374420166,4.871590704169648e-07,0.3037155568599701,0.8715192675590515,0.02558622881770134,0.34462183713912964,0.7857272624969482,0.0230396818369627,0.39183130860328674,0.7471615672111511,0.01257049199193716,0.4370129406452179,0.735461413860321,0.0007210755138657987,0.34295767545700073,0.71214759349823,-0.002770675579085946,0.4276409447193146,0.6581102013587952,-0.02353966049849987,0.4886181056499481,0.6531205773353577,-0.03790459781885147,0.535210132598877,0.6614184975624084,-0.04696860536932945,0.3529834449291229,0.7288573384284973,-0.029162373393774033,0.44420480728149414,0.6580663919448853,-0.04637235030531883,0.5089287757873535,0.6525883674621582,-0.05467759817838669,0.5566110610961914,0.6612379550933838,-0.06012321636080742,0.36742493510246277,0.7690389752388,-0.05384550988674164,0.450138121843338,0.6910635232925415,-0.07122495025396347,0.5155812501907349,0.679900586605072,-0.0767708495259285,0.5652702450752258,0.6832895874977112,-0.07969542592763901,0.3896651864051819,0.8277327418327332,-0.0761093944311142,0.4602765142917633,0.7800330519676208,-0.08678210526704788,0.5084508657455444,0.7724794745445251,-0.08554570376873016,0.5457639694213867,0.7741471529006958,-0.08398282527923584
0.294963002204895,0.9693166017532349,5.486686518452188e-07,0.3183221220970154,0.8806536793708801,0.019865727052092552,0.3633098006248474,0.7971519231796265,0.014532414264976978,0.4135390818119049,0.7578418850898743,0.0023797480389475822,0.45858803391456604,0.7443046569824219,-0.01113726757466793,0.35880717635154724,0.7206265926361084,-0.013270645402371883,0.44262200593948364,0.6627846360206604,-0.03660210967063904,0.5030940175056458,0.6574212312698364,-0.05218075215816498,0.5485367774963379,0.6653451919555664,-0.061551738530397415,0.36432263255119324,0.741906464099884,-0.0383138582110405,0.45708513259887695,0.6693005561828613,-0.05806661769747734,0.5222991704940796,0.661054253578186,-0.06810916215181351,0.5698078870773315,0.6705498099327087,-0.0743865817785263,0.3758329153060913,0.7857711911201477,-0.061583906412124634,0.46191704273223877,0.7068825960159302,-0.08082088083028793,0.5276541113853455,0.6936795711517334,-0.08881126344203949,0.5770989656448364,0.6969424486160278,-0.09330233186483383,0.39498957991600037,0.8465083241462708,-0.08272954076528549,0.46905821561813354,0.799841046333313,-0.09616632759571075,0.5183621644973755,0.791099488735199,-0.09729204326868057,0.5567964315414429,0.7934428453445435,-0.09702170640230179
0.3031761646270752,0.9614336490631104,5.330571184458677e-07,0.3288075923919678,0.876025915145874,0.022167885676026344,0.37436118721961975,0.7941504716873169,0.017616061493754387,0.4247798025608063,0.7564809918403625,0.006018337327986956,0.468814879655838,0.7467616200447083,-0.00722859101369977,0.374729722738266,0.7158004641532898,-0.013508396223187447,0.4646824300289154,0.6711726188659668,-0.03380317613482475,0.5242021679878235,0.6775528192520142,-0.04648478701710701,0.5658692121505737,0.6947086453437805,-0.05398436635732651,0.37932488322257996,0.7410121560096741,-0.03851911798119545,0.47732776403427124,0.6804657578468323,-0.05547875910997391,0.5429619550704956,0.6817805767059326,-0.06313976645469666,0.5880842208862305,0.698763370513916,-0.06806747615337372,0.38835737109184265,0.7878919839859009,-0.061203647404909134,0.47836044430732727,0.7161446809768677,-0.07933567464351654,0.5451561808586121,0.7109477519989014,-0.08723095804452896,0.5935148596763611,0.7205518484115601,-0.09167040139436722,0.4049212634563446,0.8501029014587402,-0.08121566474437714,0.48413851857185364,0.8100016117095947,-0.09437261521816254,0.5340297818183899,0.8099036812782288,-0.09532981365919113,0.5704591274261475,0.8200989961624146,-0.09485161304473877
0.2909097671508789,0.9366700649261475,3.934633241442498e-07,0.3370911777019501,0.8689826726913452,0.023095257580280304,0.4003640115261078,0.8024977445602417,0.021337244659662247,0.4564300775527954,0.7746936678886414,0.01104064006358385,0.5025402903556824,0.7658705711364746,-0.0004360881866887212,0.41257643699645996,0.7085979580879211,0.007620925549417734,0.5070233345031738,0.7032979726791382,-0.010860470123589039,0.5652484893798828,0.7350769639015198,-0.027114782482385635,0.604737401008606,0.767327070236206,-0.038041338324546814,0.4140356183052063,0.7174540758132935,-0.01730259694159031,0.5219647288322449,0.7030545473098755,-0.02910178154706955,0.5828413367271423,0.7344616055488586,-0.037617217749357224,0.6228044033050537,0.7677213549613953,-0.044655174016952515,0.4163356125354767,0.7522012591362,-0.041440289467573166,0.5179721713066101,0.7208541631698608,-0.05494522303342819,0.5813983678817749,0.7487496137619019,-0.06007340922951698,0.6254855990409851,0.7787026762962341,-0.06388214230537415,0.424144983291626,0.8098209500312805,-0.06403607130050659,0.5065515041351318,0.805160641670227,-0.07427848130464554,0.5540249347686768,0.8275566697120667,-0.073550745844841,0.5866522789001465,0.8516481518745422,-0.07238739728927612
0.28644508123397827,0.9383618235588074,4.50152896291911e-07,0.3337220251560211,0.867048978805542,0.020874593406915665,0.39945173263549805,0.8011744022369385,0.019050607457756996,0.45443007349967957,0.7735385298728943,0.009669575840234756,0.49784716963768005,0.7714962363243103,-0.00026522690313868225,0.4247736930847168,0.7092109322547913,0.010126987472176552,0.51656574010849,0.7240394949913025,-0.005839156918227673,0.5721604824066162,0.7524882555007935,-0.020799461752176285,0.6109504699707031,0.7842738628387451,-0.030739111825823784,0.4267447590827942,0.726137638092041,-0.013290571980178356,0.5322903990745544,0.7358442544937134,-0.022200684994459152,0.5893827676773071,0.764034628868103,-0.02921469323337078,0.628745436668396,0.7971363663673401,-0.035207364708185196,0.4268978238105774,0.7664563655853271,-0.036330971866846085,0.5284683108329773,0.757430911064148,-0.04617699980735779,0.5868598222732544,0.7832769155502319,-0.04960210248827934,0.6290732026100159,0.81184983253479,-0.05244816839694977,0.4286162257194519,0.8266760110855103,-0.058255117386579514,0.5112338066101074,0.8250871896743774,-0.06347949057817459,0.5539188981056213,0.85030597448349,-0.05892536789178848,0.582932710647583,0.8771055936813354,-0.05523303151130676
0.28937941789627075,0.9329646825790405,4.7606943098799093e-07,0.3381921052932739,0.8647384643554688,0.022748610004782677,0.40491265058517456,0.8073328733444214,0.02008548378944397,0.46326032280921936,0.7881411910057068,0.009831556119024754,0.5083491802215576,0.7929030060768127,-0.0007848223904147744,0.4303242862224579,0.7184336185455322,0.00657740980386734,0.5247751474380493,0.7412859201431274,-0.009164506569504738,0.5772784948348999,0.7779465317726135,-0.023096764460206032,0.6114665865898132,0.8147916197776794,-0.032180268317461014,0.43135204911231995,0.7355353832244873,-0.017297819256782532,0.5411056876182556,0.7492825984954834,-0.028308792039752007,0.5944131016731262,0.7878782749176025,-0.03568054735660553,0.6270684599876404,0.8303344249725342,-0.04094155505299568,0.4315374195575714,0.7776880264282227,-0.04001953825354576,0.537378191947937,0.7727147936820984,-0.05018117278814316,0.5941607356071472,0.8068215847015381,-0.05433894321322441,0.6327316761016846,0.8436312079429626,-0.05735287815332413,0.4330829679965973,0.8408730626106262,-0.06118284910917282,0.5190513134002686,0.849738359451294,-0.06636985391378403,0.5649755001068115,0.8781366348266602,-0.06357381492853165,0.5970046520233154,0.9077162742614746,-0.061127979308366776
0.29183030128479004,0.9307966232299805,5.274335421745491e-07,0.33534854650497437,0.8581981062889099,0.01647670939564705,0.4018803536891937,0.797622561454773,0.011340468190610409,0.4606225788593292,0.7769955396652222,9.93470530374907e-06,0.5081865787506104,0.7835294008255005,-0.011595604941248894,0.42709648609161377,0.7230483293533325,-0.002393435686826706,0.5192587971687317,0.7316301465034485,-0.020915444940328598,0.5737922191619873,0.76144939661026,-0.03537539765238762,0.6094149351119995,0.7943757772445679,-0.04447190836071968,0.42830055952072144,0.7425866723060608,-0.02348838560283184,0.5368641018867493,0.7484365105628967,-0.0380445159971714,0.5919532775878906,0.7856875658035278,-0.04651094228029251,0.6261832118034363,0.8265203237533569,-0.052282556891441345,0.42906180024147034,0.7847311496734619,-0.04380268603563309,0.5351070165634155,0.7762477993965149,-0.0563168004155159,0.5931463241577148,0.8095125555992126,-0.06199202314019203,0.6327659487724304,0.8459131717681885,-0.06597486883401871,0.4310028553009033,0.8458926677703857,-0.06300312280654907,0.5157053470611572,0.8520849347114563,-0.07075583189725876,0.5623561143875122,0.8797101974487305,-0.07073571532964706,0.5953762531280518,0.9093024134635925,-0.07020466774702072
0.29274386167526245,0.9324591755867004,5.087314320917358e-07,0.34724506735801697,0.8839759230613708,0.022995373234152794,0.41417136788368225,0.83388751745224,0.0207736287266016,0.47153931856155396,0.8189358115196228,0.011125393211841583,0.5149674415588379,0.8232293128967285,0.0012445375323295593,0.43637537956237793,0.7337465882301331,0.004261296708136797,0.533061146736145,0.7613978981971741,-0.011671124026179314,0.5851861238479614,0.8026715517044067,-0.025257674977183342,0.618033766746521,0.8408207297325134,-0.03398723900318146,0.43606746196746826,0.7490543127059937,-0.019359558820724487,0.5492224097251892,0.7676942944526672,-0.030027437955141068,0.6030269265174866,0.8110325336456299,-0.03650349751114845,0.6350528597831726,0.8538167476654053,-0.04155198857188225,0.435104101896286,0.7894731760025024,-0.041778139770030975,0.5455694198608398,0.7899125814437866,-0.05202237889170647,0.603821873664856,0.8290037512779236,-0.05667366087436676,0.6415418982505798,0.8675179481506348,-0.060307152569293976,0.43636369705200195,0.850925624370575,-0.062466081231832504,0.5267789959907532,0.8676079511642456,-0.06825261563062668,0.5734620094299316,0.8994157314300537,-0.06655774265527725,0.6044597625732422,0.9298047423362732,-0.06521788984537125
0.2929127514362335,0.926674485206604,4.913633233627479e-07,0.3427125811576843,0.8591206073760986,0.0255817212164402,0.4113772511482239,0.8098686933517456,0.02379102073609829,0.46955716609954834,0.8005490303039551,0.01426009088754654,0.5159569382667542,0.8139967918395996,0.004175291396677494,0.439525306224823,0.734017014503479,0.004724244121462107,0.5380795001983643,0.7570738196372986,-0.009472394362092018,0.586574375629425,0.7925776839256287,-0.020384758710861206,0.6180747747421265,0.8250651955604553,-0.027578942477703094,0.4430600106716156,0.7561228275299072,-0.020119676366448402,0.555846095085144,0.7755208015441895,-0.030619580298662186,0.6068531274795532,0.8194941878318787,-0.03636748343706131,0.6378898620605469,0.8605582118034363,-0.04082542657852173,0.44330349564552307,0.7991684079170227,-0.04329868033528328,0.5533342957496643,0.8047589659690857,-0.05185190960764885,0.609847903251648,0.8433605432510376,-0.056067049503326416,0.6476932764053345,0.8784890174865723,-0.05987682193517685,0.4431804120540619,0.8599523305892944,-0.06450467556715012,0.531387448310852,0.8745748400688171,-0.068489670753479,0.5775042772293091,0.9042148590087891,-0.06674948334693909,0.6096240282058716,0.9309425354003906,-0.06574831902980804
0.29327625036239624,0.9369825124740601,5.801574047836766e-07,0.33698347210884094,0.8681052923202515,0.01792091876268387,0.4058733880519867,0.8148779273033142,0.014568556100130081,0.4644507169723511,0.8035037517547607,0.004603651352226734,0.512054443359375,0.813652753829956,-0.004831615835428238,0.4325545132160187,0.7376765608787537,0.003470071591436863,0.5301762819290161,0.7575930953025818,-0.013197565451264381,0.5845108032226562,0.7951823472976685,-0.026437977328896523,0.6202070713043213,0.8310323357582092,-0.03467326983809471,0.43868887424468994,0.7567014694213867,-0.017791934311389923,0.5480570197105408,0.7644662857055664,-0.03038064017891884,0.6042562127113342,0.8066626787185669,-0.03704329580068588,0.6398857831954956,0.8488196730613708,-0.04140610247850418,0.4425884187221527,0.797394871711731,-0.03857581689953804,0.547170102596283,0.7922906279563904,-0.04876364767551422,0.6044901609420776,0.8260602951049805,-0.053038112819194794,0.6436469554901123,0.8596612811088562,-0.056319233030080795,0.4463784992694855,0.8572410345077515,-0.0585060641169548,0.5302032232284546,0.867855966091156,-0.06390299648046494,0.5769498944282532,0.894603431224823,-0.06299297511577606,0.6109276413917542,0.921295166015625,-0.06213383749127388
0.29277700185775757,0.9193906784057617,5.308487516231253e-07,0.3435887396335602,0.8656710386276245,0.019869694486260414,0.41052648425102234,0.8148319721221924,0.01948421634733677,0.46740642189979553,0.8013580441474915,0.011854339390993118,0.5129438042640686,0.8070048689842224,0.004677054472267628,0.43557217717170715,0.728515625,0.013145843520760536,0.5288434028625488,0.7408807873725891,0.00027725580730475485,0.5823526382446289,0.7778343558311462,-0.012234068475663662,0.616772472858429,0.8126647472381592,-0.020995255559682846,0.44135260581970215,0.7421674728393555,-0.008155354298651218,0.5469297170639038,0.7448790073394775,-0.01743573695421219,0.6012871861457825,0.7873414158821106,-0.025031447410583496,0.6342488527297974,0.8295735120773315,-0.030468443408608437,0.4449155330657959,0.779237687587738,-0.029094403609633446,0.544477105140686,0.7691774368286133,-0.036155905574560165,0.5994044542312622,0.8021104335784912,-0.039895880967378616,0.6367701888084412,0.8340874314308167,-0.04348791763186455,0.449175089597702,0.8392684459686279,-0.049335651099681854,0.528266191482544,0.8482181429862976,-0.05266417935490608,0.5727977156639099,0.8715869188308716,-0.05125455930829048,0.6060340404510498,0.894275963306427,-0.050526414066553116
0.29188787937164307,0.9158802032470703,5.01852980505646e-07,0.3444596529006958,0.8617744445800781,0.02673953026533127,0.4072439968585968,0.8089060187339783,0.029394013807177544,0.45959317684173584,0.7934645414352417,0.02310977131128311,0.5020627975463867,0.7985619902610779,0.01692631095647812,0.4291459023952484,0.7201216220855713,0.02121000364422798,0.5237475037574768,0.7353623509407043,0.009478498250246048,0.5792986154556274,0.7699028253555298,-0.0024240713100880384,0.6150449514389038,0.803284227848053,-0.01065267063677311,0.4375501275062561,0.7314958572387695,-0.003412052057683468,0.5435093641281128,0.7317070364952087,-0.010536757297813892,0.5984714031219482,0.770969569683075,-0.016432810574769974,0.6328326463699341,0.809723973274231,-0.020920781418681145,0.443893164396286,0.7666523456573486,-0.02750004082918167,0.5433037281036377,0.7574657797813416,-0.03352174907922745,0.5978826880455017,0.791803240776062,-0.03551138937473297,0.6350573897361755,0.8232935070991516,-0.03796050697565079,0.4506765902042389,0.825832724571228,-0.05040564760565758,0.5294893383979797,0.8320791721343994,-0.05245137959718704,0.5704440474510193,0.8579433560371399,-0.048379410058259964,0.6002668142318726,0.8818516135215759,-0.045666635036468506
0.28951284289360046,0.9232311844825745,5.02438183502818e-07,0.3368762731552124,0.8563718795776367,0.026513202115893364,0.40118080377578735,0.7968106865882874,0.026972733438014984,0.4569607377052307,0.779049813747406,0.019028926268219948,0.5046235918998718,0.7859742045402527,0.011264110915362835,0.42609626054763794,0.7148950099945068,0.014997981488704681,0.5249220728874207,0.723914384841919,0.002480414230376482,0.5808361768722534,0.7549331784248352,-0.008458045311272144,0.6164442896842957,0.7863035798072815,-0.015702497214078903,0.43413403630256653,0.7296369075775146,-0.009806702844798565,0.5442574620246887,0.729027271270752,-0.017710400745272636,0.600217878818512,0.7671374082565308,-0.02294597215950489,0.6349445581436157,0.8054147958755493,-0.026910224929451942,0.43986374139785767,0.7675080895423889,-0.033651214092969894,0.5446839332580566,0.7534264922142029,-0.03957713395357132,0.6021131277084351,0.7857261300086975,-0.04139016568660736,0.6411192417144775,0.8175837993621826,-0.04387106001377106,0.4459676444530487,0.8275400996208191,-0.056073181331157684,0.5290988683700562,0.8283541202545166,-0.058128926903009415,0.5751579999923706,0.8517735600471497,-0.054639700800180435,0.6089044809341431,0.8746798634529114,-0.05241480469703674
0.2904099225997925,0.9321773052215576,5.208897846387117e-07,0.33855798840522766,0.8648093342781067,0.022189058363437653,0.40554070472717285,0.8069741725921631,0.020705711096525192,0.46556779742240906,0.7928248643875122,0.01165101584047079,0.5152229070663452,0.8025650978088379,0.0029182694852352142,0.4280484616756439,0.7174929976463318,0.013120817951858044,0.5274050831794739,0.7319698333740234,-9.902530291583389e-05,0.5858233571052551,0.7605196833610535,-0.01303089875727892,0.6245989799499512,0.7902154922485352,-0.021739957854151726,0.43666550517082214,0.7357039451599121,-0.009428943507373333,0.5480657815933228,0.7377915382385254,-0.017798151820898056,0.602573812007904,0.7739700078964233,-0.025019746273756027,0.6359182596206665,0.8102831840515137,-0.030446071177721024,0.4434669017791748,0.7760667204856873,-0.031214367598295212,0.5479671359062195,0.7626528143882751,-0.036638226360082626,0.6047103404998779,0.7938660383224487,-0.03984163701534271,0.6426565647125244,0.8255943059921265,-0.04345264658331871,0.44949430227279663,0.8345734477043152,-0.051956839859485626,0.5298711657524109,0.836104154586792,-0.05335184931755066,0.5744580626487732,0.8596490621566772,-0.05031441152095795,0.6061149835586548,0.884154200553894,-0.04851839318871498
0.29785600304603577,0.9282046556472778,4.830922080145683e-07,0.34197455644607544,0.8544461131095886,0.022233344614505768,0.40648317337036133,0.7977933883666992,0.021244138479232788,0.46507158875465393,0.783715546131134,0.013022507540881634,0.513117790222168,0.7944608926773071,0.00516496691852808,0.43259379267692566,0.7134169936180115,0.011735005304217339,0.5308310985565186,0.7267107367515564,-0.00019910231640096754,0.584793210029602,0.7551711797714233,-0.011283230036497116,0.6188464760780334,0.7847679853439331,-0.018463293090462685,0.4414480924606323,0.7338384985923767,-0.009541538543999195,0.5519438982009888,0.7382256984710693,-0.016107982024550438,0.6019327640533447,0.7737892270088196,-0.02146684005856514,0.6318333745002747,0.8091922998428345,-0.025721387937664986,0.44805440306663513,0.7762554287910461,-0.029851218685507774,0.5518741011619568,0.7672289609909058,-0.03425491601228714,0.6058363318443298,0.796546995639801,-0.037081796675920486,0.641629695892334,0.8270004391670227,-0.040429212152957916,0.45354002714157104,0.8365424275398254,-0.04894478619098663,0.5336353778839111,0.8415622711181641,-0.04927348718047142,0.5770203471183777,0.8646397590637207,-0.04586298391222954,0.6081929802894592,0.8883768916130066,-0.043787986040115356
0.29984840750694275,0.922958493232727,4.586808870499226e-07,0.3433903157711029,0.8392555117607117,0.02500935271382332,0.4061400294303894,0.7846537232398987,0.024847568944096565,0.46164196729660034,0.7732285857200623,0.01694948598742485,0.5076738595962524,0.7883967757225037,0.008639386855065823,0.43460333347320557,0.71714186668396,0.012716633267700672,0.5297427177429199,0.7233108282089233,0.002219932619482279,0.5824582576751709,0.7448049783706665,-0.007597143761813641,0.6167517900466919,0.7678893804550171,-0.014045469462871552,0.4460718333721161,0.7414369583129883,-0.009788955561816692,0.5536582469940186,0.7449527978897095,-0.014454923570156097,0.6034798622131348,0.7772189378738403,-0.019105058163404465,0.6340699791908264,0.8099683523178101,-0.023131635040044785,0.45375823974609375,0.7851800918579102,-0.03087507002055645,0.5541114211082458,0.777500331401825,-0.03278600797057152,0.6062724590301514,0.8028457164764404,-0.03490768373012543,0.6413846611976624,0.8291550278663635,-0.03832364082336426,0.458156943321228,0.8445466756820679,-0.05055662989616394,0.5355901718139648,0.8462623357772827,-0.04881570115685463,0.5776414275169373,0.8672015070915222,-0.04419728368520737,0.607883095741272,0.8889445066452026,-0.04143735021352768
0.30218666791915894,0.924580991268158,4.664122457143094e-07,0.3448551893234253,0.8403748273849487,0.02593277394771576,0.40639472007751465,0.7858842015266418,0.02631303481757641,0.4616019129753113,0.7758986949920654,0.01894419640302658,0.5073450207710266,0.7914740443229675,0.011525585316121578,0.4310253858566284,0.7150684595108032,0.013104245066642761,0.5275824069976807,0.7214024066925049,0.0029185102321207523,0.5782473683357239,0.7469035387039185,-0.006207650061696768,0.610149621963501,0.7731005549430847,-0.012045759707689285,0.4432128667831421,0.7389051914215088,-0.009347816929221153,0.5509629845619202,0.7411816120147705,-0.013740431517362595,0.6004114151000977,0.7754058241844177,-0.018254954367876053,0.6306930184364319,0.8100107908248901,-0.022206740453839302,0.4518354535102844,0.7828134298324585,-0.030286338180303574,0.5520638823509216,0.7769006490707397,-0.03232927992939949,0.6044386029243469,0.8042582273483276,-0.0350365974009037,0.6397172212600708,0.8315899968147278,-0.03887106850743294,0.4573882520198822,0.8426806330680847,-0.04960468038916588,0.5362221598625183,0.8461775183677673,-0.048047907650470734,0.5781116485595703,0.8679402470588684,-0.043939244002103806,0.6091155409812927,0.8891500234603882,-0.041592974215745926
0.2998690903186798,0.9228799343109131,4.787356147062383e-07,0.3438125550746918,0.8419032692909241,0.027309495955705643,0.40680038928985596,0.7895777821540833,0.02830890752375126,0.4602348804473877,0.7807005047798157,0.02100396528840065,0.5049474239349365,0.7977474331855774,0.012867141515016556,0.43305718898773193,0.7193679213523865,0.015631329268217087,0.527814507484436,0.725842297077179,0.006144572515040636,0.5806295871734619,0.74676513671875,-0.0034280724357813597,0.6162354946136475,0.7687665224075317,-0.010171396657824516,0.44475388526916504,0.743159294128418,-0.008456943556666374,0.5523352026939392,0.7481199502944946,-0.012261362746357918,0.603630542755127,0.7795369029045105,-0.01743301749229431,0.6360275149345398,0.8118746280670166,-0.022288652136921883,0.45255088806152344,0.7868208885192871,-0.030999407172203064,0.5532770156860352,0.7818952798843384,-0.032287679612636566,0.6060776710510254,0.8066006302833557,-0.03528095781803131,0.6419562697410583,0.8314539194107056,-0.03983507305383682,0.45684614777565,0.8455531597137451,-0.05198048800230026,0.5338267087936401,0.8483401536941528,-0.050346627831459045,0.5756183862686157,0.8691374063491821,-0.04633670300245285,0.6062493324279785,0.8901708126068115,-0.04437786713242531
0.30759555101394653,0.9255990982055664,4.906584649688739e-07,0.347054660320282,0.8432050943374634,0.02501928061246872,0.40884900093078613,0.7896961569786072,0.024523083120584488,0.4646090865135193,0.7795684337615967,0.016521882265806198,0.5106155872344971,0.793331503868103,0.00837995670735836,0.4346504807472229,0.7184130549430847,0.008095360361039639,0.5328262448310852,0.7239316701889038,-0.003391061909496784,0.5829225182533264,0.7518922090530396,-0.012458317913115025,0.6138919591903687,0.7801023721694946,-0.01797684282064438,0.44474777579307556,0.7407359480857849,-0.014187430962920189,0.5543044805526733,0.7448858618736267,-0.019787218421697617,0.6045714020729065,0.7808508276939392,-0.023579973727464676,0.6348198056221008,0.8162743449211121,-0.027196262031793594,0.4517608880996704,0.7837613821029663,-0.03486940637230873,0.5543031692504883,0.7811278700828552,-0.037964869290590286,0.6065883040428162,0.8107469081878662,-0.04020090028643608,0.6404581069946289,0.8400161266326904,-0.0437709242105484,0.45650383830070496,0.8427213430404663,-0.05399561673402786,0.5375502109527588,0.8499119281768799,-0.053395580500364304,0.5803894400596619,0.8731063604354858,-0.04969751089811325,0.6112499237060547,0.8957923650741577,-0.04771383851766586
0.30916687846183777,0.9243625998497009,4.891298885922879e-07,0.34927898645401,0.839966893196106,0.02512270025908947,0.40986526012420654,0.786183774471283,0.02481750212609768,0.4650053083896637,0.7758994698524475,0.016969334334135056,0.5109317898750305,0.7930372953414917,0.008154867216944695,0.43390512466430664,0.7197789549827576,0.009961917996406555,0.5270304679870605,0.7229255437850952,-0.0004949618014506996,0.5786780118942261,0.7422955632209778,-0.009979760274291039,0.6134277582168579,0.7628496289253235,-0.01650896854698658,0.44588252902030945,0.7457133531570435,-0.012974071316421032,0.5536789298057556,0.750200629234314,-0.018269654363393784,0.6053506135940552,0.7817490696907043,-0.02357739582657814,0.6380206346511841,0.8141053915023804,-0.02839948609471321,0.45421302318573,0.7902384996414185,-0.034209948033094406,0.5560726523399353,0.7855665683746338,-0.03755108639597893,0.609420120716095,0.8105385303497314,-0.04130582883954048,0.6453585028648376,0.8357973694801331,-0.04603705555200577,0.4588615596294403,0.8484813570976257,-0.053747549653053284,0.5366483926773071,0.8517618775367737,-0.05444110557436943,0.5779942870140076,0.8732293844223022,-0.051443520933389664,0.6080227494239807,0.8945509791374207,-0.04985939711332321
0.30892831087112427,0.9216117858886719,4.962304274158669e-07,0.3521977663040161,0.8437022566795349,0.026426976546645164,0.4147968590259552,0.7925025224685669,0.02604067139327526,0.47084280848503113,0.7820363640785217,0.01787337101995945,0.5172459483146667,0.7969163656234741,0.009065497666597366,0.4354535639286041,0.7206850051879883,0.00867212750017643,0.5326904058456421,0.728169858455658,-0.0028320257551968098,0.5839638710021973,0.7545285224914551,-0.012404845096170902,0.6180974245071411,0.7807914018630981,-0.0189142394810915,0.44487428665161133,0.744716227054596,-0.015531974844634533,0.5543641448020935,0.7499533295631409,-0.022272566333413124,0.6062330007553101,0.7846830487251282,-0.027294643223285675,0.6386240720748901,0.8193359375,-0.031699322164058685,0.45115208625793457,0.7886182069778442,-0.0379151850938797,0.5553756356239319,0.7835741639137268,-0.042335186153650284,0.6100485324859619,0.8110014200210571,-0.04531919211149216,0.6468299031257629,0.838296115398407,-0.04932553321123123,0.45565924048423767,0.8480960726737976,-0.058512818068265915,0.535218358039856,0.8532246947288513,-0.05997489392757416,0.5784727334976196,0.8751545548439026,-0.05716324597597122,0.6099857091903687,0.8966553211212158,-0.05571340024471283
0.3101043403148651,0.922380805015564,4.961850095241971e-07,0.351793497800827,0.843220055103302,0.024766312912106514,0.4143030047416687,0.7912368774414062,0.024222781881690025,0.47075170278549194,0.7811526656150818,0.016125235706567764,0.5167075395584106,0.7965446710586548,0.00747619429603219,0.43616604804992676,0.7224099636077881,0.00815377663820982,0.5323382019996643,0.7296781539916992,-0.003490162082016468,0.58339923620224,0.7567864656448364,-0.013107535429298878,0.6177724599838257,0.7839133739471436,-0.0196794793009758,0.44629132747650146,0.7455813884735107,-0.015218934044241905,0.5543613433837891,0.7491883635520935,-0.022257061675190926,0.6059620380401611,0.7838439345359802,-0.02735164389014244,0.6385405659675598,0.8186480402946472,-0.031705569475889206,0.45302078127861023,0.7890543937683105,-0.03701959177851677,0.5560459494590759,0.783233106136322,-0.04227179288864136,0.6106957197189331,0.8102307319641113,-0.0459173358976841,0.6476640105247498,0.8372848033905029,-0.05013606324791908,0.4579818844795227,0.8486084342002869,-0.05718298628926277,0.537939190864563,0.8544237613677979,-0.059346556663513184,0.5810721516609192,0.8764313459396362,-0.05726039782166481,0.6124230623245239,0.8977376818656921,-0.05629000440239906
0.3088107109069824,0.9244233965873718,5.118198487252812e-07,0.3516384959220886,0.8456721901893616,0.0247811246663332,0.4147037863731384,0.7938065528869629,0.023729568347334862,0.47148096561431885,0.7845674753189087,0.015178310684859753,0.5175319314002991,0.8003700375556946,0.006274861749261618,0.4357375502586365,0.7215996384620667,0.007347642909735441,0.533319354057312,0.7318154573440552,-0.005126748699694872,0.5842251777648926,0.7624280452728271,-0.015244578011333942,0.6179665327072144,0.792061984539032,-0.02195342630147934,0.4456041157245636,0.7448067665100098,-0.016171971336007118,0.5547289848327637,0.7486858367919922,-0.023441335186362267,0.606476902961731,0.7837850451469421,-0.02839595638215542,0.6389507055282593,0.8188756108283997,-0.03264598175883293,0.45211371779441833,0.7883709073066711,-0.03811986371874809,0.5556026697158813,0.7823905348777771,-0.04309805482625961,0.6101218461990356,0.8099236488342285,-0.04603412747383118,0.6467058658599854,0.8373450040817261,-0.04974159970879555,0.45695921778678894,0.8486260771751404,-0.05849620699882507,0.5380443334579468,0.8534483909606934,-0.06008768081665039,0.5817476511001587,0.8753448724746704,-0.05739015340805054,0.6136370897293091,0.8966261148452759,-0.05598945543169975
0.3069295287132263,0.9259129762649536,4.879481707575906e-07,0.35093483328819275,0.8447995781898499,0.028428545221686363,0.41443321108818054,0.7931790947914124,0.028994183987379074,0.4704740345478058,0.7832814455032349,0.021333785727620125,0.5163137912750244,0.7986928820610046,0.013006743974983692,0.43660423159599304,0.7219234704971313,0.011806782335042953,0.534124493598938,0.732344925403595,0.0012133207637816668,0.5852382779121399,0.7621431350708008,-0.00800997857004404,0.6190211772918701,0.7912423014640808,-0.014287732541561127,0.4474411904811859,0.74458247423172,-0.013084175996482372,0.5567278265953064,0.7487322092056274,-0.0181256290525198,0.608479380607605,0.7835553288459778,-0.022570526227355003,0.6403034925460815,0.8185946941375732,-0.026772210374474525,0.454215943813324,0.7878879904747009,-0.03608400747179985,0.5579509735107422,0.7812478542327881,-0.0389811173081398,0.6121833920478821,0.8091205358505249,-0.041553057730197906,0.6479299068450928,0.8370984196662903,-0.04546266049146652,0.45905253291130066,0.8483436107635498,-0.05723225325345993,0.5397583246231079,0.853122889995575,-0.05721651017665863,0.582810640335083,0.8759382963180542,-0.05382618308067322,0.6134234666824341,0.8982216715812683,-0.052134111523628235
0.3057968020439148,0.9244299530982971,4.713039913895045e-07,0.3502410054206848,0.8438854217529297,0.028027338907122612,0.4126538336277008,0.7923501133918762,0.028357142582535744,0.4682420492172241,0.7812350988388062,0.02049124240875244,0.5147831439971924,0.7959445118904114,0.012088621966540813,0.4351074695587158,0.7215468883514404,0.010989030823111534,0.5328863859176636,0.7269830703735352,-0.00025086969253607094,0.5835534930229187,0.7541630268096924,-0.00959752220660448,0.616127073764801,0.7807936072349548,-0.015750925987958908,0.44602829217910767,0.7453452348709106,-0.013725661672651768,0.5560389161109924,0.7468975186347961,-0.019696136936545372,0.6074885725975037,0.7815431356430054,-0.02429228089749813,0.6387370228767395,0.8165059089660645,-0.028368711471557617,0.4533011019229889,0.789207935333252,-0.03660447150468826,0.5573338270187378,0.783299446105957,-0.039971210062503815,0.6115424633026123,0.8096414804458618,-0.04256230220198631,0.6475106477737427,0.8359891176223755,-0.04644251987338066,0.4583817720413208,0.8492748141288757,-0.05766696855425835,0.5389825105667114,0.8542611002922058,-0.0578983798623085,0.5825066566467285,0.8753038048744202,-0.054585766047239304,0.6144422292709351,0.8958117365837097,-0.052880506962537766
0.3056590259075165,0.9238302707672119,4.858391662310169e-07,0.3511929214000702,0.8426092863082886,0.02838175557553768,0.4127024710178375,0.7931234240531921,0.02809946984052658,0.46761056780815125,0.7844974994659424,0.019504807889461517,0.5140966773033142,0.8012755513191223,0.010270468890666962,0.43399208784103394,0.7219830751419067,0.009453184902668,0.5316495895385742,0.724306583404541,-0.0025241062976419926,0.58266282081604,0.750207781791687,-0.012326570227742195,0.6156589984893799,0.7759540677070618,-0.018695488572120667,0.44439369440078735,0.7469143867492676,-0.015729067847132683,0.5544677972793579,0.7468658685684204,-0.022377323359251022,0.6069962978363037,0.7809985876083374,-0.027326224371790886,0.6390738487243652,0.8155797123908997,-0.031686849892139435,0.45165741443634033,0.7914937138557434,-0.03891883045434952,0.5554409027099609,0.7850373387336731,-0.042550865560770035,0.6100140810012817,0.8103089928627014,-0.044960297644138336,0.6463682055473328,0.8354518413543701,-0.048753149807453156,0.45693257451057434,0.8516110181808472,-0.060234952718019485,0.5383443236351013,0.8548629879951477,-0.06018911302089691,0.5820434093475342,0.8750054836273193,-0.05611102655529976,0.6141824722290039,0.8945139646530151,-0.05389725789427757
0.30689454078674316,0.9240204095840454,4.735600214189617e-07,0.3516271412372589,0.84781813621521,0.02670808881521225,0.41332748532295227,0.7962533831596375,0.026289325207471848,0.46869030594825745,0.7860939502716064,0.017814911901950836,0.5152428150177002,0.8014771938323975,0.009220571257174015,0.4323495626449585,0.7215099930763245,0.009502698667347431,0.5304226279258728,0.7252119183540344,-0.0029875533655285835,0.5804175734519958,0.7552146911621094,-0.012828167527914047,0.6116551756858826,0.7844464182853699,-0.019008206203579903,0.4428901970386505,0.7439278364181519,-0.014910554513335228,0.5525476932525635,0.7405498623847961,-0.02260618843138218,0.6041280031204224,0.7760574817657471,-0.027597153559327126,0.6349833607673645,0.8125455975532532,-0.031493667513132095,0.4506056010723114,0.7871386408805847,-0.03765995800495148,0.5544923543930054,0.7749463319778442,-0.04285446181893349,0.6090386509895325,0.8028410077095032,-0.045479241758584976,0.64515221118927,0.8312820196151733,-0.048827122896909714,0.4570099413394928,0.8475039601325989,-0.05864014849066734,0.538078784942627,0.8494930267333984,-0.059847719967365265,0.5816370844841003,0.8705861568450928,-0.05643847584724426,0.6133018136024475,0.8916698098182678,-0.05446769297122955
0.3066301941871643,0.9256690144538879,4.916325337944727e-07,0.3487735986709595,0.8474358320236206,0.026019612327218056,0.40993115305900574,0.7952576875686646,0.024930140003561974,0.46481192111968994,0.7852545976638794,0.01603557914495468,0.5116636157035828,0.8013235926628113,0.0065376791171729565,0.4322657287120819,0.7224313020706177,0.006736455485224724,0.5293937921524048,0.7228758335113525,-0.006357764825224876,0.5809453725814819,0.7475360035896301,-0.016910452395677567,0.6145869493484497,0.7734863758087158,-0.02372612990438938,0.4427085220813751,0.7456801533699036,-0.01752999611198902,0.5531150698661804,0.7439147233963013,-0.02554084174335003,0.6058793067932129,0.7776063084602356,-0.031034503132104874,0.6381890177726746,0.8129857182502747,-0.03554673120379448,0.45015546679496765,0.7890322208404541,-0.0399787612259388,0.5546389222145081,0.7799961566925049,-0.04494011774659157,0.6094271540641785,0.8053767681121826,-0.048118073493242264,0.6459565162658691,0.8317462801933289,-0.052253011614084244,0.4558575749397278,0.8478531837463379,-0.06070353463292122,0.536681056022644,0.8514983654022217,-0.061814066022634506,0.5800250172615051,0.8720217347145081,-0.058567117899656296,0.6115827560424805,0.8924680352210999,-0.05688538774847984
0.30231261253356934,0.9272787570953369,4.811083158529073e-07,0.34676221013069153,0.8496754169464111,0.029315007850527763,0.409160852432251,0.7979676127433777,0.029287127777934074,0.46396327018737793,0.7870227694511414,0.02067197859287262,0.5111319422721863,0.801825225353241,0.011340148746967316,0.4317959249019623,0.7241358757019043,0.010745905339717865,0.5299245715141296,0.7251332998275757,-0.0011448677396401763,0.5818110108375549,0.7494617700576782,-0.01100428868085146,0.6155427098274231,0.7746468782424927,-0.017525967210531235,0.44169729948043823,0.7466646432876587,-0.015409694984555244,0.5528843998908997,0.7464168071746826,-0.022082841023802757,0.6065108180046082,0.7803608179092407,-0.02694515883922577,0.6392303705215454,0.815717339515686,-0.03130976855754852,0.448688268661499,0.7898699641227722,-0.039620477706193924,0.5543911457061768,0.7820773124694824,-0.042974863201379776,0.6095614433288574,0.807854175567627,-0.04495896026492119,0.6463561058044434,0.8339300155639648,-0.04874666407704353,0.4541671574115753,0.8491773009300232,-0.06199190765619278,0.5355810523033142,0.8520781993865967,-0.06183887645602226,0.5800482630729675,0.8719056248664856,-0.05777643993496895,0.6126425266265869,0.8914427757263184,-0.05577867478132248
0.3062826693058014,0.9281564354896545,4.5754833877253986e-07,0.3499245047569275,0.8514876961708069,0.02704762853682041,0.41116124391555786,0.7994706034660339,0.02714112401008606,0.4665068984031677,0.789143979549408,0.019060621038079262,0.5128471851348877,0.8031191229820251,0.010920426808297634,0.4321424067020416,0.7229602336883545,0.01159877423197031,0.5293574333190918,0.7269981503486633,-0.0007979779038578272,0.579399824142456,0.7584192156791687,-0.011089390143752098,0.6103349924087524,0.7892656922340393,-0.017515825107693672,0.4431440830230713,0.7444698810577393,-0.012564838863909245,0.5514929890632629,0.7406327724456787,-0.0196355190128088,0.6028689742088318,0.7764393091201782,-0.024704625830054283,0.6333480477333069,0.8130373954772949,-0.028866326436400414,0.4513815641403198,0.7867599129676819,-0.035254038870334625,0.5542445778846741,0.7750291228294373,-0.0400380864739418,0.6088369488716125,0.8027487993240356,-0.04306556284427643,0.6445178985595703,0.8313888311386108,-0.04689283296465874,0.45836448669433594,0.8463131785392761,-0.05622389167547226,0.5389290452003479,0.8503382802009583,-0.05726665258407593,0.5823462009429932,0.8718510866165161,-0.05430518835783005,0.6138563752174377,0.8929352760314941,-0.052765972912311554
0.3043060898780823,0.9263556003570557,4.6524689878424397e-07,0.3477861285209656,0.8480053544044495,0.02581007219851017,0.4097152650356293,0.7956458926200867,0.02506253682076931,0.46459484100341797,0.7855069041252136,0.016418490558862686,0.5111005306243896,0.8004060983657837,0.007489368319511414,0.4322553873062134,0.7235897779464722,0.008926822803914547,0.5291702151298523,0.724627673625946,-0.004429767373949289,0.5799130797386169,0.7524327039718628,-0.015296791680157185,0.6124629378318787,0.7811537384986877,-0.02216614969074726,0.4427053928375244,0.7463957071304321,-0.015187028795480728,0.5520299673080444,0.7420204281806946,-0.02360009215772152,0.6035439968109131,0.7758654952049255,-0.02938787080347538,0.6346734166145325,0.8114917278289795,-0.033774781972169876,0.45032668113708496,0.7894226908683777,-0.037766095250844955,0.5538298487663269,0.7773790955543518,-0.043283313512802124,0.6089575290679932,0.803200364112854,-0.04647058993577957,0.645703136920929,0.8303279280662537,-0.0502244308590889,0.4566214382648468,0.8489566445350647,-0.05871514603495598,0.5373203754425049,0.8509203791618347,-0.06013965606689453,0.5807309746742249,0.8707801103591919,-0.05700746923685074,0.6124742031097412,0.8903802633285522,-0.055229391902685165
0.3051031231880188,0.926247775554657,4.699390956375282e-07,0.34981444478034973,0.848633348941803,0.025867445394396782,0.40991535782814026,0.7973780632019043,0.024784650653600693,0.4649380147457123,0.7872127294540405,0.015788817778229713,0.5114606022834778,0.8020464777946472,0.006754861678928137,0.43175625801086426,0.7232479453086853,0.008518015034496784,0.5293102860450745,0.7254581451416016,-0.005478172563016415,0.5798587799072266,0.7557109594345093,-0.016711046919226646,0.6115607619285583,0.7860010266304016,-0.02373320981860161,0.4422712028026581,0.7465865015983582,-0.015663674101233482,0.5507866740226746,0.7421285510063171,-0.02457895502448082,0.6030054092407227,0.7774046659469604,-0.030290504917502403,0.6344278454780579,0.8134163618087769,-0.03470901772379875,0.4501977264881134,0.7900817394256592,-0.03837314993143082,0.5525239109992981,0.7796204686164856,-0.04412193223834038,0.6074108481407166,0.8055834174156189,-0.0468134880065918,0.6439220905303955,0.8318877816200256,-0.05030106008052826,0.45702606439590454,0.8501449823379517,-0.059494003653526306,0.5375969409942627,0.8533024191856384,-0.06076904013752937,0.5809286832809448,0.8719782829284668,-0.05727861821651459,0.6131588220596313,0.8898319005966187,-0.05530005320906639
0.3053379952907562,0.9288842082023621,4.852144570577366e-07,0.34889742732048035,0.8510940670967102,0.026418160647153854,0.41003015637397766,0.7990884780883789,0.025857139378786087,0.4657636880874634,0.7901599407196045,0.01731155999004841,0.5120482444763184,0.8062241673469543,0.008511749096214771,0.43085962533950806,0.7241910099983215,0.009052843786776066,0.5286204814910889,0.7282930016517639,-0.0038212083745747805,0.5793660283088684,0.7582693696022034,-0.014397918246686459,0.6118037700653076,0.7881461381912231,-0.021135708317160606,0.4411081075668335,0.747767984867096,-0.015280189923942089,0.5501378774642944,0.7447283864021301,-0.022694794461131096,0.6030012369155884,0.7790526151657104,-0.027900567278265953,0.6351726651191711,0.8148499131202698,-0.03232961520552635,0.44896993041038513,0.7919456362724304,-0.03799671679735184,0.5521334409713745,0.782871663570404,-0.042507022619247437,0.6069011688232422,0.8081281185150146,-0.045135512948036194,0.6430140137672424,0.8334774374961853,-0.048925407230854034,0.4555937945842743,0.8518171906471252,-0.05905573070049286,0.5376728773117065,0.8546558618545532,-0.0594794824719429,0.5815665125846863,0.8733088970184326,-0.05570271983742714,0.6139004826545715,0.8910849094390869,-0.053770869970321655
0.3073596656322479,0.9295119047164917,4.77661274089769e-07,0.34922391176223755,0.8529534935951233,0.0256107859313488,0.410788357257843,0.8001856803894043,0.025331120938062668,0.4669337868690491,0.7907181978225708,0.01723046600818634,0.5135346055030823,0.8056778311729431,0.008986846543848515,0.4310343563556671,0.7249279618263245,0.009968960657715797,0.5285004377365112,0.7299203872680664,-0.0024523723404854536,0.57868891954422,0.760979413986206,-0.012728490866720676,0.6105027198791504,0.7915278077125549,-0.019297955557703972,0.44179826974868774,0.7469017505645752,-0.01377258449792862,0.5508846044540405,0.7434968948364258,-0.02104805037379265,0.6029419898986816,0.7785361409187317,-0.02631217986345291,0.6344983577728271,0.8145347237586975,-0.030643180012702942,0.45017942786216736,0.7898625135421753,-0.03605557978153229,0.5535557866096497,0.7789971828460693,-0.04109909012913704,0.6082983016967773,0.805968165397644,-0.044299542903900146,0.64418625831604,0.833238422870636,-0.04820781573653221,0.45746418833732605,0.8492963314056396,-0.05670001730322838,0.5387558937072754,0.8524855375289917,-0.057874035090208054,0.5820250511169434,0.8732030391693115,-0.054811008274555206,0.6132379770278931,0.8932739496231079,-0.053240709006786346
0.30936241149902344,0.9266852736473083,4.7602242148059304e-07,0.3504610061645508,0.8491044640541077,0.024307752028107643,0.41019517183303833,0.7962068915367126,0.023030878975987434,0.4650530517101288,0.7851117849349976,0.014270561747252941,0.5111765265464783,0.7997534275054932,0.005279344506561756,0.43082335591316223,0.7244377732276917,0.005991945043206215,0.5277804136276245,0.7271360754966736,-0.008389413356781006,0.5777158737182617,0.7588788866996765,-0.0195303987711668,0.6095703840255737,0.7904406785964966,-0.026372117921710014,0.4410041868686676,0.7465732097625732,-0.01734842173755169,0.550273060798645,0.7414016723632812,-0.02682977356016636,0.6020224094390869,0.7764188647270203,-0.03264201059937477,0.6336486339569092,0.8126228451728821,-0.036913737654685974,0.44897982478141785,0.7888613343238831,-0.039200618863105774,0.5528174638748169,0.77667236328125,-0.04638507589697838,0.6083604097366333,0.803558349609375,-0.05017807334661484,0.6451771855354309,0.8312077522277832,-0.05393373221158981,0.4560069441795349,0.8477948904037476,-0.059380948543548584,0.5374335050582886,0.8508437275886536,-0.062232036143541336,0.5804271697998047,0.8720683455467224,-0.05962382256984711,0.6117562055587769,0.8927805423736572,-0.057976387441158295
0.31048405170440674,0.9256472587585449,4.787762577507237e-07,0.3514878451824188,0.8465051054954529,0.024872202426195145,0.41047900915145874,0.7932823896408081,0.023420371115207672,0.46454617381095886,0.7828112244606018,0.014282152988016605,0.5103262066841125,0.7984760403633118,0.0046520233154296875,0.43173226714134216,0.7237409949302673,0.0064002759754657745,0.5264880657196045,0.7267745137214661,-0.007755431812256575,0.5766189098358154,0.7571285963058472,-0.018987005576491356,0.6092633008956909,0.7881412506103516,-0.02607877366244793,0.4425371587276459,0.7459423542022705,-0.017444154247641563,0.5500453114509583,0.7424020171165466,-0.026828238740563393,0.6022382378578186,0.7767272591590881,-0.032896704971790314,0.6342883110046387,0.8131019473075867,-0.03740224614739418,0.4505116641521454,0.788078248500824,-0.039700306951999664,0.5528072714805603,0.7769478559494019,-0.046595484018325806,0.6077362895011902,0.803614616394043,-0.05031454935669899,0.6441513299942017,0.8314588069915771,-0.05416375771164894,0.4569711983203888,0.8468338847160339,-0.06027500703930855,0.5371419787406921,0.8510358929634094,-0.06302324682474136,0.5798836946487427,0.8722164034843445,-0.060350872576236725,0.6108201742172241,0.8929874897003174,-0.05871887505054474
0.3102932274341583,0.9244211912155151,4.786325575878436e-07,0.3524179756641388,0.8473224639892578,0.025481147691607475,0.41174566745758057,0.7949228286743164,0.02434884011745453,0.46554839611053467,0.7843329906463623,0.015372647903859615,0.5112268328666687,0.7993711829185486,0.005946998950093985,0.43146249651908875,0.7237379550933838,0.007326217368245125,0.5260770916938782,0.7260935306549072,-0.006207951810210943,0.5756882429122925,0.755896270275116,-0.0170162133872509,0.6080445647239685,0.786321759223938,-0.023943500593304634,0.44175800681114197,0.7459077835083008,-0.016899902373552322,0.5488964319229126,0.7415518164634705,-0.025860873982310295,0.6009173393249512,0.7758660912513733,-0.03187540918588638,0.6329466104507446,0.8125635385513306,-0.03644341975450516,0.44956108927726746,0.7880434989929199,-0.03948778659105301,0.5516545176506042,0.7765495777130127,-0.0460498221218586,0.6066035032272339,0.803394079208374,-0.04984765499830246,0.6433010101318359,0.8312860727310181,-0.05392339453101158,0.4561295211315155,0.8465967178344727,-0.060355883091688156,0.5360826849937439,0.8507391214370728,-0.06300680339336395,0.57889324426651,0.871976912021637,-0.06050388142466545,0.6100803017616272,0.8927665948867798,-0.05912240222096443
0.30957406759262085,0.924617350101471,4.6528117536581703e-07,0.35196352005004883,0.8491374850273132,0.02720445580780506,0.41000908613204956,0.797716498374939,0.026329539716243744,0.4623880982398987,0.7871956825256348,0.017224717885255814,0.5072633624076843,0.802169919013977,0.007398973684757948,0.4315578043460846,0.7244626879692078,0.00816336739808321,0.5257723331451416,0.7282669544219971,-0.005368479061871767,0.574463963508606,0.7614750862121582,-0.016281168907880783,0.606145441532135,0.7944592237472534,-0.023366663604974747,0.441928505897522,0.7458263039588928,-0.017192693427205086,0.5493966937065125,0.7408853769302368,-0.02618316374719143,0.6013350486755371,0.7762531042098999,-0.032128822058439255,0.6331037282943726,0.8139661550521851,-0.03665497153997421,0.4490819573402405,0.7877597808837891,-0.040775831788778305,0.5510821342468262,0.7748410701751709,-0.047430600970983505,0.6066857576370239,0.802310049533844,-0.05109236016869545,0.6438590884208679,0.8307603001594543,-0.05511128529906273,0.4546026885509491,0.846831202507019,-0.06245948001742363,0.534294605255127,0.8492562770843506,-0.06527893245220184,0.5776949524879456,0.8699997663497925,-0.06257887929677963,0.6095724105834961,0.890622079372406,-0.06108724698424339
0.308726042509079,0.9246927499771118,4.82199595808197e-07,0.35103800892829895,0.8495913147926331,0.02435057796537876,0.40957149863243103,0.7962531447410583,0.022701207548379898,0.46290549635887146,0.7853910326957703,0.013311377726495266,0.5081794857978821,0.7994533777236938,0.0034806758631020784,0.4304800033569336,0.7250356078147888,0.006193373817950487,0.5253101587295532,0.7278646230697632,-0.00858393870294094,0.5756050944328308,0.7584444284439087,-0.020288117229938507,0.6087313890457153,0.7894611358642578,-0.02782621793448925,0.44008174538612366,0.7463729977607727,-0.0178250540047884,0.5479936599731445,0.7393510341644287,-0.02845981903374195,0.6004230976104736,0.7740905284881592,-0.035110507160425186,0.632781982421875,0.8111709952354431,-0.03980041667819023,0.44729480147361755,0.7873836755752563,-0.04039175063371658,0.5497751832008362,0.7720950841903687,-0.04865972325205803,0.6055887937545776,0.7997890710830688,-0.05269615352153778,0.6431110501289368,0.8286144733428955,-0.05652785301208496,0.4532896876335144,0.845257580280304,-0.06132122129201889,0.5328130722045898,0.8474555015563965,-0.06562335044145584,0.5761187672615051,0.8684383034706116,-0.06374979019165039,0.6081110239028931,0.8892257213592529,-0.0625777319073677
0.3068755269050598,0.9236957430839539,4.8022548071458e-07,0.35033977031707764,0.8486208319664001,0.024492356926202774,0.409618616104126,0.7952301502227783,0.02258985862135887,0.4633967876434326,0.78377765417099,0.012909826822578907,0.5090912580490112,0.797123372554779,0.002939793048426509,0.4303525388240814,0.7236855626106262,0.0057076700031757355,0.5261685848236084,0.7282823920249939,-0.010245081037282944,0.5762448906898499,0.7615939378738403,-0.022585131227970123,0.6088992953300476,0.794506311416626,-0.03032287023961544,0.43907493352890015,0.7445117235183716,-0.018630707636475563,0.5475227236747742,0.7372109889984131,-0.03068445436656475,0.5995901823043823,0.7731245756149292,-0.037611644715070724,0.6313521862030029,0.810696542263031,-0.04209417477250099,0.44565802812576294,0.7851021885871887,-0.04157101362943649,0.5489662885665894,0.7693088054656982,-0.05098901316523552,0.6055418252944946,0.7977471947669983,-0.05495239794254303,0.643432080745697,0.8269994258880615,-0.05826704204082489,0.4516177773475647,0.8434119820594788,-0.06284944713115692,0.5326694250106812,0.8462399840354919,-0.06759878247976303,0.5768024325370789,0.8679587841033936,-0.0655740275979042,0.6091859340667725,0.8889970779418945,-0.06408032029867172
0.30419450998306274,0.9250913858413696,4.6570943368351436e-07,0.34862419962882996,0.8529000282287598,0.026028957217931747,0.4077078402042389,0.7994414567947388,0.024471797049045563,0.46139007806777954,0.7863674163818359,0.014861680567264557,0.5078217387199402,0.7987005710601807,0.0049209874123334885,0.42872220277786255,0.7240026593208313,0.006878728978335857,0.5254122614860535,0.7276144623756409,-0.00850420817732811,0.5757625699043274,0.7613575458526611,-0.020471399649977684,0.6084789037704468,0.7947827577590942,-0.02808128483593464,0.4375268816947937,0.7437528967857361,-0.0183052197098732,0.5475883483886719,0.7352638244628906,-0.029988398775458336,0.5998961925506592,0.7715532183647156,-0.036613378673791885,0.6313127875328064,0.809734046459198,-0.04094450920820236,0.4441882371902466,0.7840640544891357,-0.04196572303771973,0.5486975908279419,0.7675582766532898,-0.05078447237610817,0.6059658527374268,0.7963266968727112,-0.05446825549006462,0.6441823244094849,0.8262036442756653,-0.05787123367190361,0.4504753351211548,0.8428541421890259,-0.06384988129138947,0.5318295955657959,0.8449322581291199,-0.0681898444890976,0.5762677192687988,0.8665056824684143,-0.06608366221189499,0.6088967323303223,0.8876166343688965,-0.06472776085138321
0.30207112431526184,0.9267667531967163,4.674164983953233e-07,0.34641286730766296,0.8536654114723206,0.025448432192206383,0.4073030650615692,0.7989106178283691,0.02399749681353569,0.461745023727417,0.7847530841827393,0.014711779542267323,0.5081841945648193,0.796166718006134,0.005277168937027454,0.42945918440818787,0.7225671410560608,0.006987768691033125,0.5267822742462158,0.7256405353546143,-0.007930150255560875,0.5777392387390137,0.7571134567260742,-0.01958300545811653,0.6106199026107788,0.7884573936462402,-0.026896392926573753,0.437497615814209,0.7430298328399658,-0.01756162941455841,0.5481221675872803,0.7354345917701721,-0.028312217444181442,0.6000381112098694,0.7707830667495728,-0.0343155674636364,0.631258487701416,0.807202935218811,-0.0383852981030941,0.4438055753707886,0.7839441299438477,-0.04066501930356026,0.5487701296806335,0.7684515118598938,-0.04863254725933075,0.6057450771331787,0.7958851456642151,-0.05194965749979019,0.6437405943870544,0.8242747187614441,-0.05522330105304718,0.4497898817062378,0.8426743149757385,-0.06210566684603691,0.5323609113693237,0.8443629145622253,-0.0656801164150238,0.5774074792861938,0.8655698895454407,-0.06330165266990662,0.6104620695114136,0.8862214088439941,-0.06182567775249481
0.30247050523757935,0.9264773726463318,4.5536228299170034e-07,0.34628430008888245,0.8517748713493347,0.024229146540164948,0.4073387384414673,0.7962815165519714,0.02279757522046566,0.4620811343193054,0.78318190574646,0.013805446214973927,0.5088346600532532,0.7950313687324524,0.0048814257606863976,0.42883017659187317,0.7225447297096252,0.006665730848908424,0.5259870290756226,0.7234012484550476,-0.008000132627785206,0.5768573880195618,0.7538709044456482,-0.01919722743332386,0.6095597743988037,0.7853686213493347,-0.026112569496035576,0.43776533007621765,0.7432352304458618,-0.01678839698433876,0.5478615164756775,0.7332107424736023,-0.027361053973436356,0.598253607749939,0.7684351801872253,-0.03306451812386513,0.6283259987831116,0.8049513697624207,-0.036778438836336136,0.4452272653579712,0.784166157245636,-0.03888365253806114,0.5491169691085815,0.7673140168190002,-0.04659751057624817,0.6052151918411255,0.7944712042808533,-0.04966435581445694,0.6426799893379211,0.8229206800460815,-0.052669867873191833,0.45213109254837036,0.8423035740852356,-0.05942915752530098,0.5334148406982422,0.8437347412109375,-0.062408216297626495,0.577601432800293,0.8644778728485107,-0.05974602699279785,0.6099928021430969,0.8849155902862549,-0.05804036185145378
0.3026463985443115,0.9263009428977966,4.4012614353050594e-07,0.34701162576675415,0.8491817712783813,0.02582748606801033,0.4085811376571655,0.7938749194145203,0.025589434430003166,0.463287353515625,0.7807639241218567,0.01734205149114132,0.5103540420532227,0.7926965355873108,0.00915641151368618,0.42900919914245605,0.7210692167282104,0.010789817199110985,0.5247812271118164,0.7209744453430176,-0.002618182450532913,0.575508177280426,0.7504047155380249,-0.013251197524368763,0.6082665920257568,0.7810556292533875,-0.019870612770318985,0.4386650323867798,0.7416841983795166,-0.013171140104532242,0.5466066002845764,0.7310025691986084,-0.02277083322405815,0.5967844724655151,0.7659245729446411,-0.028383174911141396,0.6269679069519043,0.8024261593818665,-0.032035235315561295,0.4466569721698761,0.782459020614624,-0.03581163287162781,0.5486147403717041,0.7667648196220398,-0.042746614664793015,0.6048511862754822,0.7937646508216858,-0.04607081785798073,0.6425563097000122,0.8221160769462585,-0.049293842166662216,0.4540961682796478,0.8404743075370789,-0.05681641772389412,0.5342612266540527,0.8421400785446167,-0.058900464326143265,0.5776180624961853,0.8636612296104431,-0.055976856499910355,0.6091927289962769,0.8849070072174072,-0.054155655205249786
0.30169397592544556,0.9281103610992432,4.3992477571919153e-07,0.3456142544746399,0.855049729347229,0.024076923727989197,0.40678536891937256,0.7980563044548035,0.02311672456562519,0.4611831307411194,0.7830988168716431,0.0144670894369483,0.507777750492096,0.7925541996955872,0.00628716079518199,0.4275358319282532,0.7202549576759338,0.009399261325597763,0.5244033336639404,0.7203100919723511,-0.004805675242096186,0.5751556754112244,0.7512738704681396,-0.015833228826522827,0.6071456074714661,0.7823377251625061,-0.022633232176303864,0.43599066138267517,0.7386887669563293,-0.013914290815591812,0.5444113612174988,0.7271090149879456,-0.024338249117136,0.5945503115653992,0.7629100680351257,-0.03009444661438465,0.6244381070137024,0.8000396490097046,-0.03365485370159149,0.4434501826763153,0.7783324718475342,-0.03617309033870697,0.5463194847106934,0.7603074312210083,-0.04391173645853996,0.6033410429954529,0.7880427837371826,-0.04753896966576576,0.6418485641479492,0.8173873424530029,-0.050772774964571,0.4513642191886902,0.8367553949356079,-0.056981392204761505,0.5317152142524719,0.838776707649231,-0.05981769040226936,0.5758962035179138,0.8594852685928345,-0.057808324694633484,0.6087006330490112,0.8798737525939941,-0.05657932162284851
0.29928502440452576,0.9309191703796387,4.4277950905780017e-07,0.3449974060058594,0.865041196346283,0.025506049394607544,0.40562373399734497,0.8085994720458984,0.024864139035344124,0.4593798518180847,0.790672779083252,0.01618090271949768,0.5059411525726318,0.7964681386947632,0.007773156743496656,0.425669401884079,0.7215713858604431,0.011286195367574692,0.5243691205978394,0.7211248874664307,-0.002719735261052847,0.5767437219619751,0.7503176927566528,-0.014501814730465412,0.6103373765945435,0.7795844674110413,-0.02200532704591751,0.433113694190979,0.737731397151947,-0.01290646381676197,0.543464183807373,0.7275856733322144,-0.023260943591594696,0.5949082970619202,0.7630200982093811,-0.02967788651585579,0.6261282563209534,0.7998105883598328,-0.03376338630914688,0.4407047629356384,0.7757852077484131,-0.03592805191874504,0.5454371571540833,0.7576466798782349,-0.04301334545016289,0.6040830612182617,0.7833225727081299,-0.0468682125210762,0.6441969275474548,0.8111867904663086,-0.05061125382781029,0.44937774538993835,0.8327368497848511,-0.05747542530298233,0.5300614833831787,0.8352788686752319,-0.060050081461668015,0.5749722123146057,0.8548181653022766,-0.05804689601063728,0.6085541844367981,0.8743153214454651,-0.05696019530296326
0.2956222593784332,0.9320728778839111,4.76287283390775e-07,0.3441717326641083,0.8702482581138611,0.023347456008195877,0.4070555567741394,0.8118299841880798,0.022551994770765305,0.4604065418243408,0.7915527820587158,0.014098887331783772,0.5061712265014648,0.7938045859336853,0.0060366983525455,0.4258061349391937,0.7205729484558105,0.00962144322693348,0.5232077836990356,0.7203935384750366,-0.005811674986034632,0.5794893503189087,0.7510012984275818,-0.01925656385719776,0.6157711744308472,0.7821873426437378,-0.028165124356746674,0.43214455246925354,0.7331798076629639,-0.013854212127625942,0.5404355525970459,0.7217211723327637,-0.024558404460549355,0.595089852809906,0.7577576041221619,-0.031914301216602325,0.6287444233894348,0.7942638993263245,-0.03726233169436455,0.43819350004196167,0.7699606418609619,-0.036424048244953156,0.5404458045959473,0.7481115460395813,-0.04431198164820671,0.5996018052101135,0.7747113704681396,-0.04852763190865517,0.6404480338096619,0.8026168942451477,-0.0527646578848362,0.44569090008735657,0.828140377998352,-0.05783894285559654,0.5244430303573608,0.8295561075210571,-0.061808012425899506,0.5705564618110657,0.846433699131012,-0.06115308403968811,0.6056320667266846,0.8634933233261108,-0.061167243868112564
0.2907779812812805,0.9314779043197632,5.204160515859257e-07,0.34257492423057556,0.8769528269767761,0.019110828638076782,0.40368929505348206,0.8164865970611572,0.01881907694041729,0.45492857694625854,0.7923575043678284,0.011265781708061695,0.4992653429508209,0.7886801958084106,0.0046434225514531136,0.42191973328590393,0.71812903881073,0.016041962429881096,0.5132242441177368,0.7164638638496399,0.0011331177083775401,0.5731653571128845,0.738196611404419,-0.01402618084102869,0.6134330630302429,0.7627619504928589,-0.024662215262651443,0.42895257472991943,0.7274836301803589,-0.005419162102043629,0.5304391980171204,0.7117999792098999,-0.015556427650153637,0.589320719242096,0.7372035980224609,-0.024559343233704567,0.6290894746780396,0.7665037512779236,-0.03141077980399132,0.4362791180610657,0.7607843279838562,-0.02719690650701523,0.5333530306816101,0.7376776337623596,-0.03623801842331886,0.594272255897522,0.7551953792572021,-0.0420498326420784,0.6391177177429199,0.7751046419143677,-0.047222800552845,0.44634267687797546,0.8183744549751282,-0.04845210909843445,0.5230094790458679,0.8219496011734009,-0.054417602717876434,0.5696375370025635,0.8347655534744263,-0.05519935116171837,0.6072033643722534,0.8471412062644958,-0.056008826941251755
0.2824276089668274,0.9295424222946167,5.249096943771292e-07,0.3332390785217285,0.8708963990211487,0.01970563270151615,0.39599844813346863,0.8042886257171631,0.02138579823076725,0.4461956322193146,0.7763986587524414,0.015025350265204906,0.48976805806159973,0.7672358751296997,0.008913960307836533,0.4170536994934082,0.7152807712554932,0.02081911824643612,0.49960848689079285,0.7006813287734985,0.006923242472112179,0.558996856212616,0.703938364982605,-0.006832491606473923,0.6002709865570068,0.715551495552063,-0.01618703454732895,0.4211675524711609,0.7233534455299377,-0.0014078416861593723,0.5136126279830933,0.6991990804672241,-0.010824577882885933,0.5740700364112854,0.7068687677383423,-0.018657216802239418,0.6171979904174805,0.7229272127151489,-0.024244796484708786,0.42531532049179077,0.7551640272140503,-0.0244610533118248,0.5138328075408936,0.7264842987060547,-0.03278437629342079,0.5719545483589172,0.730656623840332,-0.03587125241756439,0.6163949370384216,0.7381837964057922,-0.03856246545910835,0.43175026774406433,0.810353696346283,-0.04722060635685921,0.5065537095069885,0.8021705150604248,-0.05087800323963165,0.5524088740348816,0.8072665333747864,-0.04815898835659027,0.5887542963027954,0.8137926459312439,-0.046356089413166046
0.2654079794883728,0.9300471544265747,4.4761168283002917e-07,0.32610100507736206,0.8815109133720398,0.02434222772717476,0.38344383239746094,0.8133783340454102,0.02683551050722599,0.42671340703964233,0.7763558030128479,0.019686259329319,0.467447966337204,0.7564575672149658,0.011465744115412235,0.3921384811401367,0.7198585271835327,0.027625275775790215,0.4679887294769287,0.6871317028999329,0.014347960241138935,0.5242944955825806,0.6706728935241699,-0.0008281770860776305,0.5675572156906128,0.6653018593788147,-0.01211977656930685,0.3942035734653473,0.7290192246437073,0.0008540530106984079,0.4818573296070099,0.6893945932388306,-0.009343327023088932,0.5411293506622314,0.6779295206069946,-0.020733585581183434,0.5889869928359985,0.6770121455192566,-0.029597824439406395,0.3990006744861603,0.7589632272720337,-0.026559356600046158,0.48610255122184753,0.7184405326843262,-0.032742518931627274,0.5428812503814697,0.7081426978111267,-0.034477416425943375,0.590691328048706,0.7030144333839417,-0.03772183880209923,0.4080139398574829,0.8094350099563599,-0.05360154062509537,0.4784405827522278,0.7862439751625061,-0.05374306067824364,0.5226024985313416,0.7750276327133179,-0.04850319027900696,0.5599161386489868,0.766861081123352,-0.04635467380285263
0.25653165578842163,0.9140874743461609,3.886128467911476e-07,0.3094085454940796,0.8477222323417664,0.03935695067048073,0.3617058992385864,0.780017077922821,0.045019377022981644,0.40760600566864014,0.7486981749534607,0.037748292088508606,0.4493867754936218,0.731852114200592,0.0277846809476614,0.3792100250720978,0.7082251310348511,0.03794674947857857,0.45961570739746094,0.6826086044311523,0.03016994707286358,0.5122110247612,0.6731669306755066,0.020754851400852203,0.5485787391662598,0.6720920205116272,0.013492930680513382,0.38363879919052124,0.7180300354957581,0.004599340260028839,0.47112083435058594,0.6849024295806885,0.00054943683790043,0.5237963199615479,0.6767771244049072,-0.005126472096890211,0.5619011521339417,0.6781473159790039,-0.010207240469753742,0.38888120651245117,0.743882417678833,-0.027991097420454025,0.4736817479133606,0.702099084854126,-0.02663487195968628,0.5229507684707642,0.6908243894577026,-0.020480310544371605,0.562962532043457,0.6818917393684387,-0.019752884283661842,0.3974711000919342,0.7908215522766113,-0.059084147214889526,0.4614925980567932,0.7616733312606812,-0.054832134395837784,0.5007222294807434,0.7496177554130554,-0.04491719976067543,0.5336373448371887,0.7398158311843872,-0.03943921998143196
0.24217693507671356,0.9042466878890991,3.2060859211924253e-07,0.30107614398002625,0.8540529608726501,0.03494779020547867,0.34809258580207825,0.7879888415336609,0.04391640052199364,0.38060617446899414,0.7495337724685669,0.041809480637311935,0.41103410720825195,0.7248705625534058,0.03759253770112991,0.36382240056991577,0.7021642327308655,0.03831489011645317,0.43398964405059814,0.6677360534667969,0.029646936804056168,0.4855819642543793,0.650275468826294,0.016800926998257637,0.5269447565078735,0.6399962902069092,0.00633492786437273,0.36361101269721985,0.7080012559890747,0.008009938523173332,0.44188106060028076,0.6675661206245422,0.0019960463978350163,0.4957124888896942,0.6505666971206665,-0.009342976845800877,0.5404977798461914,0.64006108045578,-0.019340621307492256,0.36472848057746887,0.729749321937561,-0.022051997482776642,0.44059669971466064,0.6859050393104553,-0.02395598776638508,0.48876094818115234,0.6719005703926086,-0.02548816055059433,0.529703676700592,0.6608271598815918,-0.030071109533309937,0.37036290764808655,0.7678292393684387,-0.050785262137651443,0.4227125346660614,0.726642906665802,-0.04989927262067795,0.4545365869998932,0.7087843418121338,-0.04538591578602791,0.4823083281517029,0.6955416798591614,-0.04422232136130333
0.23585982620716095,0.8712103366851807,4.532864181783225e-07,0.2919233739376068,0.8223128318786621,0.028236936777830124,0.33631569147109985,0.745625913143158,0.03438911214470863,0.36863335967063904,0.6955834031105042,0.03097705729305744,0.3972928822040558,0.6595821380615234,0.02542128413915634,0.3386271297931671,0.6665881872177124,0.020152278244495392,0.4079907238483429,0.616110622882843,0.004468904342502356,0.46263647079467773,0.5840854048728943,-0.010396798141300678,0.5074526071548462,0.559653639793396,-0.021016430109739304,0.3389873802661896,0.6700146794319153,-0.008345730602741241,0.4165443181991577,0.6114140748977661,-0.02220269665122032,0.47679954767227173,0.576251208782196,-0.035331521183252335,0.5262832641601562,0.5494222640991211,-0.04517969489097595,0.3430250287055969,0.6915320754051208,-0.03632592037320137,0.4184171259403229,0.6317542195320129,-0.0468265525996685,0.47278380393981934,0.6029536128044128,-0.052513133734464645,0.5174740552902222,0.5788266658782959,-0.05776074156165123,0.3522358238697052,0.7280899286270142,-0.06289193034172058,0.4097372889518738,0.6760600209236145,-0.07090936601161957,0.45057713985443115,0.6490606069564819,-0.07178684324026108,0.4871857464313507,0.6280896067619324,-0.07280407100915909
0.22660928964614868,0.8427302241325378,4.3401936977716105e-07,0.29005250334739685,0.7946768403053284,0.03534550964832306,0.3275417983531952,0.7204879522323608,0.04430084675550461,0.35553330183029175,0.6720775961875916,0.042450886219739914,0.38291895389556885,0.6367967128753662,0.03857515752315521,0.3174052834510803,0.6345788240432739,0.029031390324234962,0.38612523674964905,0.5734264850616455,0.01992674544453621,0.4347487986087799,0.5365781784057617,0.010224977508187294,0.4757118225097656,0.509092390537262,0.002472680527716875,0.31561312079429626,0.6368504762649536,-0.000963855825830251,0.39645373821258545,0.5611064434051514,-0.008518899790942669,0.45141366124153137,0.5214493870735168,-0.017838185653090477,0.4953460395336151,0.49380671977996826,-0.025445757433772087,0.3196565806865692,0.6573764085769653,-0.029787514358758926,0.39750221371650696,0.5806447863578796,-0.0344281904399395,0.44754499197006226,0.5424081087112427,-0.04043722525238991,0.48699843883514404,0.5129355192184448,-0.04721046984195709,0.33208519220352173,0.6937264204025269,-0.056437939405441284,0.38517671823501587,0.6407678723335266,-0.059550389647483826,0.4172372817993164,0.6107920408248901,-0.06038519740104675,0.444363534450531,0.5865066647529602,-0.062459297478199005
0.19144918024539948,0.8336852192878723,3.470436240604613e-07,0.24467571079730988,0.7904911637306213,0.0338519923388958,0.28447452187538147,0.7181426286697388,0.04249946027994156,0.3121776878833771,0.6763362884521484,0.04047305881977081,0.33934664726257324,0.6482594013214111,0.03666827082633972,0.2925065755844116,0.6193250417709351,0.03194007650017738,0.3576149642467499,0.5582368969917297,0.022768838331103325,0.4042782485485077,0.521816611289978,0.011719274334609509,0.4435408115386963,0.49762362241744995,0.002864486537873745,0.2931203544139862,0.6196250319480896,0.0024104812182486057,0.36934545636177063,0.540926992893219,-0.005056751426309347,0.4234336018562317,0.5022624731063843,-0.01500964630395174,0.4671117663383484,0.47910767793655396,-0.022952208295464516,0.298948734998703,0.6387181878089905,-0.02649465948343277,0.3731302320957184,0.557030439376831,-0.03080282360315323,0.42277780175209045,0.5188063979148865,-0.03579350560903549,0.4623473584651947,0.48949119448661804,-0.041547175496816635,0.31239476799964905,0.6751369833946228,-0.05366161838173866,0.3663577437400818,0.6152286529541016,-0.05508115142583847,0.3986232280731201,0.5804694890975952,-0.054094348102808,0.4263174533843994,0.5505687594413757,-0.05490916594862938
0.17908863723278046,0.8201395869255066,3.3069716209865874e-07,0.2459186166524887,0.7789059281349182,0.02932078205049038,0.283816397190094,0.706062912940979,0.032406698912382126,0.3101961016654968,0.6634779572486877,0.0246962271630764,0.3397740423679352,0.6353561878204346,0.01425610575824976,0.2817988693714142,0.609552800655365,0.01936148852109909,0.34373047947883606,0.5463343858718872,0.003248909255489707,0.38710087537765503,0.5110806822776794,-0.01309368759393692,0.4255164861679077,0.48729389905929565,-0.025949634611606598,0.2752304673194885,0.6134281754493713,-0.011547704227268696,0.3500572144985199,0.5300134420394897,-0.02607252262532711,0.4026259183883667,0.4906248450279236,-0.04114951193332672,0.44764629006385803,0.46391209959983826,-0.0531039722263813,0.2758132219314575,0.6380463242530823,-0.04182840883731842,0.3527301549911499,0.5514951944351196,-0.05311184003949165,0.40133970975875854,0.5107926726341248,-0.06219819560647011,0.44195282459259033,0.4777524769306183,-0.07069450616836548,0.28674960136413574,0.6812815070152283,-0.070463165640831,0.34335193037986755,0.6227688193321228,-0.07797020673751831,0.3776869773864746,0.5831170082092285,-0.08031004667282104,0.40840840339660645,0.5474047660827637,-0.0837426632642746
0.17008619010448456,0.8222575187683105,3.182655632372189e-07,0.25312164425849915,0.7819131016731262,0.027882346883416176,0.2908762991428375,0.7047324180603027,0.03362306207418442,0.31720924377441406,0.6599665284156799,0.029592003673315048,0.3472135066986084,0.6272433400154114,0.023493317887187004,0.27353861927986145,0.6042470932006836,0.015725038945674896,0.33575743436813354,0.5530170202255249,-0.0012264745309948921,0.37881845235824585,0.5231303572654724,-0.01754790171980858,0.41623830795288086,0.5017433762550354,-0.030849093571305275,0.26287052035331726,0.6090582609176636,-0.013611269183456898,0.3423047363758087,0.5348013639450073,-0.02973971515893936,0.3951601982116699,0.4993588924407959,-0.04532159864902496,0.44025200605392456,0.4702841341495514,-0.057646121829748154,0.2593040466308594,0.638616681098938,-0.04222970828413963,0.3351220190525055,0.560901403427124,-0.057814426720142365,0.3796914219856262,0.5252629518508911,-0.06971803307533264,0.41441649198532104,0.4940701127052307,-0.07919061928987503,0.26644566655158997,0.6863253712654114,-0.06888385862112045,0.3210626244544983,0.6366614699363708,-0.08105789870023727,0.35374122858047485,0.5997354388237,-0.08713403344154358,0.3820010721683502,0.56589275598526,-0.0928272157907486
0.16387856006622314,0.826003909111023,3.150792906581046e-07,0.24343878030776978,0.784122109413147,0.032755669206380844,0.2776224613189697,0.7090916037559509,0.0408053956925869,0.2977757155895233,0.6643163561820984,0.037751179188489914,0.3230394423007965,0.630536675453186,0.03279954940080643,0.2624562382698059,0.617434024810791,0.027941200882196426,0.3246667981147766,0.5614566802978516,0.016213813796639442,0.3671566843986511,0.5301467180252075,0.0035478498321026564,0.40383613109588623,0.5094015598297119,-0.006992524489760399,0.25551560521125793,0.6198588609695435,-0.0021249044220894575,0.33456873893737793,0.5442267060279846,-0.011973321437835693,0.3875802457332611,0.5081061124801636,-0.02278389222919941,0.43218207359313965,0.484049916267395,-0.03195793554186821,0.2548895478248596,0.6430720686912537,-0.03174347057938576,0.330879271030426,0.5677778124809265,-0.038703206926584244,0.3769189119338989,0.5314866304397583,-0.044571422040462494,0.41378456354141235,0.5037869215011597,-0.051203664392232895,0.26527291536331177,0.6849124431610107,-0.05985521152615547,0.322311669588089,0.6338187456130981,-0.0632733404636383,0.35634973645210266,0.5978167653083801,-0.06389952450990677,0.38548776507377625,0.5662930011749268,-0.06663823872804642
0.16284987330436707,0.8209999203681946,3.48829189533717e-07,0.24403302371501923,0.7857688665390015,0.029487766325473785,0.27992433309555054,0.7107259035110474,0.03530239686369896,0.3030737042427063,0.6657801270484924,0.03042036108672619,0.3315419852733612,0.6339981555938721,0.02322026900947094,0.26294004917144775,0.6097806692123413,0.02164967730641365,0.32688263058662415,0.5602403879165649,0.006950901821255684,0.3721359968185425,0.5316182971000671,-0.007801933214068413,0.41044700145721436,0.5134650468826294,-0.01994645781815052,0.2566622197628021,0.6125651597976685,-0.008588059805333614,0.3390773832798004,0.543716311454773,-0.02206404320895672,0.39562055468559265,0.5119037628173828,-0.03555869311094284,0.4424865245819092,0.49145272374153137,-0.04654047638177872,0.2573001980781555,0.6371444463729858,-0.03853524103760719,0.33827441930770874,0.5653052926063538,-0.049703288823366165,0.3915524184703827,0.5306891202926636,-0.059263925999403,0.4342845380306244,0.5033631324768066,-0.0681794062256813,0.26804229617118835,0.6799654960632324,-0.06695248186588287,0.3273584246635437,0.626807451248169,-0.07477395981550217,0.363984078168869,0.5900664925575256,-0.07865124195814133,0.3958253562450409,0.5585070848464966,-0.0835171565413475
0.16288357973098755,0.8217796087265015,3.507925327994599e-07,0.24524246156215668,0.7846989035606384,0.02943364717066288,0.28104257583618164,0.7097684741020203,0.03564915060997009,0.30336523056030273,0.665240466594696,0.031052079051733017,0.33165308833122253,0.6346339583396912,0.024037357419729233,0.2633380591869354,0.6081427335739136,0.023677797988057137,0.3271830677986145,0.5609713196754456,0.010349072515964508,0.37195539474487305,0.5331544280052185,-0.0034451980609446764,0.40992313623428345,0.5139561295509338,-0.015058465301990509,0.2554611265659332,0.6110738515853882,-0.006327527575194836,0.33786725997924805,0.5475530028343201,-0.018976502120494843,0.3931175470352173,0.5171293020248413,-0.03167565539479256,0.43991267681121826,0.49603545665740967,-0.041809823364019394,0.25463539361953735,0.6361685395240784,-0.036164794117212296,0.3365899324417114,0.5692864060401917,-0.046770546585321426,0.38876277208328247,0.5362353920936584,-0.05506103113293648,0.4309341311454773,0.5083888173103333,-0.06268545240163803,0.2636527121067047,0.6808573007583618,-0.064567431807518,0.3247010111808777,0.6293303966522217,-0.07135843485593796,0.3618314862251282,0.5942754149436951,-0.07370283454656601,0.3937996029853821,0.5634503960609436,-0.07726838439702988
0.16705021262168884,0.814042329788208,3.909729286988295e-07,0.24938610196113586,0.7782893180847168,0.03161260858178139,0.28545019030570984,0.7014638781547546,0.03801543638110161,0.306763231754303,0.6552913784980774,0.03369699418544769,0.3329945206642151,0.6226455569267273,0.02660338208079338,0.2668103873729706,0.5987851023674011,0.016474228352308273,0.33431199193000793,0.549583375453949,0.0019112932495772839,0.38125818967819214,0.5227834582328796,-0.011179318651556969,0.421425461769104,0.504977822303772,-0.022473810240626335,0.25817808508872986,0.602169394493103,-0.014948523603379726,0.3448953330516815,0.5374079942703247,-0.028769904747605324,0.4022507667541504,0.5114665627479553,-0.04113238677382469,0.44947442412376404,0.4955665171146393,-0.05152001231908798,0.2572934031486511,0.6281805634498596,-0.04541401192545891,0.3418217599391937,0.5602806210517883,-0.05770239233970642,0.3965882360935211,0.5295723676681519,-0.06774352490901947,0.4402005970478058,0.5043957233428955,-0.07719160616397858,0.2671292722225189,0.6730184555053711,-0.07381506264209747,0.32842135429382324,0.6214290261268616,-0.08345403522253036,0.3668915629386902,0.5880002379417419,-0.0887189656496048,0.4002145230770111,0.5593148469924927,-0.09472651779651642
0.16596293449401855,0.8176553845405579,3.496168403671618e-07,0.24582058191299438,0.7773818969726562,0.03449995070695877,0.2803072929382324,0.7026169896125793,0.042492907494306564,0.3012683093547821,0.6580895185470581,0.03934519365429878,0.3259495198726654,0.6263370513916016,0.033166032284498215,0.26567673683166504,0.6012622117996216,0.01949377730488777,0.3350495398044586,0.5528673529624939,0.005026025697588921,0.3834960162639618,0.5276690125465393,-0.00817845668643713,0.42433667182922363,0.5109905004501343,-0.019254110753536224,0.2579977512359619,0.6038661599159241,-0.012793009169399738,0.3444099426269531,0.5377938151359558,-0.026396827772259712,0.4027441143989563,0.5119256377220154,-0.038278378546237946,0.45045167207717896,0.49667859077453613,-0.04809064790606499,0.2576309144496918,0.6289284229278564,-0.044021014124155045,0.34279513359069824,0.5598270893096924,-0.05647047981619835,0.39844900369644165,0.5297330021858215,-0.06575792282819748,0.4426814913749695,0.504615068435669,-0.0741451233625412,0.2677624821662903,0.6735690236091614,-0.07286884635686874,0.3316214084625244,0.6197308301925659,-0.08198416233062744,0.3709312379360199,0.587563693523407,-0.08588501065969467,0.4051416516304016,0.5595552921295166,-0.0906299576163292
0.16336652636528015,0.8206186294555664,3.5351098404134973e-07,0.2442280352115631,0.7813302278518677,0.03425019234418869,0.278552770614624,0.7061629295349121,0.04201432317495346,0.2989511489868164,0.6607512831687927,0.03842487186193466,0.32484564185142517,0.6286486387252808,0.03190244361758232,0.2646835446357727,0.6041301488876343,0.021471399813890457,0.33338436484336853,0.5546475648880005,0.00785138737410307,0.38154488801956177,0.5288682579994202,-0.004880662076175213,0.42213940620422363,0.5119389891624451,-0.015676653012633324,0.25750282406806946,0.6064987182617188,-0.010889041237533092,0.34358227252960205,0.5392746329307556,-0.023852061480283737,0.40181297063827515,0.5125505328178406,-0.035294026136398315,0.449496865272522,0.4977130889892578,-0.04469849169254303,0.257487952709198,0.6311642527580261,-0.042386312037706375,0.3426780104637146,0.5619331002235413,-0.05379411205649376,0.3984559178352356,0.5306551456451416,-0.06232992187142372,0.44302231073379517,0.5051798820495605,-0.07034729421138763,0.2675735056400299,0.675620973110199,-0.07170409709215164,0.33120808005332947,0.6214615106582642,-0.07988935708999634,0.37058329582214355,0.5886209011077881,-0.0831872969865799,0.4048629403114319,0.5602291226387024,-0.08754640817642212
0.16779711842536926,0.8193053603172302,3.634781933214981e-07,0.24426813423633575,0.7764421701431274,0.03376619890332222,0.27710241079330444,0.7014913558959961,0.04068541154265404,0.2989009618759155,0.6563006043434143,0.036504268646240234,0.32585254311561584,0.6263428926467896,0.029494261369109154,0.2646600008010864,0.6017343401908875,0.01957741752266884,0.33497077226638794,0.551856517791748,0.005522309336811304,0.3834877610206604,0.5268745422363281,-0.0070638470351696014,0.42474639415740967,0.5110881328582764,-0.017553646117448807,0.2581525444984436,0.604965329170227,-0.012371048331260681,0.3445603847503662,0.5372290015220642,-0.02557462267577648,0.40203842520713806,0.5109454989433289,-0.03648298978805542,0.4495561122894287,0.495783269405365,-0.04547356069087982,0.25893038511276245,0.6304354667663574,-0.04343033209443092,0.343986839056015,0.5604172348976135,-0.05516001954674721,0.39960744976997375,0.5293858051300049,-0.06326230615377426,0.4446708559989929,0.5038101673126221,-0.07087744772434235,0.27021828293800354,0.676124632358551,-0.07228861004114151,0.33360055088996887,0.6209705471992493,-0.08048425614833832,0.37287408113479614,0.5886871814727783,-0.08333399891853333,0.4076201319694519,0.5605647563934326,-0.0873202532529831
0.1681162714958191,0.8209003210067749,3.4370856383247883e-07,0.24570013582706451,0.7795988917350769,0.03485564514994621,0.2793944180011749,0.7052538990974426,0.04257545992732048,0.3017401397228241,0.6607776284217834,0.039131976664066315,0.3270188868045807,0.6299974322319031,0.03258085250854492,0.26752394437789917,0.6014218330383301,0.01997176930308342,0.33833616971969604,0.5563360452651978,0.006026511546224356,0.38684794306755066,0.5322983860969543,-0.006976990029215813,0.4276887774467468,0.5161762237548828,-0.018099341541528702,0.2603068947792053,0.6042176485061646,-0.012667943723499775,0.3463621139526367,0.5393548011779785,-0.02591131441295147,0.4042762517929077,0.5130055546760559,-0.03758932277560234,0.4520353078842163,0.49626287817955017,-0.04745664447546005,0.25977835059165955,0.6299920678138733,-0.044291093945503235,0.3443065285682678,0.5609681010246277,-0.05732571333646774,0.40073615312576294,0.5305950045585632,-0.06720037758350372,0.446247398853302,0.5047857761383057,-0.07610638439655304,0.269651859998703,0.675595760345459,-0.07340647280216217,0.332876056432724,0.621591329574585,-0.08384125679731369,0.3727532625198364,0.5902785062789917,-0.08855807036161423,0.40844711661338806,0.5628806948661804,-0.09386151283979416
0.1828480064868927,0.8765884637832642,3.457384707417077e-07,0.2513064742088318,0.8154666423797607,0.029952917248010635,0.29075175523757935,0.7386468648910522,0.030814195051789284,0.3208955228328705,0.691082775592804,0.02185169607400894,0.34901484847068787,0.65493243932724,0.009043816477060318,0.28974199295043945,0.6676540970802307,0.003950042650103569,0.3502736985683441,0.6050840020179749,-0.0213514044880867,0.3997735381126404,0.5728111267089844,-0.04194856062531471,0.44472092390060425,0.5528029203414917,-0.05635987967252731,0.2850125730037689,0.6732867360115051,-0.028861545026302338,0.350788414478302,0.5902724266052246,-0.05105162411928177,0.4039723873138428,0.5520703196525574,-0.06837038695812225,0.44972968101501465,0.526606023311615,-0.08161748945713043,0.2758268117904663,0.6924377083778381,-0.060254115611314774,0.3348610997200012,0.6062766313552856,-0.07967595010995865,0.383078008890152,0.5727954506874084,-0.0904034897685051,0.42393821477890015,0.5496774315834045,-0.09971533715724945,0.2654860317707062,0.7239388227462769,-0.08902021497488022,0.3013775944709778,0.6722111105918884,-0.1042105108499527,0.33043500781059265,0.643012523651123,-0.10848814994096756,0.35666292905807495,0.6213193535804749,-0.113034188747406
0.1838839054107666,0.9142911434173584,3.235592487271788e-07,0.2506753206253052,0.8551788926124573,0.05092961713671684,0.2891741991043091,0.7741976976394653,0.06520085036754608,0.3160006105899811,0.7247934937477112,0.06602834165096283,0.3389720618724823,0.6865435242652893,0.06390843540430069,0.2994401752948761,0.7153840661048889,0.04041558504104614,0.36660751700401306,0.6475809812545776,0.03290172293782234,0.4137881398200989,0.6059854626655579,0.02293616347014904,0.45170047879219055,0.575128436088562,0.015102379955351353,0.2965938150882721,0.7111989855766296,0.0030608659144490957,0.36867645382881165,0.6253538727760315,-0.0017935128416866064,0.4202324151992798,0.5826394557952881,-0.008521209470927715,0.46083569526672363,0.5562477111816406,-0.01519340556114912,0.2864598035812378,0.7126879692077637,-0.03196391463279724,0.3585006296634674,0.6288442015647888,-0.03087404929101467,0.40708157420158386,0.5937730669975281,-0.028941232711076736,0.44697999954223633,0.5673158764839172,-0.032280802726745605,0.27286750078201294,0.7214844226837158,-0.0638267770409584,0.33045780658721924,0.6706465482711792,-0.06239419803023338,0.36947792768478394,0.6460161209106445,-0.05698574334383011,0.4031603932380676,0.625158965587616,-0.05550451576709747
0.24720391631126404,0.9527944326400757,5.879464310964977e-07,0.24651113152503967,0.8807265758514404,-0.01544796023517847,0.2779008448123932,0.8254902362823486,-0.029689226299524307,0.3102401793003082,0.7934331297874451,-0.04059185832738876,0.3323565721511841,0.7619530558586121,-0.052606113255023956,0.30741721391677856,0.8390262722969055,-0.054483767598867416,0.37360137701034546,0.7920089364051819,-0.07782551646232605,0.4206882119178772,0.7629369497299194,-0.09095320105552673,0.4573778212070465,0.7401120066642761,-0.09752530604600906,0.3223927319049835,0.8841631412506104,-0.05705603212118149,0.392054945230484,0.8306127190589905,-0.07771993428468704,0.4440602660179138,0.792607843875885,-0.08884144574403763,0.48572027683258057,0.7632249593734741,-0.09553563594818115,0.33575889468193054,0.9304729700088501,-0.057902365922927856,0.4001593589782715,0.8755955696105957,-0.07503772526979446,0.4482821226119995,0.8389295339584351,-0.08368497341871262,0.48629117012023926,0.8130612373352051,-0.08801842480897903,0.34587109088897705,0.9724128842353821,-0.0587625615298748,0.39782387018203735,0.9358275532722473,-0.07324601709842682,0.4327452778816223,0.9076482057571411,-0.07728324085474014,0.4613506495952606,0.8848097324371338,-0.07782310992479324
0.24111130833625793,0.9623334407806396,5.173870363250899e-07,0.24207794666290283,0.8965958952903748,-0.0018501152517274022,0.27408790588378906,0.832958996295929,-0.013107103295624256,0.30679503083229065,0.7981542348861694,-0.023614302277565002,0.3323001265525818,0.7721585035324097,-0.03606744855642319,0.2972634732723236,0.8257414102554321,-0.05327880382537842,0.36997249722480774,0.7699940204620361,-0.07820077240467072,0.4170253872871399,0.7436021566390991,-0.08819998800754547,0.45342832803726196,0.7260360717773438,-0.09270012378692627,0.30732661485671997,0.8635364770889282,-0.06421858072280884,0.39012643694877625,0.8021211624145508,-0.09083041548728943,0.44494765996932983,0.7715101838111877,-0.10265945643186569,0.487254798412323,0.7510173916816711,-0.10831185430288315,0.3184469938278198,0.9117600917816162,-0.07202793657779694,0.39476656913757324,0.8487797379493713,-0.09525260329246521,0.4460155963897705,0.8137016892433167,-0.10748005658388138,0.4865528345108032,0.7886752486228943,-0.11335160583257675,0.3297754228115082,0.96518874168396,-0.0779486894607544,0.3872658610343933,0.9281366467475891,-0.09874151647090912,0.424028605222702,0.8997149467468262,-0.10779198259115219,0.45575186610221863,0.8767881393432617,-0.11144188046455383
0.22640188038349152,0.9760627150535583,5.598803340944869e-07,0.23359566926956177,0.9061498045921326,0.0021063522435724735,0.26921042799949646,0.8427374362945557,-0.007335386238992214,0.3052803874015808,0.806559145450592,-0.016552453860640526,0.330529123544693,0.7755460143089294,-0.027386585250496864,0.29413238167762756,0.8313448429107666,-0.05091559514403343,0.3691634237766266,0.7721061706542969,-0.07495447248220444,0.41780728101730347,0.7440135478973389,-0.08340921252965927,0.4540274441242218,0.7251716256141663,-0.08683428913354874,0.30278608202934265,0.8694548010826111,-0.0640469416975975,0.38738441467285156,0.799799919128418,-0.08917614817619324,0.4432246685028076,0.7679151296615601,-0.09781916439533234,0.48601630330085754,0.7477643489837646,-0.10172699391841888,0.3119078576564789,0.9173276424407959,-0.07418905943632126,0.3919976055622101,0.8490560054779053,-0.09690166264772415,0.4440932273864746,0.815569281578064,-0.10776973515748978,0.4844081997871399,0.790702760219574,-0.11301072686910629,0.32148173451423645,0.9727796912193298,-0.0822325348854065,0.38551056385040283,0.9347645044326782,-0.10294277966022491,0.4234180748462677,0.9038479328155518,-0.1125042736530304,0.45410338044166565,0.8752442002296448,-0.11703456193208694
0.21920590102672577,0.9910930395126343,4.830163220503891e-07,0.2289816439151764,0.9129168391227722,0.010820696130394936,0.2658754587173462,0.8466089367866516,0.0059180413372814655,0.3051275908946991,0.8086889982223511,-0.0004971068701706827,0.33248698711395264,0.7779020071029663,-0.008411753922700882,0.29096299409866333,0.8304691910743713,-0.0409369096159935,0.3700346052646637,0.7724037170410156,-0.06374019384384155,0.4198169708251953,0.746155858039856,-0.07116449624300003,0.4556201100349426,0.7291416525840759,-0.07333444058895111,0.29956382513046265,0.8688554763793945,-0.05692048743367195,0.3871721625328064,0.7984070777893066,-0.08137693256139755,0.4436512589454651,0.7655393481254578,-0.08852194249629974,0.48505985736846924,0.7441781163215637,-0.09072092920541763,0.30983179807662964,0.9170117378234863,-0.0695921778678894,0.3920733630657196,0.8488786220550537,-0.0917295590043068,0.44355422258377075,0.8139006495475769,-0.10105337202548981,0.4820776879787445,0.7864063382148743,-0.10453610122203827,0.3210722506046295,0.9741352796554565,-0.07948572188615799,0.3888988494873047,0.9318945407867432,-0.09830879420042038,0.424203097820282,0.9000591039657593,-0.1055661141872406,0.4516289234161377,0.8703795075416565,-0.10801952332258224
0.21352426707744598,1.000658631324768,5.061059482613928e-07,0.2246849089860916,0.9223822951316833,0.0066223894245922565,0.26375043392181396,0.8519341349601746,0.00044685674947686493,0.301824688911438,0.8099140524864197,-0.007047633640468121,0.3282577395439148,0.7727081775665283,-0.015074576251208782,0.28746968507766724,0.8299983739852905,-0.03635038062930107,0.36729398369789124,0.7715955972671509,-0.05823633447289467,0.41672858595848083,0.7460969686508179,-0.0662776380777359,0.4530961215496063,0.7307957410812378,-0.06910699605941772,0.29631364345550537,0.8689485788345337,-0.05054572969675064,0.3824254274368286,0.798585832118988,-0.07313679158687592,0.4374981224536896,0.7664262652397156,-0.08008111268281937,0.4787866771221161,0.7462373971939087,-0.08254498988389969,0.3073462247848511,0.9177091121673584,-0.062469515949487686,0.38957133889198303,0.8496569991111755,-0.0826890766620636,0.4405292272567749,0.8152855038642883,-0.09099726378917694,0.47862452268600464,0.7887861132621765,-0.09419867396354675,0.3202272951602936,0.9745732545852661,-0.07245676964521408,0.38760635256767273,0.9334277510643005,-0.08918334543704987,0.4225573241710663,0.9013996124267578,-0.09553693979978561,0.4494759142398834,0.8716239929199219,-0.09766270220279694
0.2072790563106537,1.0076051950454712,5.249468131296453e-07,0.22013670206069946,0.9257158041000366,0.0044026426039636135,0.26034775376319885,0.853493332862854,-0.0030341320671141148,0.2988683879375458,0.8098793625831604,-0.011587127111852169,0.32681819796562195,0.7718204259872437,-0.02043396607041359,0.28421640396118164,0.8319165706634521,-0.036982472985982895,0.36521056294441223,0.7730551958084106,-0.05911027267575264,0.4149757921695709,0.7476432919502258,-0.06723065674304962,0.4518865942955017,0.7325315475463867,-0.07023576647043228,0.29387277364730835,0.8714781403541565,-0.0507533885538578,0.38044473528862,0.8003652691841125,-0.07394105195999146,0.4357450604438782,0.7671908736228943,-0.08093269169330597,0.47739410400390625,0.7460780143737793,-0.0833824947476387,0.305357962846756,0.9206826090812683,-0.062571682035923,0.38798788189888,0.8519731163978577,-0.08314518630504608,0.43902623653411865,0.8163823485374451,-0.09077594429254532,0.477017343044281,0.7883598208427429,-0.09349600970745087,0.318451464176178,0.9782201051712036,-0.07280579209327698,0.38666313886642456,0.9356598854064941,-0.08957374840974808,0.42209213972091675,0.9022162556648254,-0.09551115334033966,0.44910943508148193,0.8710891008377075,-0.09733706712722778
0.20458722114562988,1.009768009185791,5.133888976160961e-07,0.21949627995491028,0.9271100163459778,0.006735202390700579,0.2620922029018402,0.8551822900772095,0.00020181362924631685,0.30100640654563904,0.8103983402252197,-0.007604338228702545,0.32743433117866516,0.7696167230606079,-0.015723658725619316,0.2822265326976776,0.8346294164657593,-0.036597397178411484,0.36561670899391174,0.7741912603378296,-0.05735955759882927,0.41593271493911743,0.7496311664581299,-0.06390666216611862,0.452782541513443,0.7352324724197388,-0.06566272675991058,0.2915293276309967,0.8749925494194031,-0.05044932663440704,0.3799685537815094,0.8014436960220337,-0.07231069356203079,0.435508668422699,0.7688497304916382,-0.0775211900472641,0.47632819414138794,0.7484179735183716,-0.07881021499633789,0.30298489332199097,0.9241921901702881,-0.061946820467710495,0.38824889063835144,0.853212296962738,-0.08085737377405167,0.4395906329154968,0.8170002698898315,-0.08684049546718597,0.47672775387763977,0.7887791395187378,-0.0886172354221344,0.3163922131061554,0.9813051223754883,-0.0716240182518959,0.38604336977005005,0.9376528859138489,-0.08656622469425201,0.4224824607372284,0.9035065770149231,-0.09127151221036911,0.44932907819747925,0.8719372153282166,-0.09240201860666275
0.20569372177124023,1.0120844841003418,5.023842959417379e-07,0.22056175768375397,0.9253829717636108,0.00822078064084053,0.2623631954193115,0.8540129661560059,0.002363810781389475,0.30125880241394043,0.8099555969238281,-0.005106132477521896,0.3265601396560669,0.770777702331543,-0.013029209338128567,0.2833705544471741,0.8342567682266235,-0.03464166074991226,0.36633968353271484,0.7736221551895142,-0.05498269945383072,0.4164632260799408,0.7499433159828186,-0.06131144240498543,0.4530680775642395,0.7366693615913391,-0.06306477636098862,0.2934975028038025,0.8739534616470337,-0.04905751347541809,0.38098084926605225,0.8000568747520447,-0.07035194337368011,0.4364279508590698,0.7678681015968323,-0.07545526325702667,0.4768506586551666,0.7482134103775024,-0.076774962246418,0.3055397868156433,0.9232775568962097,-0.06106496974825859,0.38860225677490234,0.8520917296409607,-0.0798243060708046,0.43988800048828125,0.8156871199607849,-0.08609574288129807,0.4771353602409363,0.7868692874908447,-0.08829846978187561,0.31925880908966064,0.9810643196105957,-0.0711418017745018,0.386735737323761,0.9386054873466492,-0.08659442514181137,0.42209720611572266,0.904807448387146,-0.09183791279792786,0.44845640659332275,0.8727619051933289,-0.09341201931238174
0.2041720747947693,1.0122592449188232,5.029744443163509e-07,0.22002454102039337,0.9247459769248962,0.00732168834656477,0.2631739675998688,0.8539126515388489,0.001117484993301332,0.30332162976264954,0.809951663017273,-0.006442338693886995,0.3299868702888489,0.7720958590507507,-0.014361852779984474,0.28270968794822693,0.8345775604248047,-0.035487912595272064,0.3661181926727295,0.7742601633071899,-0.055858682841062546,0.41616934537887573,0.7499038577079773,-0.062304217368364334,0.45277583599090576,0.7356326580047607,-0.06419279426336288,0.2930367588996887,0.8744054436683655,-0.04941900074481964,0.38057705760002136,0.8012116551399231,-0.07074108719825745,0.4357297122478485,0.7685191631317139,-0.07591153681278229,0.4760446548461914,0.7480090260505676,-0.07731011509895325,0.30531325936317444,0.923807680606842,-0.06093587353825569,0.38869866728782654,0.8524256944656372,-0.07963550090789795,0.4396815598011017,0.8159659504890442,-0.08554144203662872,0.4765714406967163,0.7872784733772278,-0.08746668696403503,0.3192344307899475,0.9816033244132996,-0.07059910893440247,0.386776328086853,0.938582181930542,-0.08562922477722168,0.422461599111557,0.9052225947380066,-0.09024615585803986,0.44932055473327637,0.8741511106491089,-0.0913664698600769
0.20147764682769775,1.0095775127410889,5.048580646871415e-07,0.21817658841609955,0.9232420325279236,0.006480870768427849,0.2615148723125458,0.852911114692688,-0.0001905394165078178,0.30130118131637573,0.8090519905090332,-0.0080052949488163,0.32714927196502686,0.7689814567565918,-0.016284791752696037,0.283392071723938,0.8334609866142273,-0.036399561911821365,0.3674534559249878,0.7742953896522522,-0.05708569288253784,0.4174145460128784,0.7503089308738708,-0.06374675780534744,0.4536634385585785,0.7358661890029907,-0.06556850671768188,0.293264776468277,0.8746649026870728,-0.04998507723212242,0.38219454884529114,0.802742063999176,-0.07100453972816467,0.4369060695171356,0.7700226306915283,-0.07594947516918182,0.4764899015426636,0.7493970394134521,-0.0772022008895874,0.3045300543308258,0.9249053001403809,-0.061281971633434296,0.3893302083015442,0.8545922636985779,-0.07957872748374939,0.44019851088523865,0.8173366189002991,-0.0853247418999672,0.47711485624313354,0.7878349423408508,-0.08714473247528076,0.3171347379684448,0.9830802083015442,-0.07078127562999725,0.38563352823257446,0.9389536380767822,-0.08527681231498718,0.4216754734516144,0.904874861240387,-0.08950328826904297,0.44885796308517456,0.8731275200843811,-0.09035234153270721
0.20375727117061615,1.0147285461425781,5.119365482642024e-07,0.21907475590705872,0.9284893870353699,0.008187312632799149,0.26094621419906616,0.8557783365249634,0.0014599454589188099,0.3004921078681946,0.8098666667938232,-0.006758923176676035,0.32593855261802673,0.7692068815231323,-0.015578416176140308,0.27998778223991394,0.8322388529777527,-0.03792097419500351,0.36544138193130493,0.7724429368972778,-0.05900263041257858,0.4158519506454468,0.7499959468841553,-0.06524574011564255,0.45253023505210876,0.7372362613677979,-0.06666723638772964,0.2896687090396881,0.8730560541152954,-0.05251941829919815,0.38090968132019043,0.7985824346542358,-0.07409963011741638,0.43712422251701355,0.7668018341064453,-0.07866715639829636,0.4780943989753723,0.7473477721214294,-0.07948027551174164,0.30122047662734985,0.9234039187431335,-0.06446986645460129,0.38773536682128906,0.850472629070282,-0.0832340195775032,0.4398091435432434,0.8137463927268982,-0.08851920813322067,0.4778573513031006,0.7853212952613831,-0.08991266787052155,0.31490206718444824,0.9828336834907532,-0.07439584285020828,0.38440099358558655,0.9378621578216553,-0.08892504125833511,0.4211668372154236,0.9041434526443481,-0.09264689683914185,0.4493211805820465,0.8727040886878967,-0.09310279041528702
0.20006167888641357,1.013612151145935,5.316368856256304e-07,0.21601006388664246,0.9273601174354553,0.0038367160595953465,0.26113250851631165,0.8569210767745972,-0.0039603691548109055,0.30250316858291626,0.8118528723716736,-0.01231359876692295,0.3325268030166626,0.7726954817771912,-0.020755868405103683,0.2815479040145874,0.8358157873153687,-0.03868653252720833,0.365181028842926,0.7741448879241943,-0.06019066646695137,0.4157322347164154,0.7484819293022156,-0.06755008548498154,0.4529673755168915,0.734029233455658,-0.0699734315276146,0.29175981879234314,0.8775148391723633,-0.05122990161180496,0.379660427570343,0.804196834564209,-0.07415539771318436,0.435095876455307,0.7701219320297241,-0.080501489341259,0.47593384981155396,0.7490007281303406,-0.08268828690052032,0.3031482398509979,0.926742672920227,-0.06160913407802582,0.38722968101501465,0.857590913772583,-0.08111965656280518,0.4382200241088867,0.8192197680473328,-0.0876358151435852,0.47512930631637573,0.7896393537521362,-0.08995036780834198,0.3157767951488495,0.9828532934188843,-0.07046481966972351,0.383876770734787,0.9404312968254089,-0.08556888997554779,0.4202633500099182,0.9058981537818909,-0.09046485275030136,0.44787105917930603,0.8741325736045837,-0.0918513759970665
0.20289288461208344,1.0216623544692993,5.240152631813544e-07,0.21670258045196533,0.9328051805496216,0.00810586754232645,0.2599482238292694,0.85869300365448,0.0016853088745847344,0.3013574779033661,0.8123260140419006,-0.00622211629524827,0.3307161033153534,0.7732253670692444,-0.014516467228531837,0.2788480222225189,0.835728645324707,-0.03692314773797989,0.36509969830513,0.7745469212532043,-0.057719167321920395,0.41632935404777527,0.7512669563293457,-0.063582643866539,0.45331376791000366,0.7380487322807312,-0.06468584388494492,0.2884663939476013,0.8768603801727295,-0.05139412730932236,0.38085466623306274,0.8013600707054138,-0.07325056940317154,0.4373352825641632,0.769681990146637,-0.07761453092098236,0.478172242641449,0.7505738735198975,-0.07802502065896988,0.3004752993583679,0.9277318716049194,-0.06327774375677109,0.38811519742012024,0.8560932278633118,-0.08171428740024567,0.43988269567489624,0.8196789026260376,-0.08640413731336594,0.47695547342300415,0.7913289070129395,-0.08726442605257034,0.31437593698501587,0.987282395362854,-0.07323186844587326,0.3847807049751282,0.9425601959228516,-0.08702339231967926,0.42149609327316284,0.9087993502616882,-0.09013452380895615,0.4490763545036316,0.877585768699646,-0.09007178246974945
0.19590674340724945,1.0187652111053467,5.322286256159714e-07,0.21171247959136963,0.9346069693565369,0.0024617905728518963,0.25632616877555847,0.8638580441474915,-0.006080671679228544,0.29666852951049805,0.8174261450767517,-0.01507099624723196,0.3284347355365753,0.7803972959518433,-0.02396225929260254,0.2805550694465637,0.8454251289367676,-0.0385136716067791,0.3665730357170105,0.7803676128387451,-0.05947680398821831,0.4170560836791992,0.7534023523330688,-0.06651410460472107,0.45355844497680664,0.7381647229194641,-0.06887026876211166,0.29309308528900146,0.8867056965827942,-0.050703808665275574,0.3836172819137573,0.8110029697418213,-0.0722939670085907,0.4386812746524811,0.7762994766235352,-0.07780398428440094,0.47816789150238037,0.7546541690826416,-0.07955916225910187,0.30577772855758667,0.9352841377258301,-0.06091587617993355,0.39223161339759827,0.8620284795761108,-0.07861599326133728,0.4421388506889343,0.8235445022583008,-0.08366431295871735,0.47809433937072754,0.7942014932632446,-0.08546023815870285,0.3192557394504547,0.9910815954208374,-0.06995949894189835,0.3873579502105713,0.9479644894599915,-0.08436550945043564,0.4236070513725281,0.9125181436538696,-0.08863051980733871,0.451307475566864,0.8803974986076355,-0.08959726989269257
0.19966596364974976,1.0290987491607666,5.042180646341876e-07,0.21094265580177307,0.9410640001296997,0.002652604365721345,0.2530449628829956,0.86907559633255,-0.004719333257526159,0.29382672905921936,0.8230957984924316,-0.0125971008092165,0.3234505355358124,0.7823576927185059,-0.020088540390133858,0.28199657797813416,0.850836992263794,-0.036133985966444016,0.36720094084739685,0.7882962822914124,-0.05736576393246651,0.41891875863075256,0.7613319754600525,-0.06458935886621475,0.4571036100387573,0.7450730800628662,-0.06658140569925308,0.2952519655227661,0.8948938846588135,-0.0479460246860981,0.38605400919914246,0.8193570971488953,-0.06912772357463837,0.4422425627708435,0.7828046679496765,-0.07494498789310455,0.4846286177635193,0.7585829496383667,-0.07666168361902237,0.30917978286743164,0.9456601738929749,-0.057915810495615005,0.3935040831565857,0.875515878200531,-0.07524345070123672,0.4443141520023346,0.8349087834358215,-0.08101126551628113,0.4830496907234192,0.8025534152984619,-0.08295496553182602,0.32346364855766296,1.002469539642334,-0.0667455643415451,0.3891460597515106,0.9609426259994507,-0.08107103407382965,0.42533767223358154,0.9241830110549927,-0.08588828891515732,0.4540609121322632,0.8889498114585876,-0.08689110726118088
0.19112947583198547,1.0304920673370361,5.038446033722721e-07,0.2044912874698639,0.9465848803520203,-0.00444643571972847,0.2479313313961029,0.87617027759552,-0.013577359728515148,0.2899794578552246,0.8309131264686584,-0.02196953445672989,0.3208535611629486,0.7885192036628723,-0.02971307560801506,0.28474438190460205,0.8720915913581848,-0.03952660784125328,0.3667323887348175,0.8026641607284546,-0.06221203878521919,0.41847550868988037,0.7699373364448547,-0.07115320861339569,0.457261860370636,0.7484312057495117,-0.07444515079259872,0.3006855547428131,0.9160012602806091,-0.04866025224328041,0.3881756365299225,0.8375241756439209,-0.07060748338699341,0.44467976689338684,0.7971699833869934,-0.07804831117391586,0.4876159727573395,0.770320475101471,-0.08097302168607712,0.3143264055252075,0.9659505486488342,-0.056737665086984634,0.39564207196235657,0.8919408917427063,-0.07556919008493423,0.4476529359817505,0.8497375845909119,-0.08393240720033646,0.4879544973373413,0.8171510100364685,-0.08754489570856094,0.32648104429244995,1.02110755443573,-0.064288429915905,0.3883562982082367,0.980068027973175,-0.08178366720676422,0.42558035254478455,0.9433519244194031,-0.0894458070397377,0.4554523229598999,0.9092795848846436,-0.09217943996191025
0.1932726949453354,1.1274020671844482,2.9882559715588286e-07,0.18976518511772156,1.0463252067565918,-0.0239489134401083,0.2189415693283081,0.9760850667953491,-0.037900906056165695,0.26214244961738586,0.9198427796363831,-0.04669462889432907,0.29337188601493835,0.8634243011474609,-0.05395619198679924,0.2814318835735321,0.9728078246116638,-0.038452934473752975,0.3579450249671936,0.9067880511283875,-0.055496085435152054,0.4023757576942444,0.8682830929756165,-0.06375177949666977,0.4347672760486603,0.8384500741958618,-0.06706304848194122,0.3090660572052002,1.0136111974716187,-0.03338436409831047,0.3906209170818329,0.9443442225456238,-0.04731437936425209,0.43638402223587036,0.8983500003814697,-0.05257542058825493,0.4677049517631531,0.8617953658103943,-0.05508261173963547,0.3258790373802185,1.0487245321273804,-0.029495783150196075,0.4003181755542755,0.9867658019065857,-0.04060327634215355,0.44383978843688965,0.943221926689148,-0.04331062361598015,0.475176066160202,0.908450722694397,-0.04367710277438164,0.3366887867450714,1.0784677267074585,-0.026933791115880013,0.4003572463989258,1.035400152206421,-0.034951258450746536,0.4395841062068939,1.006372332572937,-0.03536757826805115,0.4688205122947693,0.9797685742378235,-0.03387831524014473
0.19626522064208984,1.1590543985366821,3.792107179378945e-07,0.19479480385780334,1.0782727003097534,-0.028377648442983627,0.21878187358379364,1.0025057792663574,-0.0466812327504158,0.26052936911582947,0.9443932771682739,-0.058829858899116516,0.2915135324001312,0.8903502821922302,-0.06993014365434647,0.27469325065612793,1.0107916593551636,-0.054099902510643005,0.34431523084640503,0.947250247001648,-0.07874646037817001,0.3890600800514221,0.9097967743873596,-0.09236644208431244,0.42626747488975525,0.8818168044090271,-0.09992329776287079,0.30588382482528687,1.0496858358383179,-0.049165766686201096,0.3845646381378174,0.9870827794075012,-0.07232540100812912,0.43634629249572754,0.9462447166442871,-0.08479564636945724,0.4767301082611084,0.9155104756355286,-0.09324575215578079,0.32521316409111023,1.0854779481887817,-0.04471725597977638,0.3947571814060211,1.025100588798523,-0.06289499998092651,0.44367560744285583,0.9820895791053772,-0.0725104883313179,0.4820399582386017,0.9474934339523315,-0.07825355976819992,0.33574968576431274,1.1149396896362305,-0.04156982898712158,0.3931373655796051,1.0698719024658203,-0.05596150830388069,0.4284680485725403,1.037292718887329,-0.06243155896663666,0.4554763436317444,1.0086560249328613,-0.06601303070783615
0.22469520568847656,1.1689704656600952,2.545835400269425e-07,0.2091284692287445,1.0942398309707642,-0.031728554517030716,0.22358141839504242,1.0143482685089111,-0.051219020038843155,0.2527216970920563,0.9608092308044434,-0.06557547301054001,0.28137102723121643,0.910729706287384,-0.07912737876176834,0.2904272675514221,1.0236234664916992,-0.04940338805317879,0.34786999225616455,0.9739450216293335,-0.07290659099817276,0.3846520185470581,0.942467212677002,-0.08835462480783463,0.41744256019592285,0.9162536263465881,-0.09841466695070267,0.3261076807975769,1.0647789239883423,-0.04549591243267059,0.385597825050354,1.0104464292526245,-0.06533067673444748,0.42383235692977905,0.968933641910553,-0.07831829786300659,0.4555216431617737,0.9344304203987122,-0.0888163149356842,0.3523499667644501,1.104642629623413,-0.043389029800891876,0.4121848940849304,1.054963231086731,-0.06248423829674721,0.4525054693222046,1.0133944749832153,-0.07240235060453415,0.48361581563949585,0.977379560470581,-0.07862590253353119,0.3722931742668152,1.143004298210144,-0.04318523779511452,0.4286767840385437,1.1035704612731934,-0.060573577880859375,0.46435850858688354,1.06814444065094,-0.06780354678630829,0.49151813983917236,1.033056616783142,-0.07181242853403091
0.23824438452720642,1.1286289691925049,5.243838359092479e-07,0.22253260016441345,1.0668445825576782,-0.05097922310233116,0.23749172687530518,1.0026731491088867,-0.07535985112190247,0.26054707169532776,0.9636438488960266,-0.09087962657213211,0.27842843532562256,0.9182813167572021,-0.10570236295461655,0.34237557649612427,1.0042906999588013,-0.053299788385629654,0.39030539989471436,0.9845662713050842,-0.07407252490520477,0.4234462082386017,0.9692504405975342,-0.09147629141807556,0.44948989152908325,0.9559034109115601,-0.10348106175661087,0.36433178186416626,1.05155611038208,-0.03867025300860405,0.4154149293899536,1.0482087135314941,-0.05569165199995041,0.4456416666507721,1.0376206636428833,-0.06902243942022324,0.4674312472343445,1.0281412601470947,-0.07937725633382797,0.36902740597724915,1.095805048942566,-0.02831507846713066,0.41521841287612915,1.1022415161132812,-0.04890410974621773,0.4445745050907135,1.0993444919586182,-0.05975594371557236,0.4678107500076294,1.0963914394378662,-0.06588384509086609,0.36510786414146423,1.1370633840560913,-0.021417586132884026,0.40376752614974976,1.1414707899093628,-0.04106052592396736,0.4301527142524719,1.1458572149276733,-0.047652389854192734,0.450564444065094,1.1476407051086426,-0.05051318183541298
0.137284055352211,1.0999562740325928,9.081199436877796e-07,0.10790969431400299,0.9905502200126648,-0.07124385237693787,0.12069901823997498,0.8870811462402344,-0.1333049088716507,0.16323482990264893,0.8084604144096375,-0.1748318374156952,0.20015397667884827,0.7184855937957764,-0.21675319969654083,0.1615058332681656,0.9255815744400024,-0.22677499055862427,0.27423539757728577,0.8427018523216248,-0.3009500801563263,0.3486226797103882,0.7837433815002441,-0.3325856328010559,0.4109160900115967,0.7475583553314209,-0.3492804169654846,0.214328795671463,0.9999106526374817,-0.21018338203430176,0.3338347375392914,0.9121512770652771,-0.29261165857315063,0.4235369563102722,0.8483210802078247,-0.32669562101364136,0.49013787508010864,0.8108707070350647,-0.35092806816101074,0.25958845019340515,1.0589410066604614,-0.18713146448135376,0.36811766028404236,0.9866649508476257,-0.25100454688072205,0.4473196268081665,0.9365633130073547,-0.2780650556087494,0.5049743056297302,0.9085580706596375,-0.29466477036476135,0.29642343521118164,1.0967446565628052,-0.16416141390800476,0.3854752480983734,1.0460704565048218,-0.21493732929229736,0.44836366176605225,1.0146057605743408,-0.24349698424339294,0.4954576790332794,0.985654890537262,-0.26317790150642395
0.08547565340995789,1.0801302194595337,1.2550258361443412e-06,0.07619957625865936,0.9717637300491333,-0.04625919461250305,0.10316567122936249,0.860117495059967,-0.08493678271770477,0.14488594233989716,0.7740055322647095,-0.11085143685340881,0.18216922879219055,0.6926999092102051,-0.1382761150598526,0.1338985562324524,0.8913043737411499,-0.1434600055217743,0.2606203258037567,0.8056937456130981,-0.19068917632102966,0.3427903950214386,0.7548208236694336,-0.2084997594356537,0.4079456329345703,0.7208814024925232,-0.2154647558927536,0.1757480502128601,0.9708212018013,-0.13761720061302185,0.31148761510849,0.8823733329772949,-0.18005341291427612,0.4052899479866028,0.8242056965827942,-0.1963777393102646,0.47537967562675476,0.7854623198509216,-0.20881086587905884,0.21219129860401154,1.0387638807296753,-0.12863589823246002,0.3382054269313812,0.9693350791931152,-0.16488678753376007,0.4255807399749756,0.9192845821380615,-0.18400755524635315,0.49161696434020996,0.8807888627052307,-0.19736893475055695,0.23961390554904938,1.0870566368103027,-0.11944092065095901,0.3409877121448517,1.0444544553756714,-0.15035073459148407,0.40737617015838623,1.0191062688827515,-0.16505840420722961,0.4588286876678467,0.9961699843406677,-0.17521201074123383
0.0855695903301239,1.0642534494400024,1.2398777471389621e-06,0.07892993092536926,0.9536516666412354,-0.04256176948547363,0.10551193356513977,0.8372418880462646,-0.08342903107404709,0.14381816983222961,0.7511824369430542,-0.11240338534116745,0.17398366332054138,0.6689248085021973,-0.14354273676872253,0.13183382153511047,0.8711943626403809,-0.14725202322006226,0.25444719195365906,0.7778222560882568,-0.19840314984321594,0.334689736366272,0.7257694005966187,-0.21969328820705414,0.3994519114494324,0.6897597312927246,-0.22887827455997467,0.1691485494375229,0.9561975598335266,-0.14580465853214264,0.30367404222488403,0.858062744140625,-0.19241930544376373,0.3994407057762146,0.7961045503616333,-0.21174657344818115,0.47284871339797974,0.7515960931777954,-0.22553102672100067,0.20188476145267487,1.0317906141281128,-0.14038105309009552,0.3291327655315399,0.9536543488502502,-0.18035905063152313,0.4179765284061432,0.8997425436973572,-0.200434148311615,0.4857414960861206,0.8572818040847778,-0.2132330983877182,0.22919629514217377,1.0877761840820312,-0.13407175242900848,0.33103907108306885,1.034411907196045,-0.16802816092967987,0.40145087242126465,1.0018385648727417,-0.18246793746948242,0.45837998390197754,0.9737858772277832,-0.19135606288909912
0.08975827693939209,1.0442423820495605,1.1457600521680433e-06,0.07903632521629333,0.9348759651184082,-0.03841714560985565,0.1023993194103241,0.820703387260437,-0.07357369363307953,0.14153432846069336,0.7340863943099976,-0.09813394397497177,0.17293930053710938,0.6539005041122437,-0.1238594725728035,0.14274205267429352,0.8474859595298767,-0.12234493345022202,0.2601001560688019,0.7533931136131287,-0.1648503839969635,0.33439314365386963,0.7033733129501343,-0.1819905787706375,0.3938642740249634,0.6695928573608398,-0.18867599964141846,0.18127185106277466,0.9272615313529968,-0.11936179548501968,0.3075511157512665,0.8312206268310547,-0.15619762241840363,0.3919309973716736,0.7722643613815308,-0.1706862598657608,0.45498374104499817,0.7308518886566162,-0.18118417263031006,0.21368318796157837,0.9986620545387268,-0.1135847195982933,0.3323737680912018,0.9202947616577148,-0.14438195526599884,0.4128633141517639,0.8632845878601074,-0.15930476784706116,0.4742104411125183,0.8182812333106995,-0.16929607093334198,0.23808933794498444,1.0531474351882935,-0.1074756309390068,0.3347628116607666,1.0022653341293335,-0.1348639875650406,0.40023332834243774,0.9670624732971191,-0.14585596323013306,0.45228272676467896,0.9344116449356079,-0.15227076411247253
0.10015130788087845,1.0273202657699585,1.000743168333429e-06,0.08264529705047607,0.9143484830856323,-0.03304474800825119,0.10683564841747284,0.7986910343170166,-0.06262975186109543,0.14802370965480804,0.710030198097229,-0.083631731569767,0.17539063096046448,0.6320710182189941,-0.10542688518762589,0.15639014542102814,0.8197270035743713,-0.09965620934963226,0.2633299231529236,0.7248001098632812,-0.1359540820121765,0.3302566409111023,0.6759268641471863,-0.15004023909568787,0.3821103870868683,0.6435742378234863,-0.15529996156692505,0.19801822304725647,0.8904820680618286,-0.09939832240343094,0.3180793225765228,0.7860802412033081,-0.13051453232765198,0.3948156535625458,0.7237933278083801,-0.1446300595998764,0.4518387019634247,0.6816343665122986,-0.15451961755752563,0.230397030711174,0.9558164477348328,-0.0971883237361908,0.34364938735961914,0.8663032650947571,-0.12454015016555786,0.4178295135498047,0.805992841720581,-0.14064885675907135,0.47462186217308044,0.7593389749526978,-0.15144602954387665,0.2535494565963745,1.010444164276123,-0.0944940447807312,0.3439527153968811,0.9546178579330444,-0.11948075890541077,0.4025995135307312,0.9125809669494629,-0.1304861456155777,0.44902241230010986,0.8733198046684265,-0.13688816130161285
0.11753907799720764,0.9865726828575134,9.036280630425608e-07,0.09307171404361725,0.8666298389434814,-0.028537718579173088,0.10937933623790741,0.7485687136650085,-0.05177481099963188,0.1482653021812439,0.6625254154205322,-0.0678020715713501,0.1744183599948883,0.5930114984512329,-0.08371558785438538,0.17483766376972198,0.7769033908843994,-0.079037606716156,0.2710596024990082,0.6828986406326294,-0.10636578500270844,0.3314564824104309,0.6319459676742554,-0.11616776883602142,0.37722885608673096,0.5974091291427612,-0.11898090690374374,0.21933072805404663,0.8443465232849121,-0.07839968055486679,0.32369494438171387,0.7364689111709595,-0.10048051178455353,0.38947364687919617,0.6704937815666199,-0.11029539257287979,0.4389767050743103,0.627119243144989,-0.11704928427934647,0.2545345723628998,0.9073579907417297,-0.0763639584183693,0.35067278146743774,0.8112491369247437,-0.09599345922470093,0.4136698842048645,0.746644139289856,-0.10852035135030746,0.461323082447052,0.7013707756996155,-0.11684910953044891,0.28062763810157776,0.961978554725647,-0.07428865134716034,0.356415331363678,0.8993891477584839,-0.09260646253824234,0.40496569871902466,0.8549110293388367,-0.09971239417791367,0.4445410966873169,0.8186010122299194,-0.10290588438510895
0.12625452876091003,0.9432933926582336,8.941015607888403e-07,0.10108168423175812,0.8231174349784851,-0.020468859001994133,0.11813817918300629,0.7085590362548828,-0.04299864545464516,0.15594305098056793,0.6198947429656982,-0.05962439998984337,0.18273839354515076,0.5422042012214661,-0.07672620564699173,0.18396493792533875,0.7096309661865234,-0.07563209533691406,0.281861275434494,0.6116198897361755,-0.10144837945699692,0.34017258882522583,0.5653784871101379,-0.10852901637554169,0.38326188921928406,0.536484956741333,-0.10901419073343277,0.2273823618888855,0.775252103805542,-0.07781283557415009,0.33007121086120605,0.6618728637695312,-0.10061388462781906,0.3924833834171295,0.6007966995239258,-0.1083127111196518,0.43725383281707764,0.562384843826294,-0.11217638850212097,0.26340436935424805,0.8406093716621399,-0.07770594954490662,0.35679012537002563,0.7332137823104858,-0.09757356345653534,0.4164588153362274,0.6745305061340332,-0.10694748163223267,0.4607609510421753,0.6350975632667542,-0.11232733726501465,0.29113101959228516,0.9002301096916199,-0.07660110294818878,0.36516910791397095,0.8237090706825256,-0.09492916613817215,0.4108933210372925,0.7809128165245056,-0.09941571950912476,0.44818148016929626,0.7477848529815674,-0.09966274350881577
0.1429385244846344,0.9154176712036133,9.007917469716631e-07,0.11812946945428848,0.7945722341537476,-0.01425374485552311,0.13450507819652557,0.6796465516090393,-0.03492320328950882,0.1712006777524948,0.5948193073272705,-0.05157032981514931,0.19706672430038452,0.5152210593223572,-0.06948205828666687,0.20345458388328552,0.6635758280754089,-0.07407373934984207,0.2997271418571472,0.5612736940383911,-0.10643339902162552,0.35906296968460083,0.5107513666152954,-0.1193794459104538,0.40623748302459717,0.477007120847702,-0.12364056706428528,0.24454250931739807,0.7244042754173279,-0.08111987262964249,0.34473252296447754,0.609910249710083,-0.10823137313127518,0.4098861813545227,0.5484776496887207,-0.11832538992166519,0.4591778516769409,0.5092017650604248,-0.1239200085401535,0.27772924304008484,0.7890607714653015,-0.08596079796552658,0.36766523122787476,0.684079647064209,-0.10895424336194992,0.42613375186920166,0.6242371201515198,-0.11970856785774231,0.4703678488731384,0.5819171667098999,-0.12586748600006104,0.3033158481121063,0.8529322147369385,-0.08970697224140167,0.37432652711868286,0.7791117429733276,-0.11060867458581924,0.4192143678665161,0.7316736578941345,-0.11734026670455933,0.4571811556816101,0.6912999153137207,-0.11920047551393509
0.15410345792770386,0.8910684585571289,8.176392611858319e-07,0.1352887749671936,0.770288348197937,-0.01178512442857027,0.15087199211120605,0.6594191789627075,-0.030623454600572586,0.18231543898582458,0.5795270800590515,-0.04706886038184166,0.21163395047187805,0.5083580017089844,-0.06435104459524155,0.2246277779340744,0.6367702484130859,-0.06213964894413948,0.3192441165447235,0.5365755558013916,-0.09134409576654434,0.3772924840450287,0.48575881123542786,-0.10364042967557907,0.42234006524086,0.45139744877815247,-0.10804686695337296,0.2607746720314026,0.6902010440826416,-0.07044624537229538,0.35885095596313477,0.5785930156707764,-0.09397084265947342,0.42066583037376404,0.5208594799041748,-0.1016228199005127,0.46649259328842163,0.4835255742073059,-0.1055210530757904,0.2902276813983917,0.753194272518158,-0.07718607783317566,0.37763404846191406,0.6467803716659546,-0.09671933203935623,0.43417224287986755,0.5886793732643127,-0.10381655395030975,0.4757314622402191,0.5464271306991577,-0.10788816958665848,0.3133677840232849,0.8198542594909668,-0.08341802656650543,0.3824602961540222,0.745486319065094,-0.1004161462187767,0.42489978671073914,0.7017414569854736,-0.10373386740684509,0.45880523324012756,0.6643790602684021,-0.10351913422346115
0.16630539298057556,0.8560949563980103,6.948135364837071e-07,0.14812371134757996,0.7375764846801758,-0.006369678769260645,0.17015962302684784,0.6314156651496887,-0.01805969700217247,0.20698752999305725,0.556685745716095,-0.028720280155539513,0.23196591436862946,0.49025142192840576,-0.03977810591459274,0.2492419183254242,0.5998831391334534,-0.03920441493391991,0.33796799182891846,0.5091244578361511,-0.06037287786602974,0.3923012614250183,0.46306484937667847,-0.07014723122119904,0.43473178148269653,0.4324815273284912,-0.0739670991897583,0.2844597399234772,0.6503192782402039,-0.047449953854084015,0.37362414598464966,0.5464892387390137,-0.06266512721776962,0.4309966564178467,0.49403440952301025,-0.0680869072675705,0.4750087261199951,0.4609087407588959,-0.07096660882234573,0.3103581666946411,0.7106775641441345,-0.05482425168156624,0.3903310000896454,0.6102245450019836,-0.06768307089805603,0.4434787631034851,0.557830810546875,-0.07274848967790604,0.48453035950660706,0.5202097296714783,-0.07603681087493896,0.3286343514919281,0.7763363718986511,-0.06192648410797119,0.3912717401981354,0.708878219127655,-0.07291118800640106,0.43006432056427,0.6661201119422913,-0.0742560401558876,0.4624592363834381,0.62839275598526,-0.07325412333011627
0.1730324625968933,0.8274676203727722,6.899601885379525e-07,0.16021379828453064,0.7123365998268127,-0.005242882762104273,0.18221084773540497,0.6084817051887512,-0.01799759641289711,0.21608945727348328,0.5380282402038574,-0.030652537941932678,0.24400466680526733,0.4736189842224121,-0.04329744353890419,0.2571323812007904,0.5704302787780762,-0.03564644604921341,0.3464895486831665,0.4831399917602539,-0.05766431614756584,0.3993312120437622,0.4428766965866089,-0.06786662340164185,0.4401240348815918,0.41497910022735596,-0.07210264354944229,0.2874617278575897,0.6155605316162109,-0.0464039221405983,0.38164979219436646,0.5177774429321289,-0.06329551339149475,0.43960100412368774,0.470211386680603,-0.07068677246570587,0.48384714126586914,0.43763476610183716,-0.07498019933700562,0.3103630244731903,0.6743692755699158,-0.05678471550345421,0.39676088094711304,0.5809730291366577,-0.07162301987409592,0.45140641927719116,0.5343471169471741,-0.07929839193820953,0.49383091926574707,0.49768245220184326,-0.0843784436583519,0.328371524810791,0.7412965297698975,-0.0668310895562172,0.39650848507881165,0.6776703596115112,-0.07962849736213684,0.4380524158477783,0.6382313966751099,-0.08313574641942978,0.4742579460144043,0.6020255088806152,-0.08393019437789917
0.1856527179479599,0.8148171901702881,6.010413926560432e-07,0.1753591001033783,0.7011808156967163,0.00034698343370109797,0.19797314703464508,0.5987711548805237,-0.007507713511586189,0.2338612675666809,0.5288112163543701,-0.015571902506053448,0.2599315345287323,0.46658316254615784,-0.023180408403277397,0.27326884865760803,0.5653294324874878,-0.029591675847768784,0.3645032048225403,0.4804103374481201,-0.04673969745635986,0.41700270771980286,0.44443535804748535,-0.052945736795663834,0.4561787545681,0.4224001169204712,-0.054249245673418045,0.3026507496833801,0.6109277606010437,-0.04000914841890335,0.39462658762931824,0.5139712691307068,-0.05236944556236267,0.4508950710296631,0.4706791043281555,-0.05440078303217888,0.49231553077697754,0.4449215531349182,-0.05460543558001518,0.32401135563850403,0.6688926219940186,-0.049447424709796906,0.40756094455718994,0.5769609212875366,-0.05918058007955551,0.46036478877067566,0.53244948387146,-0.06094599887728691,0.4991587996482849,0.5006033778190613,-0.06176413968205452,0.33994704484939575,0.7347967624664307,-0.05840565636754036,0.4069381356239319,0.6725053787231445,-0.06582166999578476,0.44773244857788086,0.6338187456130981,-0.0648287981748581,0.48019295930862427,0.6009177565574646,-0.06232078745961189
0.19417551159858704,0.819088876247406,5.029398266742646e-07,0.1873747706413269,0.7063448429107666,0.0006337787490338087,0.2117648422718048,0.6053352952003479,-0.004890859592705965,0.24462547898292542,0.5359683036804199,-0.010843900963664055,0.2687462866306305,0.4765647053718567,-0.01599419116973877,0.28782564401626587,0.5731441378593445,-0.021727759391069412,0.3743259310722351,0.49085724353790283,-0.03715009614825249,0.424201637506485,0.45265674591064453,-0.04285405948758125,0.46125543117523193,0.4291974902153015,-0.04410228505730629,0.31517890095710754,0.6158987879753113,-0.0317959189414978,0.4032708406448364,0.5222579836845398,-0.04310726746916771,0.4574035406112671,0.47957125306129456,-0.04489815980195999,0.4973958730697632,0.45468831062316895,-0.04470016434788704,0.3346089720726013,0.6713080406188965,-0.04146290570497513,0.415329247713089,0.5819887518882751,-0.05117786303162575,0.4669085144996643,0.539126455783844,-0.053156375885009766,0.5050956010818481,0.5091372728347778,-0.05372055247426033,0.3490830361843109,0.7366620898246765,-0.05076214298605919,0.4147559702396393,0.6746219396591187,-0.058085471391677856,0.4534544348716736,0.638353705406189,-0.056877702474594116,0.48383936285972595,0.6083614230155945,-0.05410825088620186
0.1968214213848114,0.8137848973274231,5.223804464549175e-07,0.19124746322631836,0.7039312124252319,0.003086345735937357,0.21869254112243652,0.6048891544342041,-0.002397925825789571,0.25285604596138,0.537061870098114,-0.009098888374865055,0.2773793339729309,0.4792008399963379,-0.01545657031238079,0.29044309258461,0.5704643130302429,-0.021335681900382042,0.37668082118034363,0.4904140532016754,-0.03687646985054016,0.4263647496700287,0.45528414845466614,-0.04250553622841835,0.46353763341903687,0.433491587638855,-0.04379360005259514,0.3151267468929291,0.6110948324203491,-0.033473752439022064,0.4062776565551758,0.5208413004875183,-0.04482210427522659,0.46086573600769043,0.4801952540874481,-0.04656399413943291,0.5014551281929016,0.4561440944671631,-0.04647526890039444,0.33322596549987793,0.6662887334823608,-0.04500412940979004,0.41788583993911743,0.5799430012702942,-0.05410005897283554,0.4692997336387634,0.5390917658805847,-0.05551514774560928,0.5077142119407654,0.510133683681488,-0.056097447872161865,0.3474271297454834,0.7319530844688416,-0.056092213839292526,0.4152850806713104,0.6730591654777527,-0.0626186728477478,0.4553443491458893,0.6362918019294739,-0.06114853546023369,0.4879053235054016,0.6047810316085815,-0.0586085245013237
0.20118775963783264,0.7987372279167175,5.64265917546436e-07,0.1938181221485138,0.6899620890617371,-0.0003237162600271404,0.22083869576454163,0.5948730707168579,-0.007109751924872398,0.2554374039173126,0.5297878980636597,-0.014157549478113651,0.2793745994567871,0.4721764624118805,-0.020550740882754326,0.2930032014846802,0.556751012802124,-0.022737938910722733,0.3789820671081543,0.4818372130393982,-0.03789730742573738,0.42816361784935,0.4493740200996399,-0.04380987584590912,0.4651966691017151,0.4292691946029663,-0.04511166363954544,0.3194715082645416,0.5991573333740234,-0.032436348497867584,0.4101710021495819,0.5117200016975403,-0.042959146201610565,0.4635777473449707,0.4732328951358795,-0.04463881626725197,0.5036153793334961,0.44924139976501465,-0.04443534091114998,0.3383982479572296,0.6546107530593872,-0.04167821630835533,0.4218289256095886,0.5700061917304993,-0.050441477447748184,0.4725199341773987,0.5323728919029236,-0.05145644024014473,0.5100657343864441,0.5051318407058716,-0.051591016352176666,0.3518959879875183,0.7187923192977905,-0.05067267268896103,0.418662428855896,0.6620801687240601,-0.056062355637550354,0.45763635635375977,0.6287248730659485,-0.05338354781270027,0.4883522689342499,0.5999770760536194,-0.04988405853509903
0.2015754133462906,0.8019095063209534,5.36634388481616e-07,0.19425305724143982,0.6926712989807129,0.0011964072473347187,0.22133232653141022,0.5947386026382446,-0.0046944874338805676,0.25563862919807434,0.5279492139816284,-0.0114973159506917,0.2796795964241028,0.46953481435775757,-0.017758112400770187,0.2925112247467041,0.5573595762252808,-0.020617090165615082,0.3778790533542633,0.48054566979408264,-0.0372120626270771,0.4276415705680847,0.4460858702659607,-0.04414260759949684,0.46468406915664673,0.4246203303337097,-0.046240247786045074,0.3181952238082886,0.5987728238105774,-0.03210433945059776,0.4087531864643097,0.5113422274589539,-0.04494931548833847,0.4635397791862488,0.47145432233810425,-0.04819490388035774,0.5045563578605652,0.44655483961105347,-0.04894421994686127,0.3372085392475128,0.6536024808883667,-0.04332717880606651,0.42035555839538574,0.5701460242271423,-0.054030053317546844,0.4721193313598633,0.5318602323532104,-0.05633000656962395,0.5108768343925476,0.5041911005973816,-0.05712088569998741,0.35142266750335693,0.7178674936294556,-0.054226089268922806,0.4184717535972595,0.661442220211029,-0.06134745478630066,0.4577503204345703,0.6268624663352966,-0.05985981598496437,0.4895123541355133,0.5972292423248291,-0.05717821046710014
0.19982096552848816,0.8154909014701843,4.945439400216856e-07,0.1948227733373642,0.7032628059387207,0.0029512422624975443,0.22104638814926147,0.6025930643081665,-0.002484906930476427,0.2552143931388855,0.5346764326095581,-0.009326464496552944,0.28304141759872437,0.47913843393325806,-0.015776118263602257,0.2904869616031647,0.5720953941345215,-0.018585214391350746,0.3744267225265503,0.49427929520606995,-0.03477250412106514,0.42301246523857117,0.45730382204055786,-0.041964828968048096,0.4592225253582001,0.4338611364364624,-0.04470080882310867,0.3163028955459595,0.6134259700775146,-0.03129709139466286,0.4056423008441925,0.5225784778594971,-0.0435275062918663,0.460083544254303,0.4790987968444824,-0.047289177775382996,0.5006659626960754,0.45217078924179077,-0.048815593123435974,0.3353758454322815,0.6681398749351501,-0.043671391904354095,0.4186590015888214,0.5789520144462585,-0.054585035890340805,0.4707058370113373,0.536055326461792,-0.05794653296470642,0.5097691416740417,0.5048016309738159,-0.059874821454286575,0.35025620460510254,0.7337005138397217,-0.05548866465687752,0.41642627120018005,0.6751542091369629,-0.06442271173000336,0.4547116756439209,0.6384156942367554,-0.06439749896526337,0.4854711592197418,0.6064266562461853,-0.06282564997673035
0.1998116672039032,0.8109159469604492,5.199876795813907e-07,0.19392746686935425,0.700694739818573,0.003732180455699563,0.22116747498512268,0.6041818857192993,-0.0008904745918698609,0.2555140256881714,0.5385058522224426,-0.006613863632082939,0.2805140018463135,0.48387157917022705,-0.011993157677352428,0.29275479912757874,0.5666099786758423,-0.01887858659029007,0.37754112482070923,0.4923488199710846,-0.03341260924935341,0.42615002393722534,0.4582782983779907,-0.03895285725593567,0.46258753538131714,0.4369339346885681,-0.04032937064766884,0.31803998351097107,0.6092289686203003,-0.030683420598506927,0.40787631273269653,0.522757351398468,-0.041805461049079895,0.4613398015499115,0.48257869482040405,-0.04351881891489029,0.501381516456604,0.45763257145881653,-0.043236859142780304,0.3363347053527832,0.665015697479248,-0.041828930377960205,0.42014992237091064,0.5806097388267517,-0.051213499158620834,0.47081559896469116,0.5409466028213501,-0.052115991711616516,0.5086332559585571,0.51202392578125,-0.05194317549467087,0.3496805727481842,0.7303314805030823,-0.0523928627371788,0.4166073799133301,0.6716157793998718,-0.05893351510167122,0.45540350675582886,0.6353108286857605,-0.056815553456544876,0.4865930676460266,0.6039621829986572,-0.05356753244996071
0.2025464028120041,0.8001238107681274,5.479829496835009e-07,0.1945946216583252,0.6907055377960205,-0.000843215617351234,0.22098173201084137,0.5951464772224426,-0.00785729382187128,0.25492292642593384,0.5296152830123901,-0.014893664978444576,0.2798529267311096,0.4729129672050476,-0.021246563643217087,0.2936500906944275,0.5608134865760803,-0.023924274370074272,0.3783550262451172,0.4858412742614746,-0.039525680243968964,0.4272470474243164,0.45185595750808716,-0.0456865057349205,0.46383827924728394,0.4305548071861267,-0.04704206436872482,0.320072203874588,0.6041883230209351,-0.03301671892404556,0.40947744250297546,0.5164414644241333,-0.04460424184799194,0.46238309144973755,0.4753512740135193,-0.04654056578874588,0.5019623637199402,0.4493021070957184,-0.04616032540798187,0.33933860063552856,0.6594973802566528,-0.04155174270272255,0.4215083420276642,0.5740439295768738,-0.050860486924648285,0.4714908003807068,0.5328011512756348,-0.051672130823135376,0.5086421370506287,0.5025704503059387,-0.05132972076535225,0.35286056995391846,0.7230435609817505,-0.04980338364839554,0.4179128110408783,0.6650073528289795,-0.05563909187912941,0.45602333545684814,0.6279245615005493,-0.05297209694981575,0.4861959218978882,0.5959257483482361,-0.04920162633061409
0.20094342529773712,0.80449378490448,5.467306891659973e-07,0.1932801753282547,0.694000244140625,0.0005881685065105557,0.22055202722549438,0.5953975319862366,-0.005580011289566755,0.2547181248664856,0.527783989906311,-0.012165297754108906,0.2798200249671936,0.46908628940582275,-0.018070317804813385,0.29088258743286133,0.5611553192138672,-0.023090938106179237,0.3773246705532074,0.483161985874176,-0.039332758635282516,0.4274527430534363,0.4477684497833252,-0.04547671601176262,0.46457380056381226,0.4250774383544922,-0.04677383974194527,0.3168831467628479,0.6043062806129456,-0.033410098403692245,0.4077317714691162,0.5154086351394653,-0.046019721776247025,0.46205928921699524,0.4732058644294739,-0.04863794520497322,0.5025458931922913,0.44595324993133545,-0.048715706914663315,0.33612340688705444,0.659790575504303,-0.043172042816877365,0.41985276341438293,0.57448810338974,-0.05359971150755882,0.4714723229408264,0.5332114100456238,-0.055582139641046524,0.5097565650939941,0.5028343796730042,-0.05586094409227371,0.3500024080276489,0.7236334085464478,-0.052480973303318024,0.417334645986557,0.6655953526496887,-0.05937327444553375,0.45662516355514526,0.6287471652030945,-0.05776562914252281,0.48772937059402466,0.5968470573425293,-0.0547143928706646
0.19866299629211426,0.8189405798912048,5.080095775156224e-07,0.1924680769443512,0.7061710357666016,0.0011916127987205982,0.2183879315853119,0.602727472782135,-0.00559615483507514,0.25285154581069946,0.5327282547950745,-0.013583555817604065,0.2786051332950592,0.47417744994163513,-0.021290723234415054,0.2896353006362915,0.5724402666091919,-0.021511320024728775,0.3745517432689667,0.49384647607803345,-0.03838904947042465,0.4236636161804199,0.4562993049621582,-0.04605835676193237,0.4599021077156067,0.43219929933547974,-0.04908052831888199,0.31515198945999146,0.6155133843421936,-0.03415607288479805,0.40535032749176025,0.5248376131057739,-0.04685183987021446,0.4596658945083618,0.4806683659553528,-0.05109529569745064,0.49989789724349976,0.452578067779541,-0.053030677139759064,0.33426782488822937,0.6716334819793701,-0.04647035524249077,0.41931283473968506,0.581674337387085,-0.057827550917863846,0.4712195098400116,0.5388625264167786,-0.06129016354680061,0.5098839998245239,0.5077633857727051,-0.06329740583896637,0.3497808873653412,0.7378266453742981,-0.05833250284194946,0.4172115921974182,0.6765581965446472,-0.0676785558462143,0.456077516078949,0.6400423645973206,-0.06749024987220764,0.48689550161361694,0.6085960865020752,-0.06573715806007385
0.19771239161491394,0.8258131742477417,5.472599013955914e-07,0.1900794804096222,0.7124305963516235,0.0005573780508711934,0.21587786078453064,0.6112263202667236,-0.006484085228294134,0.2519015967845917,0.5421438813209534,-0.014050988480448723,0.2785802483558655,0.4844224452972412,-0.021101487800478935,0.2919653654098511,0.579165518283844,-0.024695413187146187,0.3798659145832062,0.49997687339782715,-0.04126162454485893,0.4301910400390625,0.465091347694397,-0.047769177705049515,0.4677121043205261,0.4444371461868286,-0.04960266500711441,0.31852418184280396,0.6249623894691467,-0.03559443727135658,0.40929269790649414,0.532200813293457,-0.047804899513721466,0.46539801359176636,0.4908979535102844,-0.0500715933740139,0.5070658922195435,0.46762335300445557,-0.05016934126615524,0.33732372522354126,0.6835288405418396,-0.0459037721157074,0.42091748118400574,0.5915068984031677,-0.05674212798476219,0.47379010915756226,0.5495857000350952,-0.05898408219218254,0.5130746364593506,0.5206027626991272,-0.059669118374586105,0.3518338203430176,0.7516992092132568,-0.055645979940891266,0.4181579053401947,0.6890463829040527,-0.06431925296783447,0.4564734697341919,0.6516129970550537,-0.06334621459245682,0.48627421259880066,0.6201414465904236,-0.06056790426373482
0.19281670451164246,0.8422064781188965,5.674920657838811e-07,0.18561707437038422,0.7208227515220642,-0.0029764589853584766,0.21454738080501556,0.614372730255127,-0.01216503418982029,0.25091978907585144,0.5414835214614868,-0.021212810650467873,0.27654892206192017,0.47748416662216187,-0.02976740151643753,0.28849175572395325,0.5919451713562012,-0.031031329184770584,0.37782955169677734,0.5096050500869751,-0.05023838207125664,0.43042466044425964,0.4704310894012451,-0.05828791484236717,0.4698939919471741,0.44459816813468933,-0.06097189337015152,0.3170916438102722,0.6418080925941467,-0.041247230023145676,0.4094313085079193,0.5460538864135742,-0.056320834904909134,0.4668765664100647,0.499646931886673,-0.060647543519735336,0.5096606612205505,0.4699241518974304,-0.062155913561582565,0.33777332305908203,0.7016957998275757,-0.05090576782822609,0.4236852526664734,0.6079753637313843,-0.06419594585895538,0.47730201482772827,0.5608136653900146,-0.06827791780233383,0.5162971019744873,0.5257560610771179,-0.07006771117448807,0.35331809520721436,0.7689798474311829,-0.0601605661213398,0.4219686985015869,0.7053061127662659,-0.07101208716630936,0.46177080273628235,0.6646022200584412,-0.07174637913703918,0.49221283197402954,0.6286289691925049,-0.07006888091564178
0.19255997240543365,0.8676750063896179,5.710173809347907e-07,0.1788245588541031,0.7390566468238831,-0.0064975805580616,0.2053733468055725,0.6288747191429138,-0.016849173232913017,0.24448055028915405,0.5533818602561951,-0.025366172194480896,0.2698349356651306,0.48702722787857056,-0.03368718549609184,0.2856318950653076,0.612891674041748,-0.0415174663066864,0.37502333521842957,0.5259866714477539,-0.06224476918578148,0.42887741327285767,0.48247307538986206,-0.07124223560094833,0.4700143337249756,0.4540533721446991,-0.07411720603704453,0.31937864422798157,0.6709031462669373,-0.049057748168706894,0.4114217460155487,0.5677368640899658,-0.06332295387983322,0.4704487919807434,0.5133364796638489,-0.06767106056213379,0.5153059959411621,0.47940078377723694,-0.06952109187841415,0.34158623218536377,0.7345575094223022,-0.05543775483965874,0.4245058298110962,0.6337562203407288,-0.06849556416273117,0.4793767035007477,0.5800420641899109,-0.07405202835798264,0.520196795463562,0.5421499609947205,-0.07707300782203674,0.355855256319046,0.8003746271133423,-0.061241649091243744,0.42055830359458923,0.7336724996566772,-0.07213035225868225,0.4580502510070801,0.6912487745285034,-0.07303360104560852,0.48630690574645996,0.6550914645195007,-0.0714498832821846
0.18332339823246002,0.9154942035675049,4.7628125798837573e-07,0.16641458868980408,0.7817614674568176,-0.011761697940528393,0.19175048172473907,0.6653756499290466,-0.022617356851696968,0.23360539972782135,0.5804476737976074,-0.030749641358852386,0.2622447609901428,0.5122461318969727,-0.038898125290870667,0.2781633734703064,0.6715622544288635,-0.039701588451862335,0.3674672245979309,0.5784434676170349,-0.059708189219236374,0.4207060933113098,0.5273436307907104,-0.07024946808815002,0.4615902304649353,0.48954057693481445,-0.07491140067577362,0.31893572211265564,0.7308211326599121,-0.04429250955581665,0.41000431776046753,0.6240314245223999,-0.05747091770172119,0.46594661474227905,0.5586647987365723,-0.06469596177339554,0.5079640746116638,0.5130276083946228,-0.06961100548505783,0.34642550349235535,0.7904099225997925,-0.048140641301870346,0.42384403944015503,0.6880811452865601,-0.05812885984778404,0.4733807444572449,0.6228774785995483,-0.06347513943910599,0.5105248689651489,0.5760576725006104,-0.06770659983158112,0.36289823055267334,0.8470321893692017,-0.05232607200741768,0.4228817820549011,0.7798798084259033,-0.06175963208079338,0.4604406952857971,0.7342051267623901,-0.06268277764320374,0.49130064249038696,0.6962900757789612,-0.061645667999982834
0.1670435518026352,0.9616028070449829,5.453589437820483e-07,0.14717932045459747,0.8318122625350952,-0.019891507923603058,0.16889835894107819,0.7175195217132568,-0.040875066071748734,0.20969557762145996,0.6280583739280701,-0.05651161074638367,0.2421184629201889,0.5531684756278992,-0.07153825461864471,0.24598373472690582,0.7294248938560486,-0.07049784809350967,0.3536655902862549,0.6322006583213806,-0.09635472297668457,0.4118226170539856,0.5792415142059326,-0.10496317595243454,0.45375698804855347,0.5409995913505554,-0.10613629221916199,0.28971347212791443,0.797691822052002,-0.07144473493099213,0.3977852463722229,0.6833250522613525,-0.09118865430355072,0.4524202346801758,0.6152555346488953,-0.0937269851565361,0.4892776608467102,0.5687567591667175,-0.0936601385474205,0.32061198353767395,0.8619604110717773,-0.07046444714069366,0.41507434844970703,0.7564241886138916,-0.08350491523742676,0.4654213786125183,0.6876164078712463,-0.08248962461948395,0.5001122355461121,0.6391986012458801,-0.08090300858020782,0.33944159746170044,0.917740523815155,-0.06973608583211899,0.41127723455429077,0.845894992351532,-0.0791272222995758,0.45305335521698,0.7947185635566711,-0.0757555440068245,0.48390379548072815,0.7517532706260681,-0.07056725770235062
