0.6267250180244446,0.6980676651000977,-8.112732707843406e-09,0.6058685183525085,0.6411545872688293,-0.00728343240916729,0.5712630152702332,0.5888011455535889,-0.017600633203983307,0.5469048619270325,0.5492503046989441,-0.02727426402270794,0.5355679988861084,0.5173218846321106,-0.037066902965307236,0.5724487900733948,0.6203306913375854,-0.03361772745847702,0.5272013545036316,0.6037339568138123,-0.05117801949381828,0.5272583961486816,0.6064454317092896,-0.059224724769592285,0.540646493434906,0.6119523048400879,-0.06207025796175003,0.5707107782363892,0.6689287424087524,-0.036259762942790985,0.5209106206893921,0.663728654384613,-0.04862961173057556,0.529837429523468,0.6612467765808105,-0.048817314207553864,0.54845130443573,0.662206768989563,-0.04905964806675911,0.5713352560997009,0.7130436301231384,-0.0384133979678154,0.5252220630645752,0.7092877626419067,-0.046444762498140335,0.53568035364151,0.7053359746932983,-0.0385286845266819,0.5530645847320557,0.705817699432373,-0.03348221257328987,0.5738807320594788,0.7513224482536316,-0.04087895154953003,0.5381567478179932,0.7503453493118286,-0.043279703706502914,0.545789361000061,0.745599091053009,-0.03487488254904747,0.5591380596160889,0.7440999746322632,-0.029224926605820656
0.6238137483596802,0.702031672000885,9.478217322111959e-08,0.5972987413406372,0.6468187570571899,-0.002955511212348938,0.558046817779541,0.6047706007957458,-0.008922616951167583,0.5280817151069641,0.5945963859558105,-0.014542716555297375,0.5145117044448853,0.6169975399971008,-0.021897153928875923,0.5596482157707214,0.6106882691383362,-0.022311462089419365,0.5332463383674622,0.5793381929397583,-0.032782867550849915,0.5272431969642639,0.5718128085136414,-0.03812005743384361,0.5300149917602539,0.5676594376564026,-0.04145331308245659,0.5567850470542908,0.6566032767295837,-0.02670314535498619,0.5162280201911926,0.6577536463737488,-0.03636009991168976,0.5251363515853882,0.661619246006012,-0.03657659515738487,0.5416948199272156,0.6636294722557068,-0.0367986299097538,0.558085560798645,0.704682469367981,-0.03008975088596344,0.5184528231620789,0.7063427567481995,-0.03876917064189911,0.529014527797699,0.7071004509925842,-0.03195760399103165,0.5446894764900208,0.7078484296798706,-0.02702035941183567,0.5620915293693542,0.7481410503387451,-0.03292374312877655,0.5327339768409729,0.7504897117614746,-0.0386057011783123,0.5422283411026001,0.7480407357215881,-0.031113486737012863,0.555223286151886,0.7465704679489136,-0.024906586855649948
0.5903661847114563,0.7306094169616699,1.3535341736314876e-07,0.5632409453392029,0.6647891998291016,-0.0006271752645261586,0.5320897698402405,0.6242917776107788,0.0009145705844275653,0.5082767009735107,0.6098189353942871,0.0016626077704131603,0.4970175623893738,0.6262823939323425,0.0015609607798978686,0.5313054323196411,0.631148099899292,0.007027364801615477,0.520037055015564,0.5943240523338318,0.003897023154422641,0.5162403583526611,0.5883923768997192,-0.0007455842569470406,0.5185043215751648,0.5862224102020264,-0.0041279904544353485,0.5234745144844055,0.6695827841758728,0.006224870216101408,0.5110245943069458,0.6505271196365356,0.003556389594450593,0.5164666771888733,0.658297061920166,-0.0008274212596006691,0.5262889862060547,0.6686551570892334,-0.003718761494383216,0.5216017365455627,0.7089493870735168,0.005197803024202585,0.5064306259155273,0.6921942234039307,0.003106887685135007,0.5147350430488586,0.6972512006759644,0.004618855658918619,0.5263097882270813,0.7052539587020874,0.005956253036856651,0.5243690013885498,0.7443078756332397,0.004318869672715664,0.5121870040893555,0.7277582287788391,0.002992398338392377,0.5203865170478821,0.7286470532417297,0.007275732234120369,0.5304523706436157,0.7327324151992798,0.011561648920178413
0.5779902935028076,0.7198045253753662,-2.2739443661379255e-09,0.5572341680526733,0.6628859043121338,-0.0016191686736419797,0.5280448794364929,0.6251823902130127,-0.004075121134519577,0.5065369606018066,0.6099218130111694,-0.007149079814553261,0.4949284791946411,0.6210452318191528,-0.010930698364973068,0.5234874486923218,0.6322041153907776,-0.007946671918034554,0.5098840594291687,0.6008535623550415,-0.019268028438091278,0.5086637735366821,0.6118142008781433,-0.02597251906991005,0.5175524353981018,0.6306045651435852,-0.029056524857878685,0.5193712115287781,0.6701594591140747,-0.011406547389924526,0.5039091110229492,0.6632275581359863,-0.017735246568918228,0.5115957260131836,0.6729466319084167,-0.019118137657642365,0.5247311592102051,0.6798431277275085,-0.020814375951886177,0.5216197371482849,0.7101050019264221,-0.015418974682688713,0.504189670085907,0.7017701864242554,-0.021867968142032623,0.511149525642395,0.7065379619598389,-0.018151288852095604,0.5222501158714294,0.7109971046447754,-0.015753798186779022,0.5263132452964783,0.7473115921020508,-0.019162816926836967,0.5122472047805786,0.7403982281684875,-0.024305731058120728,0.5188577175140381,0.739587128162384,-0.019654590636491776,0.5279254913330078,0.7399798035621643,-0.015350266359746456
0.5777868032455444,0.6932103037834167,-3.974690798713709e-08,0.55220627784729,0.6456483006477356,-0.0033216066658496857,0.5164604187011719,0.6123363375663757,-0.012513245455920696,0.4917023777961731,0.602281928062439,-0.021644914522767067,0.48006314039230347,0.6141791939735413,-0.03198417276144028,0.5131862163543701,0.6233446002006531,-0.029385492205619812,0.4698968827724457,0.6237310767173767,-0.04452896863222122,0.47482743859291077,0.6284643411636353,-0.05241433158516884,0.4907107353210449,0.632282555103302,-0.05596602335572243,0.5158082842826843,0.6667507290840149,-0.034376148134469986,0.4715708792209625,0.6804726123809814,-0.043893709778785706,0.4788164794445038,0.6794227957725525,-0.04493216052651405,0.4958094358444214,0.6763553023338318,-0.04710114374756813,0.5208531618118286,0.7098791599273682,-0.03852030634880066,0.47866708040237427,0.7188864946365356,-0.046093083918094635,0.4859948456287384,0.7159175872802734,-0.040743712335824966,0.5013078451156616,0.7127963900566101,-0.0381101593375206,0.5266026854515076,0.7483352422714233,-0.042298972606658936,0.4946264922618866,0.7576028108596802,-0.04721891134977341,0.501737654209137,0.7522305250167847,-0.04061982408165932,0.5146034359931946,0.7475858330726624,-0.035840053111314774
0.5843111276626587,0.6876161694526672,-2.3560839945702128e-09,0.5640116930007935,0.6420673727989197,-0.0029813209548592567,0.5296699404716492,0.6132553219795227,-0.009466980583965778,0.49932414293289185,0.6081336736679077,-0.015383663587272167,0.4807395935058594,0.6202100515365601,-0.022871222347021103,0.5310052633285522,0.6284698843955994,-0.02769559808075428,0.49680694937705994,0.6130006909370422,-0.04027842357754707,0.4881334602832794,0.6167386770248413,-0.04525116831064224,0.49124354124069214,0.6221479177474976,-0.046927276998758316,0.5324966907501221,0.6695861220359802,-0.03201553598046303,0.4873705208301544,0.6760331392288208,-0.04220356419682503,0.49011436104774475,0.6771129369735718,-0.04227415472269058,0.5052706003189087,0.6762951612472534,-0.04220987483859062,0.5364919304847717,0.7099974751472473,-0.03524285554885864,0.491344690322876,0.71730637550354,-0.04432901367545128,0.49600154161453247,0.7149416208267212,-0.03876843303442001,0.5104738473892212,0.7119659185409546,-0.034460488706827164,0.5418037176132202,0.7445189952850342,-0.03774092718958855,0.5038053393363953,0.7571444511413574,-0.043488677591085434,0.5087482929229736,0.7524446845054626,-0.037135832011699677,0.5214857459068298,0.7472452521324158,-0.03183789178729057
0.59836745262146,0.6852740049362183,6.473950264762607e-08,0.5793313384056091,0.6401597261428833,-0.0010335731785744429,0.5448608994483948,0.6129946112632751,-0.0040723965503275394,0.513802170753479,0.6014271378517151,-0.006842640694230795,0.49658501148223877,0.5978837609291077,-0.011086784303188324,0.5505086183547974,0.6342624425888062,-0.01769811101257801,0.5170448422431946,0.6178996562957764,-0.025749674066901207,0.500184953212738,0.6163583993911743,-0.028718682006001472,0.49546685814857483,0.6185382008552551,-0.029633857309818268,0.5507609844207764,0.6739538311958313,-0.021191120147705078,0.5058138370513916,0.6744317412376404,-0.028558602556586266,0.4973953068256378,0.6724337935447693,-0.029311086982488632,0.5037130117416382,0.6724068522453308,-0.02928401529788971,0.5543232560157776,0.7119536995887756,-0.023852361366152763,0.5089397430419922,0.714667022228241,-0.031010303646326065,0.5000007152557373,0.7117064595222473,-0.028234567493200302,0.5035914182662964,0.7112776041030884,-0.02553326077759266,0.5592910051345825,0.7429940104484558,-0.025695333257317543,0.5205700397491455,0.753145158290863,-0.030933527275919914,0.511856734752655,0.7514400482177734,-0.027816083282232285,0.511999249458313,0.7496970295906067,-0.02475334331393242
0.6190479397773743,0.6845394968986511,1.5835911426620441e-07,0.6058489680290222,0.638924241065979,-0.011388902552425861,0.5709624290466309,0.6078224182128906,-0.018913382664322853,0.5375434756278992,0.5940169095993042,-0.02411806955933571,0.5160508155822754,0.5900563597679138,-0.03019389696419239,0.5747659802436829,0.6430268287658691,-0.03168441727757454,0.5395572185516357,0.6312963366508484,-0.0440739169716835,0.5212181210517883,0.6245629191398621,-0.04891321435570717,0.5133768916130066,0.6195270419120789,-0.05049772933125496,0.5744524002075195,0.6825807690620422,-0.030633000656962395,0.5318612456321716,0.6858885288238525,-0.040311433374881744,0.5149141550064087,0.6782903671264648,-0.04125189036130905,0.5107971429824829,0.6716632843017578,-0.041733287274837494,0.5765125155448914,0.7179654836654663,-0.029490219429135323,0.5329470038414001,0.7238088846206665,-0.03774109110236168,0.5199735164642334,0.7158308625221252,-0.03477338328957558,0.518915057182312,0.7083419561386108,-0.03208301588892937,0.5794501900672913,0.7439256906509399,-0.028620628640055656,0.5428051352500916,0.754723310470581,-0.034176092594861984,0.531417727470398,0.7478287816047668,-0.031072404235601425,0.5297641158103943,0.7399982213973999,-0.028107954189181328
0.6482208967208862,0.6822862029075623,1.9849561283535877e-07,0.6307745575904846,0.6362466812133789,-0.014884178526699543,0.5958624482154846,0.6086462736129761,-0.0267690047621727,0.5653895139694214,0.5926383137702942,-0.03503213822841644,0.5445165038108826,0.5769326090812683,-0.043795760720968246,0.5971668362617493,0.6570177674293518,-0.04615389555692673,0.5544989109039307,0.6607114672660828,-0.06058799847960472,0.5418769121170044,0.648001492023468,-0.0653601810336113,0.5400665998458862,0.6382534503936768,-0.06636209785938263,0.602807879447937,0.6961243748664856,-0.0422813817858696,0.5544217228889465,0.7054935693740845,-0.051833730190992355,0.5399726033210754,0.6903389692306519,-0.05083081126213074,0.5390340089797974,0.6782456040382385,-0.050696320831775665,0.607978880405426,0.7260866165161133,-0.037706535309553146,0.5606334805488586,0.7338123321533203,-0.04373108968138695,0.5485225915908813,0.7199662923812866,-0.03876688703894615,0.5491326451301575,0.7078630924224854,-0.0356934480369091,0.6111385822296143,0.7461947202682495,-0.03359491005539894,0.5734750628471375,0.7570597529411316,-0.037356115877628326,0.5610135197639465,0.7475075721740723,-0.03377046808600426,0.5590639114379883,0.7385069131851196,-0.030964389443397522
0.6576863527297974,0.6742551326751709,2.6923967766379064e-07,0.6411159038543701,0.6250741481781006,-0.0171672236174345,0.6048960089683533,0.6014502048492432,-0.02697659656405449,0.5704835653305054,0.5925816893577576,-0.0325189083814621,0.5477781891822815,0.5828778743743896,-0.037960927933454514,0.6123389601707458,0.6554564833641052,-0.03771885111927986,0.5747326612472534,0.6528164744377136,-0.04886327311396599,0.5546367764472961,0.6444173455238342,-0.052416201680898666,0.5426144003868103,0.6370111703872681,-0.053472138941287994,0.6146994829177856,0.695397675037384,-0.03165695443749428,0.5731915235519409,0.7034782767295837,-0.039661966264247894,0.5491085648536682,0.6982778906822205,-0.04038418084383011,0.5343908667564392,0.692702054977417,-0.04147421196103096,0.6160751581192017,0.7250509858131409,-0.02545943297445774,0.5768350958824158,0.7359676957130432,-0.03190573677420616,0.5540366768836975,0.7316684722900391,-0.03187885135412216,0.5406885743141174,0.7259221076965332,-0.03207554668188095,0.6157655119895935,0.744538426399231,-0.019947126507759094,0.5836347341537476,0.756647527217865,-0.024874666705727577,0.5637428760528564,0.7551372647285461,-0.025030169636011124,0.5509263873100281,0.7506486773490906,-0.02496114745736122
0.6661919355392456,0.6637684106826782,3.315603009923507e-07,0.6459468007087708,0.6183673739433289,-0.01884652115404606,0.6064870357513428,0.5994587540626526,-0.02926141582429409,0.5710999369621277,0.5924146175384521,-0.03504170849919319,0.5483250617980957,0.5842369794845581,-0.04064036160707474,0.6130809187889099,0.6537697315216064,-0.039068788290023804,0.5713748931884766,0.6495491862297058,-0.0508192703127861,0.5504789352416992,0.6399915218353271,-0.05498316138982773,0.5387958288192749,0.631304144859314,-0.05610852688550949,0.6171116828918457,0.6926977634429932,-0.03209522366523743,0.5704513192176819,0.7034425139427185,-0.041202280670404434,0.5445491671562195,0.6998839974403381,-0.04266512021422386,0.529913604259491,0.6943446397781372,-0.0436122827231884,0.6204971075057983,0.721049964427948,-0.025077642872929573,0.5782394409179688,0.7355891466140747,-0.032238032668828964,0.5537322759628296,0.7330405712127686,-0.03342878073453903,0.5393706560134888,0.7277795076370239,-0.03407394140958786,0.6220783591270447,0.7388597726821899,-0.018788769841194153,0.5899100303649902,0.7548332810401917,-0.024048933759331703,0.5694475769996643,0.7553099393844604,-0.024778487160801888,0.5558509826660156,0.7511761784553528,-0.02488109841942787
0.667160153388977,0.6561731100082397,2.5584614604667877e-07,0.6471863985061646,0.6172683835029602,-0.01662418432533741,0.608864426612854,0.5982515215873718,-0.027766477316617966,0.5743743181228638,0.5923231840133667,-0.035094257444143295,0.551369309425354,0.5877198576927185,-0.04259189963340759,0.6176853775978088,0.634372889995575,-0.03689642995595932,0.5848015546798706,0.6169599890708923,-0.050814155489206314,0.5667293667793274,0.6079510450363159,-0.05786586180329323,0.5560625195503235,0.6027252078056335,-0.061375245451927185,0.620090663433075,0.6738936901092529,-0.03211420029401779,0.582398533821106,0.6758949160575867,-0.041833166033029556,0.5590413808822632,0.6754292249679565,-0.0441463440656662,0.5447674989700317,0.674487829208374,-0.04664330556988716,0.6237388253211975,0.70643150806427,-0.02752685360610485,0.5869818925857544,0.7164447903633118,-0.035568658262491226,0.56402987241745,0.7157455682754517,-0.03595734015107155,0.5498509407043457,0.7139649391174316,-0.036597441881895065,0.6271718740463257,0.7297451496124268,-0.02358466573059559,0.5986202955245972,0.7429327964782715,-0.029066096991300583,0.5806552171707153,0.7453421354293823,-0.028470134362578392,0.5695556998252869,0.7453563213348389,-0.02812189795076847
0.672227144241333,0.6618796586990356,3.2053739573711937e-07,0.6547115445137024,0.6188711524009705,-0.0172664113342762,0.6154812574386597,0.5971941947937012,-0.026342032477259636,0.5789280533790588,0.5910239219665527,-0.031159473583102226,0.5557780265808105,0.5844851732254028,-0.036142297089099884,0.6205207705497742,0.6402292251586914,-0.0332820825278759,0.5846189856529236,0.6243757009506226,-0.04439996927976608,0.5652588605880737,0.613247811794281,-0.049414124339818954,0.5526940822601318,0.6041855812072754,-0.05174427479505539,0.623287558555603,0.6790213584899902,-0.02760259248316288,0.5815573334693909,0.6831303238868713,-0.03604019805788994,0.5570785999298096,0.6822501420974731,-0.03870781138539314,0.5408099889755249,0.6805651783943176,-0.04104836285114288,0.6271601915359497,0.7094523906707764,-0.022203760221600533,0.5884166359901428,0.7175281643867493,-0.029823696240782738,0.564115047454834,0.718020498752594,-0.03156791999936104,0.5475634932518005,0.7173773646354675,-0.03290216252207756,0.630678117275238,0.7296111583709717,-0.01740947738289833,0.6008815765380859,0.7413954734802246,-0.023667650297284126,0.5814230442047119,0.7453930377960205,-0.02478937804698944,0.5666365623474121,0.7467107176780701,-0.02536444365978241
0.6734054088592529,0.661404550075531,3.053166892641457e-07,0.658445417881012,0.6169704794883728,-0.017235685139894485,0.6202468276023865,0.5950631499290466,-0.026178067550063133,0.5829080939292908,0.594882607460022,-0.030806364491581917,0.5579997301101685,0.5971413254737854,-0.035786982625722885,0.6227596402168274,0.6299145221710205,-0.0365462601184845,0.5847158432006836,0.6157256364822388,-0.048629119992256165,0.5650119185447693,0.6085091829299927,-0.05308237299323082,0.5519675016403198,0.6033766865730286,-0.05486803501844406,0.6239744424819946,0.6718122959136963,-0.031158648431301117,0.5820334553718567,0.676020622253418,-0.04081650450825691,0.5585547685623169,0.6757723689079285,-0.04323815181851387,0.5443946123123169,0.6744331121444702,-0.0452335886657238,0.6273486614227295,0.7058838605880737,-0.025880882516503334,0.5882179141044617,0.7131865620613098,-0.03461606428027153,0.5651249885559082,0.7125970721244812,-0.036253172904253006,0.5511155128479004,0.7113397717475891,-0.03740314394235611,0.6306930780410767,0.7297478318214417,-0.02108035236597061,0.5997199416160583,0.7403877973556519,-0.029069913551211357,0.5798634886741638,0.7418771982192993,-0.030952036380767822,0.5656840801239014,0.7412398457527161,-0.03175972029566765
0.64226895570755,0.6621367931365967,1.211209195162155e-07,0.6177498698234558,0.6113411784172058,-0.005486984737217426,0.5787510275840759,0.5768499970436096,-0.010125983506441116,0.5439352989196777,0.5639801025390625,-0.013252855278551579,0.5201056599617004,0.56670743227005,-0.01728208363056183,0.5765830874443054,0.6020472645759583,-0.021229201927781105,0.5438559651374817,0.5799681544303894,-0.03046954609453678,0.5282303690910339,0.5769990086555481,-0.0341801717877388,0.5209460854530334,0.577846109867096,-0.0360996387898922,0.5792129635810852,0.6413458585739136,-0.02298637665808201,0.5395550727844238,0.6448978185653687,-0.02935618720948696,0.5216318368911743,0.6478193998336792,-0.03154413774609566,0.5129719972610474,0.6510840654373169,-0.03457467630505562,0.5845546126365662,0.6801325678825378,-0.024526072666049004,0.5495073795318604,0.6904842853546143,-0.0310389194637537,0.5304576754570007,0.6948709487915039,-0.030909784138202667,0.5189252495765686,0.696209728717804,-0.03189106658101082,0.5914871692657471,0.7128177285194397,-0.025784194469451904,0.5621079802513123,0.7318938970565796,-0.032399170100688934,0.5459632873535156,0.7399849891662598,-0.03269442543387413,0.5331961512565613,0.7434616088867188,-0.032817739993333817
0.5716685056686401,0.6771355867385864,-5.995291019189608e-08,0.5519768595695496,0.6300308108329773,-0.0075803580693900585,0.524185836315155,0.5889023542404175,-0.01819898933172226,0.5051883459091187,0.5534482002258301,-0.029740629717707634,0.4925961196422577,0.5231039524078369,-0.04192569851875305,0.5157581567764282,0.6119543313980103,-0.024104010313749313,0.48524749279022217,0.6066960692405701,-0.041402000933885574,0.4869999289512634,0.61285001039505,-0.05107618495821953,0.49771034717559814,0.6179827451705933,-0.05558992177248001,0.5173867344856262,0.6553139686584473,-0.0268360897898674,0.4878654181957245,0.6595520377159119,-0.03997834399342537,0.4937826693058014,0.6609072089195251,-0.04368607699871063,0.5064932703971863,0.6613165140151978,-0.04614240303635597,0.52290940284729,0.6959900856018066,-0.030016297474503517,0.49505841732025146,0.7013850212097168,-0.03993512690067291,0.5016226172447205,0.7020286321640015,-0.03798973187804222,0.5140324234962463,0.7014820575714111,-0.036155227571725845,0.5304720401763916,0.7315198183059692,-0.033625952899456024,0.506169319152832,0.7402938008308411,-0.0384407602250576,0.5108617544174194,0.7384170293807983,-0.03440619632601738,0.5216094851493835,0.73360675573349,-0.031159838661551476
0.566369891166687,0.6837754845619202,9.745058804355722e-08,0.546302080154419,0.636098325252533,-0.008520882576704025,0.5161373019218445,0.596283495426178,-0.01546346116811037,0.49472492933273315,0.5803532004356384,-0.02178143709897995,0.48448771238327026,0.5912712216377258,-0.029704639688134193,0.5214415788650513,0.604240357875824,-0.022864647209644318,0.5029805302619934,0.5879161357879639,-0.03423631563782692,0.4949597120285034,0.5775870680809021,-0.04270731285214424,0.49493154883384705,0.5670207142829895,-0.04822259396314621,0.5202012658119202,0.6451305747032166,-0.02422931045293808,0.5019364953041077,0.6488170623779297,-0.0340106263756752,0.4971797466278076,0.6515381336212158,-0.03946017473936081,0.501175045967102,0.6525493264198303,-0.044043492525815964,0.5214684009552002,0.6878183484077454,-0.025369612500071526,0.49982601404190063,0.6902174949645996,-0.03405294567346573,0.4973883628845215,0.6919946074485779,-0.03385236859321594,0.5022990703582764,0.6914094686508179,-0.033748552203178406,0.524867832660675,0.7271788716316223,-0.026708004996180534,0.5078129768371582,0.734223484992981,-0.03277599439024925,0.5076993703842163,0.7336646914482117,-0.030320506542921066,0.5129298567771912,0.7314544916152954,-0.028090985491871834
0.6076464056968689,0.6789525151252747,-4.957317045750642e-08,0.5802015662193298,0.6311681866645813,-0.0052222213707864285,0.5443187355995178,0.5851141214370728,-0.014713585376739502,0.5226389765739441,0.5440095067024231,-0.02479451149702072,0.5139904618263245,0.5062737464904785,-0.03585279732942581,0.5472062230110168,0.6080982685089111,-0.028778627514839172,0.5017268657684326,0.6056613326072693,-0.04460896551609039,0.5053499937057495,0.6131962537765503,-0.05233878269791603,0.5219820737838745,0.6176116466522217,-0.05559045448899269,0.5518021583557129,0.6527142524719238,-0.033050790429115295,0.5066490769386292,0.6639989018440247,-0.04439517483115196,0.5153664350509644,0.6648169159889221,-0.04552741348743439,0.5324532985687256,0.6615809202194214,-0.04693922773003578,0.5585471391677856,0.6952778697013855,-0.037034209817647934,0.5153091549873352,0.7093338370323181,-0.04534129053354263,0.5218439698219299,0.7080941200256348,-0.04014066979289055,0.5363406538963318,0.7044373750686646,-0.03711635246872902,0.5660582184791565,0.7330819368362427,-0.041114985942840576,0.5321899056434631,0.7478218078613281,-0.044857241213321686,0.5357540249824524,0.7436670064926147,-0.03860754147171974,0.5465745329856873,0.7365801334381104,-0.034496184438467026
0.62462317943573,0.6793358325958252,7.208691954474489e-08,0.5997980237007141,0.6317249536514282,-0.005449910182505846,0.5612123012542725,0.5932929515838623,-0.014341459609568119,0.5314934849739075,0.5753322839736938,-0.02149924822151661,0.512939453125,0.5746957659721375,-0.03090064786374569,0.5703652501106262,0.6064131259918213,-0.03802981600165367,0.5400604009628296,0.584941029548645,-0.05237273871898651,0.5277826189994812,0.5737498998641968,-0.05912802740931511,0.523882269859314,0.5617808103561401,-0.06282203644514084,0.5729095339775085,0.6476486921310425,-0.041785720735788345,0.5236055254936218,0.6584990620613098,-0.052315834909677505,0.5218704342842102,0.6596538424491882,-0.05136686563491821,0.5321320295333862,0.6565741896629333,-0.051732387393713,0.575563907623291,0.6921735405921936,-0.044005826115608215,0.5240656137466431,0.704607367515564,-0.053249746561050415,0.5253329277038574,0.7030801177024841,-0.045763105154037476,0.5387738943099976,0.6998277306556702,-0.04070141166448593,0.5783737897872925,0.732687771320343,-0.04576032608747482,0.5351380109786987,0.7465537786483765,-0.05221538245677948,0.535148024559021,0.741864025592804,-0.04530952870845795,0.5450460314750671,0.7359377145767212,-0.039865270256996155
0.6218847036361694,0.695374071598053,-9.082838658969195e-08,0.617545485496521,0.6538904905319214,-0.01473564375191927,0.5976850986480713,0.612338125705719,-0.025102736428380013,0.5807474255561829,0.5797423720359802,-0.036060526967048645,0.5692591667175293,0.5519087314605713,-0.04651927202939987,0.5439366698265076,0.6298637390136719,-0.01577957719564438,0.5349323153495789,0.598914623260498,-0.038113441318273544,0.5550278425216675,0.5899800062179565,-0.053399331867694855,0.5785279273986816,0.5962415933609009,-0.06026884913444519,0.5442425608634949,0.6657706499099731,-0.017226945608854294,0.5518597364425659,0.6479046940803528,-0.037960197776556015,0.5844974517822266,0.6422917246818542,-0.04643711447715759,0.6076439023017883,0.6485424637794495,-0.04910588636994362,0.5527917146682739,0.7016026973724365,-0.021299680694937706,0.5641366839408875,0.688362181186676,-0.04142822325229645,0.5943254232406616,0.6801126003265381,-0.03996492177248001,0.6141534447669983,0.6820453405380249,-0.034927189350128174,0.5669090151786804,0.735450804233551,-0.026544509455561638,0.5733818411827087,0.7228402495384216,-0.04038042202591896,0.5957916975021362,0.7110747694969177,-0.03649577870965004,0.611771285533905,0.7090442180633545,-0.030257439240813255
0.6434059739112854,0.6871740818023682,-1.7739894886403818e-08,0.6426369547843933,0.6404147148132324,-0.018948739394545555,0.61944580078125,0.5959632396697998,-0.030138306319713593,0.5988109707832336,0.5661967992782593,-0.04018983989953995,0.5816289186477661,0.5442013740539551,-0.048804592341184616,0.5547468066215515,0.6211625933647156,-0.015128983184695244,0.5454773306846619,0.5926008224487305,-0.03655894473195076,0.5644449591636658,0.5795816779136658,-0.05141741782426834,0.5875248908996582,0.5813542604446411,-0.05818120390176773,0.5532115697860718,0.6520142555236816,-0.014134486205875874,0.5481285452842712,0.6210004091262817,-0.03325962275266647,0.5754479169845581,0.6099427342414856,-0.04140778258442879,0.5996135473251343,0.6157972812652588,-0.043584853410720825,0.5588018894195557,0.6849113702774048,-0.016417305916547775,0.5602654814720154,0.6553845405578613,-0.03636786341667175,0.5888910293579102,0.6446442604064941,-0.03561221435666084,0.6107925176620483,0.6498381495475769,-0.03052133321762085,0.5721683502197266,0.7180062532424927,-0.020219845697283745,0.5717965364456177,0.6909081935882568,-0.036051709204912186,0.5947993993759155,0.6790323257446289,-0.0336921326816082,0.6137890815734863,0.6811873316764832,-0.02795880287885666
0.10720860213041306,0.895777702331543,-3.639342764927278e-07,0.17851485311985016,0.8647490739822388,-0.034638188779354095,0.23395517468452454,0.8039902448654175,-0.05367337912321091,0.25825464725494385,0.7316973209381104,-0.0740053579211235,0.28183966875076294,0.6689807772636414,-0.0900450274348259,0.2288694530725479,0.6472891569137573,-0.01033272035419941,0.24811294674873352,0.5560453534126282,-0.056597691029310226,0.23174333572387695,0.6034191846847534,-0.08803361654281616,0.21475324034690857,0.6666883230209351,-0.10085120052099228,0.17384982109069824,0.6343361139297485,-0.011077235452830791,0.18537622690200806,0.5469467639923096,-0.055982526391744614,0.164315864443779,0.6229435205459595,-0.07397910952568054,0.15441635251045227,0.6833333969116211,-0.07490473240613937,0.1185113787651062,0.636661171913147,-0.019806960597634315,0.12205314636230469,0.566714882850647,-0.06033805385231972,0.10874439775943756,0.6359461545944214,-0.05578264966607094,0.10122577846050262,0.6867565512657166,-0.041680045425891876,0.062110960483551025,0.6525734066963196,-0.03226315230131149,0.06299111992120743,0.5957055687904358,-0.05723879113793373,0.06151386350393295,0.6487395763397217,-0.0473477840423584,0.06003311276435852,0.6909531354904175,-0.03204778954386711
0.11920507252216339,0.838074266910553,-3.7084615200910775e-07,0.19248205423355103,0.8064638376235962,-0.028766067698597908,0.25006452202796936,0.7449029088020325,-0.04474659636616707,0.2771506607532501,0.6687774062156677,-0.06196426972746849,0.2986428141593933,0.603434145450592,-0.07424010336399078,0.2549985647201538,0.6031816601753235,-0.003119299653917551,0.273922324180603,0.5256368517875671,-0.045150276273489,0.24746444821357727,0.5794150233268738,-0.07256921380758286,0.22750727832317352,0.6428383588790894,-0.0831061452627182,0.20121772587299347,0.5852763652801514,-0.005423632450401783,0.21419531106948853,0.4931030869483948,-0.047337986528873444,0.1914682239294052,0.5765106081962585,-0.06044473871588707,0.18348604440689087,0.6432688236236572,-0.05662063509225845,0.1474611759185791,0.5865795016288757,-0.014841148629784584,0.15405133366584778,0.5109059810638428,-0.05298115685582161,0.14263109862804413,0.5893111824989319,-0.04236994683742523,0.1386600285768509,0.6456196308135986,-0.023027464747428894,0.09284244477748871,0.6058393716812134,-0.0273381769657135,0.09716951847076416,0.5479828119277954,-0.05009135976433754,0.09804582595825195,0.6044797897338867,-0.03584548085927963,0.09863998740911484,0.6480263471603394,-0.016761276870965958
0.13140805065631866,0.7888348698616028,-3.578589087283035e-07,0.20495162904262543,0.7627101540565491,-0.028007131069898605,0.2644151747226715,0.7016341090202332,-0.042391203343868256,0.2951964735984802,0.6294931173324585,-0.05858798325061798,0.31583094596862793,0.5635998249053955,-0.06941569596529007,0.2718918025493622,0.5714271068572998,-0.0030460620764642954,0.29322898387908936,0.48774075508117676,-0.044866498559713364,0.2646186351776123,0.5428089499473572,-0.0709138810634613,0.24392470717430115,0.6022757887840271,-0.08022849261760712,0.22158513963222504,0.5539098978042603,-0.0044540767557919025,0.23710976541042328,0.46952372789382935,-0.04846339672803879,0.21286265552043915,0.5538511872291565,-0.06138197332620621,0.2038789689540863,0.6181453466415405,-0.05720505490899086,0.16916422545909882,0.5501057505607605,-0.013038317672908306,0.18254698812961578,0.47044986486434937,-0.052542295306921005,0.16804175078868866,0.5526818037033081,-0.04082003980875015,0.16108739376068115,0.6112908124923706,-0.020240748301148415,0.114812470972538,0.5609387159347534,-0.024836193770170212,0.12882281839847565,0.5048954486846924,-0.0487736240029335,0.125291645526886,0.5604885816574097,-0.0359567292034626,0.12104004621505737,0.6027072668075562,-0.01761738210916519
0.14297442138195038,0.7558227777481079,-3.5268016063128016e-07,0.21788713335990906,0.7289919853210449,-0.02536814846098423,0.27934616804122925,0.668890118598938,-0.0370318666100502,0.3106923997402191,0.5962581634521484,-0.05089544877409935,0.32826343178749084,0.5293145775794983,-0.05996478721499443,0.2896827459335327,0.5522425174713135,-0.0018938261782750487,0.30977797508239746,0.46448975801467896,-0.042399875819683075,0.2809896767139435,0.5104303956031799,-0.06741751730442047,0.2615687847137451,0.5694523453712463,-0.07634277641773224,0.2413618564605713,0.5332627892494202,-0.003651137463748455,0.25436916947364807,0.4495454430580139,-0.04704330116510391,0.22953543066978455,0.5239502787590027,-0.0603351891040802,0.22074638307094574,0.588196873664856,-0.057223349809646606,0.18959908187389374,0.5271188616752625,-0.012342146597802639,0.1992214322090149,0.44839540123939514,-0.051454391330480576,0.1835380345582962,0.5247294902801514,-0.04172204062342644,0.17751064896583557,0.5835891366004944,-0.023047028109431267,0.13477155566215515,0.532791793346405,-0.02407889999449253,0.1430957019329071,0.47942253947257996,-0.04818538948893547,0.13889873027801514,0.5288470983505249,-0.037947699427604675,0.13685336709022522,0.5685033202171326,-0.02187631092965603
0.15355923771858215,0.7360695600509644,-3.74629507859936e-07,0.2282581776380539,0.7066073417663574,-0.02425597608089447,0.28670650720596313,0.6483645439147949,-0.03513375297188759,0.31702035665512085,0.5765863656997681,-0.0482959970831871,0.32847803831100464,0.5059728622436523,-0.05703636631369591,0.300995796918869,0.534522533416748,-0.0007409829995594919,0.31470388174057007,0.45169398188591003,-0.04066913574934006,0.28769388794898987,0.5018084049224854,-0.06586342304944992,0.2708190679550171,0.5588376522064209,-0.07535430043935776,0.2545042634010315,0.515052318572998,-0.0031861718744039536,0.2654184103012085,0.4375755786895752,-0.045504361391067505,0.2425144761800766,0.510398268699646,-0.05939799174666405,0.23294830322265625,0.5690197944641113,-0.05758661776781082,0.204032301902771,0.5078327655792236,-0.012563877739012241,0.21027521789073944,0.43447041511535645,-0.05307593569159508,0.19714771211147308,0.5114220380783081,-0.04616101086139679,0.19243517518043518,0.5683987140655518,-0.029413986951112747,0.15043634176254272,0.5123538970947266,-0.024615278467535973,0.15676724910736084,0.4548855721950531,-0.05200957879424095,0.15249022841453552,0.5071442127227783,-0.044095419347286224,0.15111950039863586,0.5489311218261719,-0.029258878901600838
0.16864942014217377,0.6944078207015991,-3.4920839198093745e-07,0.24555236101150513,0.6659848093986511,-0.026106100529432297,0.3049089312553406,0.6011304259300232,-0.035526275634765625,0.33164113759994507,0.5146656632423401,-0.04626713693141937,0.340908408164978,0.44030487537384033,-0.051003970205783844,0.3145388960838318,0.498381644487381,0.006425188388675451,0.32760170102119446,0.42440706491470337,-0.030711567029356956,0.30288273096084595,0.4831124544143677,-0.05144545063376427,0.29197031259536743,0.5265248417854309,-0.05861536040902138,0.27005675435066223,0.47927501797676086,0.005814713425934315,0.28420430421829224,0.4033161401748657,-0.03439217433333397,0.26322898268699646,0.4861191511154175,-0.0446404404938221,0.25664258003234863,0.531178891658783,-0.03978297859430313,0.22327807545661926,0.4733811616897583,-0.0021931242663413286,0.23094844818115234,0.405272901058197,-0.04421788826584816,0.21985498070716858,0.49116250872612,-0.034256525337696075,0.21670863032341003,0.5377481579780579,-0.014166419394314289,0.17238491773605347,0.47744596004486084,-0.012708522379398346,0.17919319868087769,0.42641982436180115,-0.04010894522070885,0.18008801341056824,0.4836674928665161,-0.03077036514878273,0.18199053406715393,0.5196922421455383,-0.014388459734618664
0.1699419617652893,0.685001790523529,-3.7962973920002696e-07,0.241819828748703,0.6600922346115112,-0.02757217548787594,0.30465760827064514,0.5948314070701599,-0.0366649329662323,0.329935759305954,0.5079997181892395,-0.04560539498925209,0.3339291214942932,0.4324316382408142,-0.04877221956849098,0.3193626403808594,0.49019429087638855,0.0036218403838574886,0.3311613202095032,0.4184045195579529,-0.029621470719575882,0.30852147936820984,0.4754566252231598,-0.048487912863492966,0.29946208000183105,0.5185492634773254,-0.05579584091901779,0.2740577459335327,0.46899208426475525,0.004225259181112051,0.2853426933288574,0.3969133198261261,-0.03421657159924507,0.2653520405292511,0.4821241497993469,-0.04516701400279999,0.25684913992881775,0.5289507508277893,-0.04123400151729584,0.22598710656166077,0.4626528322696686,-0.0018240674398839474,0.23002596199512482,0.3987331688404083,-0.042812224477529526,0.22107526659965515,0.4865988790988922,-0.03495132923126221,0.2179705947637558,0.5332399010658264,-0.016907058656215668,0.17445534467697144,0.46774590015411377,-0.010059564374387264,0.17846238613128662,0.420606404542923,-0.03883013129234314,0.1804196685552597,0.4810366928577423,-0.030947821214795113,0.1836385726928711,0.5169340372085571,-0.015545947477221489
0.16830337047576904,0.6748760938644409,-3.756294688628259e-07,0.238868847489357,0.6517795324325562,-0.029653094708919525,0.30334699153900146,0.588844895362854,-0.03988968953490257,0.32827991247177124,0.5003876686096191,-0.04946015030145645,0.3307770788669586,0.42511093616485596,-0.052865829318761826,0.31646430492401123,0.47979554533958435,0.0002634508127812296,0.3275071382522583,0.4106225073337555,-0.035354115068912506,0.3056494891643524,0.47159552574157715,-0.054528459906578064,0.2976406216621399,0.5131403803825378,-0.061714135110378265,0.27112311124801636,0.45891645550727844,0.0010549784637987614,0.2816321849822998,0.3881904184818268,-0.04034892097115517,0.263140469789505,0.47662460803985596,-0.051885396242141724,0.2562757134437561,0.5202199816703796,-0.04789196699857712,0.223296657204628,0.45343053340911865,-0.004883274901658297,0.225794717669487,0.3926181495189667,-0.04918481037020683,0.21757948398590088,0.4841066598892212,-0.041319698095321655,0.2160215675830841,0.5276583433151245,-0.02269166335463524,0.17101699113845825,0.45917901396751404,-0.013012092560529709,0.17357484996318817,0.4157692492008209,-0.044259727001190186,0.17711415886878967,0.47962135076522827,-0.03679263964295387,0.18231657147407532,0.5142924189567566,-0.021253585815429688
0.16741447150707245,0.6668211817741394,-3.19867382359007e-07,0.23575584590435028,0.6450989842414856,-0.0344901978969574,0.30289146304130554,0.578975260257721,-0.04663580283522606,0.3276965618133545,0.4880850911140442,-0.056843068450689316,0.3234424591064453,0.41150861978530884,-0.05980444326996803,0.3185834288597107,0.4668506383895874,-0.0026457603089511395,0.3262942433357239,0.39924025535583496,-0.04053300619125366,0.30378371477127075,0.4592522382736206,-0.05961643531918526,0.29771003127098083,0.4955085515975952,-0.06637793034315109,0.26918280124664307,0.44276320934295654,-0.0003047252830583602,0.2757159173488617,0.3772047460079193,-0.04292530193924904,0.2571074366569519,0.46860477328300476,-0.05216287076473236,0.25468382239341736,0.5024979710578918,-0.046289216727018356,0.21766912937164307,0.4361554980278015,-0.005617357790470123,0.2176377773284912,0.37914562225341797,-0.05242123827338219,0.21042822301387787,0.47323372960090637,-0.04270166903734207,0.21254833042621613,0.5093783736228943,-0.02267354167997837,0.1620037853717804,0.4418668746948242,-0.013526753522455692,0.16357943415641785,0.4027494490146637,-0.04607958346605301,0.1665555238723755,0.46807289123535156,-0.037648845463991165,0.17317304015159607,0.49766212701797485,-0.021310551092028618
0.1692771017551422,0.667237401008606,-3.259838763369771e-07,0.23735612630844116,0.6424888372421265,-0.03144858032464981,0.30297765135765076,0.5761572122573853,-0.04369541257619858,0.32608526945114136,0.48843976855278015,-0.05463969334959984,0.31846868991851807,0.4129302501678467,-0.05878504365682602,0.3194745182991028,0.4626452326774597,-0.003097399603575468,0.32840496301651,0.396831750869751,-0.039998721331357956,0.3075488805770874,0.45390382409095764,-0.05932650342583656,0.2994135916233063,0.4913608431816101,-0.06684476137161255,0.26827576756477356,0.4388606548309326,-0.0025320081040263176,0.277377724647522,0.37654146552085876,-0.04379469156265259,0.26137775182724,0.46802428364753723,-0.05397363752126694,0.25834712386131287,0.5017228722572327,-0.04995771497488022,0.21534276008605957,0.4328674376010895,-0.008888911455869675,0.21782922744750977,0.37314003705978394,-0.05432511866092682,0.21347981691360474,0.4688677489757538,-0.04499104991555214,0.2146940976381302,0.5067047476768494,-0.026418427005410194,0.15808719396591187,0.4402717351913452,-0.017556680366396904,0.16208037734031677,0.40075063705444336,-0.05035470053553581,0.16715988516807556,0.46757882833480835,-0.042141396552324295,0.17375122010707855,0.4983644485473633,-0.026466989889740944
0.17082524299621582,0.669098973274231,-3.0616405410910374e-07,0.23598934710025787,0.6449222564697266,-0.03387456014752388,0.30241331458091736,0.581104576587677,-0.04872233420610428,0.3282546401023865,0.4961620271205902,-0.062099408358335495,0.3239123821258545,0.4207151234149933,-0.0686105266213417,0.3249436020851135,0.46248793601989746,-0.004667978268116713,0.33448606729507446,0.39934042096138,-0.04394984245300293,0.31441643834114075,0.4491140842437744,-0.06406350433826447,0.3034508526325226,0.4875471591949463,-0.07123534381389618,0.27175766229629517,0.4362119138240814,-0.003657710272818804,0.2820376753807068,0.3762093782424927,-0.04481913521885872,0.2650618255138397,0.46959155797958374,-0.0528387650847435,0.2633482813835144,0.5009396076202393,-0.04683499410748482,0.21772529184818268,0.42924293875694275,-0.010300657711923122,0.22087138891220093,0.3748588263988495,-0.056036051362752914,0.21632492542266846,0.46894335746765137,-0.04477624222636223,0.2181846797466278,0.5021541714668274,-0.024804748594760895,0.1586969792842865,0.4365706741809845,-0.019650500267744064,0.16393592953681946,0.3988708257675171,-0.05207352340221405,0.168529212474823,0.46549174189567566,-0.04203514754772186,0.1748049259185791,0.4932989180088043,-0.02500985749065876
0.17274117469787598,0.6710056662559509,-3.111888418061426e-07,0.2376435548067093,0.6459668278694153,-0.03440875560045242,0.3052315413951874,0.5808694958686829,-0.04958215355873108,0.33043110370635986,0.49423015117645264,-0.06316351890563965,0.3222237825393677,0.4181482493877411,-0.06957316398620605,0.32763054966926575,0.46149030327796936,-0.004503908567130566,0.3373044431209564,0.4000016748905182,-0.04420047998428345,0.3162172734737396,0.4516618847846985,-0.064207524061203,0.3049408495426178,0.4874401092529297,-0.07147730141878128,0.27407824993133545,0.43509384989738464,-0.0037831657100468874,0.28403937816619873,0.3762669563293457,-0.045541997998952866,0.26675736904144287,0.4712499976158142,-0.053413331508636475,0.2650492489337921,0.49872681498527527,-0.04730001464486122,0.21930859982967377,0.4284873604774475,-0.010836145840585232,0.22185711562633514,0.3764425814151764,-0.057256586849689484,0.21747253835201263,0.47138512134552,-0.04546375945210457,0.21955560147762299,0.5000810623168945,-0.025174183771014214,0.15952758491039276,0.4358140826225281,-0.02060849778354168,0.16494831442832947,0.3998642861843109,-0.05261816829442978,0.16961029171943665,0.46649497747421265,-0.041660722345113754,0.1756705939769745,0.49093759059906006,-0.02419990673661232
0.17945483326911926,0.6683512330055237,-2.6595262170303613e-07,0.24225954711437225,0.647133469581604,-0.04345685616135597,0.3102988302707672,0.5832764506340027,-0.06317545473575592,0.3286556005477905,0.49808523058891296,-0.07953588664531708,0.3118801712989807,0.4271639585494995,-0.08685120195150375,0.3365198075771332,0.4389130473136902,-0.010496437549591064,0.33220064640045166,0.3892354369163513,-0.053793199360370636,0.3088722229003906,0.4508594274520874,-0.07405278086662292,0.30326297879219055,0.47745218873023987,-0.08175332844257355,0.27847403287887573,0.41390088200569153,-0.006479609292000532,0.271634042263031,0.37143048644065857,-0.0515500046312809,0.2563726603984833,0.47201281785964966,-0.05674731358885765,0.26597607135772705,0.4798647463321686,-0.048578571528196335,0.22132405638694763,0.40945008397102356,-0.011881730519235134,0.20894820988178253,0.3744613826274872,-0.060889650136232376,0.2059641182422638,0.47036880254745483,-0.04646744206547737,0.21825923025608063,0.4798479974269867,-0.02478681318461895,0.16213825345039368,0.4183043837547302,-0.021177614107728004,0.15326207876205444,0.39896446466445923,-0.05218133702874184,0.15874256193637848,0.4666682779788971,-0.040507394820451736,0.1734113097190857,0.47859203815460205,-0.023088769987225533
0.18282146751880646,0.6657497882843018,-2.73528144134616e-07,0.2453131526708603,0.6453246474266052,-0.05150614678859711,0.3129747807979584,0.5834864974021912,-0.07611548900604248,0.32557159662246704,0.4955134689807892,-0.09545271843671799,0.3025209903717041,0.4231562912464142,-0.10596992820501328,0.3387036919593811,0.42945051193237305,-0.023333992809057236,0.32932743430137634,0.3874163031578064,-0.06899572163820267,0.30277562141418457,0.4524984061717987,-0.0900375247001648,0.296124666929245,0.47669142484664917,-0.09882477670907974,0.27949216961860657,0.4017256498336792,-0.016690652817487717,0.26401591300964355,0.3718610405921936,-0.06428135186433792,0.24941150844097137,0.47209253907203674,-0.07010302692651749,0.26024991273880005,0.4757969379425049,-0.06285897642374039,0.22104166448116302,0.3966726064682007,-0.019646672531962395,0.1989940106868744,0.37452995777130127,-0.0721719041466713,0.19744683802127838,0.47036293148994446,-0.05888313800096512,0.21248726546764374,0.4754495322704315,-0.03819052875041962,0.15992872416973114,0.4063703715801239,-0.026940345764160156,0.14356684684753418,0.3964518904685974,-0.06249460577964783,0.15044473111629486,0.46741679310798645,-0.05281633883714676,0.1673445999622345,0.478426069021225,-0.03644411265850067
0.18722820281982422,0.6636607646942139,-1.6474355390982964e-07,0.2467140406370163,0.6481078863143921,-0.06042900308966637,0.30905789136886597,0.5977267622947693,-0.09473863989114761,0.3216666281223297,0.5226035714149475,-0.12249775975942612,0.3007374107837677,0.45915573835372925,-0.14098075032234192,0.3350764513015747,0.4218716025352478,-0.04336155951023102,0.31165674328804016,0.38953500986099243,-0.09369274228811264,0.2914278209209442,0.45498183369636536,-0.11278380453586578,0.28894659876823425,0.4832562804222107,-0.11879365146160126,0.26990994811058044,0.39650821685791016,-0.03475681319832802,0.2476007342338562,0.37800756096839905,-0.08609712868928909,0.23626159131526947,0.48222291469573975,-0.087321937084198,0.25009503960609436,0.4824066460132599,-0.07602152973413467,0.2091267704963684,0.39398282766342163,-0.036179181188344955,0.1822662651538849,0.38353878259658813,-0.08940337598323822,0.1831507384777069,0.4760373830795288,-0.07149281352758408,0.19867894053459167,0.47683462500572205,-0.0482216402888298,0.14710110425949097,0.4081539213657379,-0.0431051179766655,0.12823083996772766,0.406654953956604,-0.07819736748933792,0.1377314329147339,0.47678142786026,-0.06652664393186569,0.15561500191688538,0.48495596647262573,-0.048913177102804184
0.18891939520835876,0.6568673849105835,-1.463799890188966e-07,0.24544373154640198,0.6450307965278625,-0.059851258993148804,0.3041624426841736,0.6083827018737793,-0.09647643566131592,0.32215502858161926,0.5555606484413147,-0.12724168598651886,0.3002362549304962,0.5047652721405029,-0.14936687052249908,0.3213500380516052,0.42713239789009094,-0.05275935307145119,0.30230745673179626,0.3905526399612427,-0.10896260291337967,0.2838399112224579,0.4623676836490631,-0.13259470462799072,0.2815673053264618,0.4944577217102051,-0.1409139633178711,0.2569795846939087,0.40681323409080505,-0.045506082475185394,0.23749646544456482,0.37919142842292786,-0.10471318662166595,0.2287839949131012,0.485138863325119,-0.1100892648100853,0.2421075701713562,0.49816563725471497,-0.10080041736364365,0.19725662469863892,0.40635401010513306,-0.047819219529628754,0.16964101791381836,0.39258769154548645,-0.1041090339422226,0.17398495972156525,0.48603299260139465,-0.08762197941541672,0.1926465928554535,0.4978868365287781,-0.0645613893866539,0.1390257477760315,0.42268550395965576,-0.05559244006872177,0.11290591210126877,0.42093974351882935,-0.09057913720607758,0.125541090965271,0.4876840114593506,-0.08017003536224365,0.14789113402366638,0.5015262961387634,-0.0638105720281601
0.1776321679353714,0.6051102876663208,-7.780786148714469e-08,0.2373138964176178,0.6306579113006592,-0.05383061245083809,0.2907327711582184,0.6503297686576843,-0.09381979703903198,0.2976478040218353,0.6790737509727478,-0.12605348229408264,0.2700694799423218,0.6938211917877197,-0.15430498123168945,0.2989441752433777,0.4585452079772949,-0.09449996054172516,0.2593900263309479,0.6022896766662598,-0.14502176642417908,0.25899070501327515,0.6443042755126953,-0.1729990541934967,0.2701258063316345,0.61916184425354,-0.19172066450119019,0.2260136604309082,0.4274402856826782,-0.09065211564302444,0.19011008739471436,0.611201822757721,-0.12978635728359222,0.2008930891752243,0.6422423124313354,-0.1366632729768753,0.21479451656341553,0.5893305540084839,-0.14456522464752197,0.15715844929218292,0.43364953994750977,-0.09106189757585526,0.12896828353405,0.6042189598083496,-0.12297186255455017,0.1417803317308426,0.6267004609107971,-0.11257445067167282,0.15533705055713654,0.5765221118927002,-0.10676122456789017,0.09649740904569626,0.45750126242637634,-0.09822218120098114,0.07361289858818054,0.5772213935852051,-0.12491612136363983,0.08448755741119385,0.6065459251403809,-0.12379567325115204,0.09914691746234894,0.5839877128601074,-0.12106510251760483
0.1815205067396164,0.6114423274993896,-6.452955858549103e-08,0.23767006397247314,0.6334425806999207,-0.05087772756814957,0.2902037501335144,0.6551377773284912,-0.09043212980031967,0.3025904595851898,0.6894786357879639,-0.12406222522258759,0.27372896671295166,0.7055535316467285,-0.15506930649280548,0.2956967353820801,0.464277982711792,-0.09104899317026138,0.2665320038795471,0.6121928691864014,-0.1429157704114914,0.26479285955429077,0.6471856832504272,-0.17405983805656433,0.2726435959339142,0.6199639439582825,-0.19472286105155945,0.21973992884159088,0.4373534917831421,-0.09028341621160507,0.195768803358078,0.6309348940849304,-0.12883591651916504,0.2034689337015152,0.6582581996917725,-0.13714098930358887,0.21317589282989502,0.606671929359436,-0.14648403227329254,0.14790983498096466,0.44783905148506165,-0.09370902925729752,0.13162904977798462,0.6252798438072205,-0.1258806735277176,0.14321869611740112,0.6472398638725281,-0.1143297553062439,0.1537696272134781,0.598833441734314,-0.10747823864221573,0.08517520129680634,0.47639361023902893,-0.10412757098674774,0.07208175957202911,0.5978619456291199,-0.13067442178726196,0.08641514182090759,0.6276026964187622,-0.12678693234920502,0.10146058350801468,0.60894775390625,-0.12191788107156754
0.18690769374370575,0.5787431001663208,-6.560527765486768e-08,0.24489854276180267,0.6078163385391235,-0.05104592815041542,0.29471880197525024,0.6436915397644043,-0.09033375978469849,0.3029523193836212,0.6999569535255432,-0.1234588623046875,0.2711803615093231,0.7311259508132935,-0.15409889817237854,0.2966066002845764,0.47202929854393005,-0.0986822172999382,0.26589566469192505,0.6349446773529053,-0.15305747091770172,0.2663373351097107,0.6694411635398865,-0.1839970499277115,0.27508944272994995,0.6407397985458374,-0.20387890934944153,0.21949513256549835,0.44568198919296265,-0.09742037206888199,0.19385044276714325,0.6482720375061035,-0.13755786418914795,0.2069654017686844,0.6705719828605652,-0.14367617666721344,0.21829161047935486,0.6187673807144165,-0.15147645771503448,0.1470428705215454,0.4536552131175995,-0.10013559460639954,0.13195839524269104,0.6404611468315125,-0.134290412068367,0.1464546024799347,0.6632412075996399,-0.11975853890180588,0.15812063217163086,0.617201030254364,-0.10992655903100967,0.08562520146369934,0.47799307107925415,-0.1100747361779213,0.06815019249916077,0.6060424447059631,-0.1395149827003479,0.0852142870426178,0.6400339603424072,-0.13519248366355896,0.1040046364068985,0.6289404034614563,-0.1292293518781662
0.1935325562953949,0.6250619888305664,-2.351278993728556e-07,0.24895881116390228,0.6421712636947632,-0.044621389359235764,0.30425792932510376,0.6507340669631958,-0.08018582314252853,0.3142714500427246,0.6802148222923279,-0.11170594394207001,0.27288565039634705,0.7063083052635193,-0.1398402899503708,0.30706387758255005,0.4647354781627655,-0.08032473176717758,0.27862751483917236,0.5751709342002869,-0.13067875802516937,0.27989456057548523,0.6443307995796204,-0.1551985740661621,0.2876078188419342,0.650503396987915,-0.1681370586156845,0.23564162850379944,0.4386654496192932,-0.08157811313867569,0.20942039787769318,0.589061975479126,-0.1186036467552185,0.21883060038089752,0.6565594673156738,-0.1213633269071579,0.23254996538162231,0.6384159922599792,-0.12444935739040375,0.16687314212322235,0.4476734697818756,-0.08727030456066132,0.14783558249473572,0.5917372703552246,-0.11915991455316544,0.158466637134552,0.6497282981872559,-0.10744549334049225,0.16954268515110016,0.6336288452148438,-0.09897733479738235,0.10709774494171143,0.47087031602859497,-0.09868210554122925,0.08246278762817383,0.5636025071144104,-0.11867599934339523,0.09446076303720474,0.616248369216919,-0.11023307591676712,0.1093796119093895,0.6208204627037048,-0.10257308930158615
0.20060379803180695,0.6304112672805786,-2.0416881341134285e-07,0.25946545600891113,0.6290700435638428,-0.043392207473516464,0.31670403480529785,0.6157318353652954,-0.07606618106365204,0.31429094076156616,0.6178080439567566,-0.10447271168231964,0.26948046684265137,0.6186008453369141,-0.12827183306217194,0.3149670362472534,0.44067201018333435,-0.06768262386322021,0.2908141016960144,0.512557864189148,-0.12075553089380264,0.2835490107536316,0.57246994972229,-0.14769290387630463,0.2868930697441101,0.5821561217308044,-0.16101400554180145,0.24482430517673492,0.4083903431892395,-0.06756211817264557,0.2168881595134735,0.5381744503974915,-0.11167353391647339,0.22311332821846008,0.6064082384109497,-0.11613256484270096,0.23558297753334045,0.5966236591339111,-0.1152695044875145,0.17842525243759155,0.4154886305332184,-0.07313625514507294,0.15205666422843933,0.5415773987770081,-0.11207333952188492,0.16571424901485443,0.6034377813339233,-0.09893755614757538,0.1819923222064972,0.5911540985107422,-0.08552753925323486,0.11830371618270874,0.43973565101623535,-0.08392267674207687,0.0952208936214447,0.536820113658905,-0.10932929068803787,0.11047177016735077,0.5930227041244507,-0.10103221237659454,0.12938743829727173,0.590490996837616,-0.08995173126459122
0.2057429403066635,0.6512688994407654,-3.045449261662725e-07,0.2580389976501465,0.6474493145942688,-0.057811837643384933,0.31802797317504883,0.6167200207710266,-0.09285564720630646,0.3253265917301178,0.5712162852287292,-0.12097873538732529,0.3016774356365204,0.524179220199585,-0.1418842375278473,0.3232312798500061,0.40775540471076965,-0.05748395994305611,0.2884565591812134,0.43421417474746704,-0.11008543521165848,0.2753790616989136,0.512790322303772,-0.137946218252182,0.28000521659851074,0.5479704737663269,-0.15043561160564423,0.260383278131485,0.3843258321285248,-0.0492413230240345,0.22656427323818207,0.4440673887729645,-0.09672816097736359,0.22354911267757416,0.5236595869064331,-0.1089717298746109,0.23402245342731476,0.5329861044883728,-0.110780730843544,0.19884714484214783,0.3938901722431183,-0.0488927997648716,0.16870184242725372,0.44679388403892517,-0.09563004970550537,0.17041748762130737,0.513076663017273,-0.09331747144460678,0.18063496053218842,0.5171378254890442,-0.08508732169866562,0.14286701381206512,0.42309635877609253,-0.05356728658080101,0.11232762783765793,0.45785704255104065,-0.08702909201383591,0.11643621325492859,0.5105222463607788,-0.08632860332727432,0.12855204939842224,0.5187891125679016,-0.07859789580106735
0.20556868612766266,0.6509996652603149,-3.2488412671227707e-07,0.258234441280365,0.6466584801673889,-0.05711067095398903,0.3193618059158325,0.6171549558639526,-0.09371422976255417,0.32253503799438477,0.5725351572036743,-0.12372538447380066,0.2950005829334259,0.5278573632240295,-0.14676836133003235,0.3231419324874878,0.4069879949092865,-0.059954944998025894,0.2901160717010498,0.43548333644866943,-0.11471465229988098,0.27576160430908203,0.5144040584564209,-0.1439455896615982,0.2790953516960144,0.5498711466789246,-0.1573522388935089,0.2583540976047516,0.38489627838134766,-0.05316261202096939,0.22729137539863586,0.44783368706703186,-0.10223308950662613,0.2234645038843155,0.5288447141647339,-0.11447736620903015,0.23304703831672668,0.536067008972168,-0.116505928337574,0.19630035758018494,0.39566242694854736,-0.05411173775792122,0.16902467608451843,0.44962799549102783,-0.10161332786083221,0.17166754603385925,0.5193889737129211,-0.0971180722117424,0.18211299180984497,0.5230315327644348,-0.08764193207025528,0.1397651731967926,0.4255664050579071,-0.06012621149420738,0.11220847070217133,0.4610241949558258,-0.09402366727590561,0.11713656783103943,0.5158774852752686,-0.09150699526071548,0.12968209385871887,0.5228084325790405,-0.08253337442874908
0.19509287178516388,0.6984878182411194,-5.118577064422425e-07,0.2641313374042511,0.6786651611328125,-0.030749451369047165,0.3325372338294983,0.6048750281333923,-0.041207730770111084,0.36531713604927063,0.5175968408584595,-0.05095679312944412,0.3666404187679291,0.43495649099349976,-0.056275807321071625,0.33117422461509705,0.48943522572517395,-0.007129849400371313,0.34910690784454346,0.42376068234443665,-0.045251235365867615,0.32478004693984985,0.4798603355884552,-0.06331329047679901,0.3076215982437134,0.5245053172111511,-0.06780155003070831,0.281681090593338,0.47127318382263184,-0.005209337454289198,0.2991628646850586,0.40435224771499634,-0.0469045527279377,0.27895355224609375,0.49759483337402344,-0.05532296746969223,0.269538015127182,0.546775758266449,-0.04827776178717613,0.22861388325691223,0.4681907892227173,-0.010234512388706207,0.23655852675437927,0.41075950860977173,-0.055697690695524216,0.23170261085033417,0.5063498020172119,-0.04648185521364212,0.22931838035583496,0.5573766231536865,-0.025920836254954338,0.1714204102754593,0.47675687074661255,-0.01716923713684082,0.17887085676193237,0.4274155795574188,-0.04861801862716675,0.18728138506412506,0.4943459630012512,-0.039369892328977585,0.19178633391857147,0.5338132381439209,-0.02222524583339691
0.18963824212551117,0.7176370024681091,-4.1762893943086965e-07,0.2649880647659302,0.6871793866157532,-0.024275092408061028,0.3310166597366333,0.6091792583465576,-0.030321145430207253,0.3612756133079529,0.5216080546379089,-0.0372832827270031,0.3675146698951721,0.44122159481048584,-0.03912375867366791,0.3288114368915558,0.5030174851417542,0.005603624042123556,0.3441295027732849,0.433971643447876,-0.029225584119558334,0.32317349314689636,0.4948979616165161,-0.0465594120323658,0.30969786643981934,0.5348584055900574,-0.05191763490438461,0.2821164131164551,0.48362675309181213,0.0037571026477962732,0.30088186264038086,0.41393664479255676,-0.03501390665769577,0.2826163172721863,0.503223717212677,-0.04413547366857529,0.27238863706588745,0.5437238216400146,-0.03882849961519241,0.230758398771286,0.4778696596622467,-0.00495110871270299,0.24242529273033142,0.4183152914047241,-0.05084487050771713,0.23482441902160645,0.5154731273651123,-0.04154456779360771,0.22921499609947205,0.5596620440483093,-0.021175801753997803,0.1729637235403061,0.48347342014312744,-0.015110495500266552,0.18526799976825714,0.4345499873161316,-0.048298828303813934,0.19037926197052002,0.5043954253196716,-0.038596659898757935,0.19154208898544312,0.5428349375724792,-0.020937727764248848
0.19111070036888123,0.722865879535675,-3.8388617440432427e-07,0.2674906253814697,0.6878900527954102,-0.02400221675634384,0.33186236023902893,0.611686646938324,-0.03127220273017883,0.36091476678848267,0.5243890285491943,-0.03976863995194435,0.3692795932292938,0.44298434257507324,-0.043774060904979706,0.3266613185405731,0.5053825378417969,0.0033667483367025852,0.34011828899383545,0.4334915280342102,-0.03191409632563591,0.3199116885662079,0.49439892172813416,-0.051099490374326706,0.3066216707229614,0.5411651134490967,-0.05752969905734062,0.28026941418647766,0.4882993996143341,0.0013639648677781224,0.2984924614429474,0.415919691324234,-0.03809298202395439,0.28094133734703064,0.5046625733375549,-0.04860226437449455,0.27000224590301514,0.5555664896965027,-0.044127967208623886,0.22950193285942078,0.4838714897632599,-0.007221564184874296,0.2414783537387848,0.4205920398235321,-0.05132434889674187,0.23538370430469513,0.517565906047821,-0.042731672525405884,0.23071858286857605,0.5709466934204102,-0.02309020794928074,0.1723587065935135,0.490866094827652,-0.01746121048927307,0.18560832738876343,0.4408670663833618,-0.04944194480776787,0.19155149161815643,0.5081636309623718,-0.0406235046684742,0.19351516664028168,0.5493687987327576,-0.02383803203701973
0.18977315723896027,0.7287483215332031,-4.0069929241326463e-07,0.26644083857536316,0.6922091245651245,-0.023109083995223045,0.33135735988616943,0.615180492401123,-0.02984543703496456,0.3604312539100647,0.5273810029029846,-0.03811462223529816,0.36965376138687134,0.445010244846344,-0.042195286601781845,0.32713189721107483,0.5109749436378479,0.006556944455951452,0.3408539295196533,0.43800538778305054,-0.02872982993721962,0.3197694420814514,0.4963349997997284,-0.0492551364004612,0.30512186884880066,0.544643223285675,-0.05648628622293472,0.28078076243400574,0.49351418018341064,0.004273782018572092,0.2990533709526062,0.4188072085380554,-0.03495671972632408,0.2806937098503113,0.5055243968963623,-0.046501100063323975,0.268662691116333,0.5592674016952515,-0.04267451912164688,0.23019643127918243,0.48838549852371216,-0.004702950362116098,0.24303412437438965,0.42252615094184875,-0.048253290355205536,0.2354576289653778,0.5181706547737122,-0.03999137133359909,0.2293786108493805,0.5736668109893799,-0.020550822839140892,0.1731928586959839,0.4947319030761719,-0.01536687184125185,0.18745611608028412,0.44240647554397583,-0.04697190597653389,0.19088956713676453,0.5096222162246704,-0.037985242903232574,0.19097715616226196,0.5515645742416382,-0.021110663190484047
0.19079366326332092,0.7251620888710022,-3.8383080891435384e-07,0.26917240023612976,0.6877760887145996,-0.023221690207719803,0.3339734673500061,0.6141266226768494,-0.03043161891400814,0.3622867465019226,0.5279277563095093,-0.03919772431254387,0.37050819396972656,0.4468364715576172,-0.0438796766102314,0.33204299211502075,0.5097504258155823,0.007430186960846186,0.3436756730079651,0.4395908713340759,-0.02746516838669777,0.322113960981369,0.4950069785118103,-0.04857781156897545,0.30786246061325073,0.5421546101570129,-0.05649296194314957,0.28530317544937134,0.4929150342941284,0.005265344399958849,0.30110135674476624,0.4199833869934082,-0.03393862023949623,0.28291088342666626,0.5044732093811035,-0.046381112188100815,0.27222728729248047,0.5584654211997986,-0.043439831584692,0.23441585898399353,0.48838722705841064,-0.003640646580606699,0.2459566593170166,0.4267048239707947,-0.046750690788030624,0.23893611133098602,0.5181110501289368,-0.04007897153496742,0.23402468860149384,0.5721306800842285,-0.022006360813975334,0.17754745483398438,0.495018869638443,-0.014245106838643551,0.19164249300956726,0.4440333843231201,-0.04471348598599434,0.19543159008026123,0.5080170035362244,-0.03642233461141586,0.19619019329547882,0.548445463180542,-0.020485443994402885
0.19343920052051544,0.7192309498786926,-3.801522439061955e-07,0.2696492671966553,0.6841855049133301,-0.023646099492907524,0.3340238034725189,0.6129018068313599,-0.03174227476119995,0.362236350774765,0.5270055532455444,-0.041016835719347,0.3707789480686188,0.4468468427658081,-0.0459204725921154,0.3337077796459198,0.5077678561210632,0.0035189527552574873,0.34649941325187683,0.43515729904174805,-0.03215211257338524,0.3248280882835388,0.4928376376628876,-0.052480340003967285,0.30963969230651855,0.5399728417396545,-0.05963272973895073,0.2875424027442932,0.4908614158630371,0.0012999881291761994,0.3026765286922455,0.4163024127483368,-0.03815646469593048,0.2854169011116028,0.5018310546875,-0.0495314858853817,0.2745824158191681,0.5539988875389099,-0.04601782560348511,0.23715442419052124,0.4865383803844452,-0.007487376220524311,0.24664725363254547,0.4231101870536804,-0.051338549703359604,0.24103371798992157,0.5166487693786621,-0.04382810369133949,0.2370176762342453,0.5699500441551208,-0.025211330503225327,0.18036919832229614,0.4934171140193939,-0.017883697524666786,0.19241000711917877,0.4417734742164612,-0.04947317764163017,0.1969815492630005,0.5083103775978088,-0.04108836501836777,0.19850000739097595,0.5496430397033691,-0.024960249662399292
0.19639649987220764,0.715638279914856,-3.746387733372103e-07,0.27248167991638184,0.6789249181747437,-0.022218765690922737,0.3352677822113037,0.6083498597145081,-0.029969435185194016,0.36372482776641846,0.5236324667930603,-0.03947962075471878,0.3723636567592621,0.4439888000488281,-0.044930413365364075,0.3349587917327881,0.5049177408218384,0.005153173580765724,0.3488786816596985,0.4317236542701721,-0.030145546421408653,0.3267701268196106,0.4873611032962799,-0.05099587142467499,0.31098300218582153,0.535782516002655,-0.05846402049064636,0.28911927342414856,0.48869410157203674,0.002506726421415806,0.30468782782554626,0.4148889482021332,-0.03668266534805298,0.2870103418827057,0.49830958247184753,-0.04903094843029976,0.2757994532585144,0.5523388385772705,-0.046287912875413895,0.23896846175193787,0.48465970158576965,-0.006575492676347494,0.24875248968601227,0.4204157292842865,-0.049049463123083115,0.24369141459465027,0.5117712020874023,-0.04275059700012207,0.23984217643737793,0.5674492120742798,-0.025306634604930878,0.1827646791934967,0.4915911555290222,-0.01724906452000141,0.19329187273979187,0.4393245577812195,-0.0476931668817997,0.19959551095962524,0.5028133988380432,-0.04018519073724747,0.20291343331336975,0.545331597328186,-0.024934813380241394
0.19812043011188507,0.7153327465057373,-3.7681391518162854e-07,0.2748289704322815,0.6774064898490906,-0.021498164162039757,0.336404025554657,0.6055641174316406,-0.028817156329751015,0.3653181791305542,0.5212871432304382,-0.03808749467134476,0.37447941303253174,0.44203266501426697,-0.04338415339589119,0.3341459035873413,0.504627525806427,0.005541268736124039,0.3482334315776825,0.43193453550338745,-0.029783207923173904,0.3262612819671631,0.487555593252182,-0.05063363164663315,0.3101549744606018,0.5359177589416504,-0.05810634046792984,0.2886805236339569,0.48843711614608765,0.002581251785159111,0.30562013387680054,0.41382062435150146,-0.03717243671417236,0.2880542278289795,0.4970478415489197,-0.04981396347284317,0.27613234519958496,0.5522201061248779,-0.04697294160723686,0.23902277648448944,0.48432841897010803,-0.006716578267514706,0.2488592118024826,0.4195166826248169,-0.049102313816547394,0.24399924278259277,0.5103092193603516,-0.042969491332769394,0.23999324440956116,0.5663062930107117,-0.025501422584056854,0.18352872133255005,0.4914126694202423,-0.017571164295077324,0.1934742033481598,0.4399562478065491,-0.04782858118414879,0.20076993107795715,0.5026052594184875,-0.04061850160360336,0.20488788187503815,0.5447998046875,-0.025557514280080795
0.19954580068588257,0.7139661312103271,-3.6812804182773107e-07,0.27564537525177,0.6761600375175476,-0.022295929491519928,0.33817628026008606,0.604868471622467,-0.029839498922228813,0.36751610040664673,0.5216444730758667,-0.03909822925925255,0.3746607005596161,0.4422037601470947,-0.044423457235097885,0.33647164702415466,0.5016078352928162,0.0062169479206204414,0.34903430938720703,0.43217170238494873,-0.02887711115181446,0.327138215303421,0.48765793442726135,-0.0498243123292923,0.3124050796031952,0.5352767109870911,-0.05738110467791557,0.29078587889671326,0.48485884070396423,0.003613566281273961,0.3072541356086731,0.4128831624984741,-0.035641156136989594,0.28905507922172546,0.49545156955718994,-0.04807775840163231,0.27821987867355347,0.5499295592308044,-0.04503709822893143,0.2408788949251175,0.4805750846862793,-0.005492363125085831,0.25131529569625854,0.4201577305793762,-0.048030778765678406,0.24522371590137482,0.5104873776435852,-0.0419323705136776,0.24144206941127777,0.5654346942901611,-0.024299098178744316,0.18543735146522522,0.48765623569488525,-0.01617446355521679,0.1960698962211609,0.43778085708618164,-0.04615984112024307,0.2017870843410492,0.5009312629699707,-0.03838050737977028,0.20516198873519897,0.5426876544952393,-0.022814253345131874
0.20041678845882416,0.713945209980011,-3.763321672067832e-07,0.27619418501853943,0.676716148853302,-0.02297896146774292,0.33887743949890137,0.6053295135498047,-0.03086688555777073,0.3681149482727051,0.5217510461807251,-0.04033588618040085,0.3757840394973755,0.4420299232006073,-0.045708443969488144,0.33766087889671326,0.501889705657959,0.005724211223423481,0.3497929573059082,0.4322949945926666,-0.03001900389790535,0.3275831937789917,0.4893808960914612,-0.05105536803603172,0.3129294812679291,0.5366793870925903,-0.05861982703208923,0.2920033633708954,0.48469078540802,0.003332615364342928,0.3082251250743866,0.4126746654510498,-0.036697208881378174,0.28962892293930054,0.4971649646759033,-0.049081478267908096,0.27857840061187744,0.5510776042938232,-0.04577897861599922,0.2421906292438507,0.4802628457546234,-0.00566676864400506,0.2515277564525604,0.4184257388114929,-0.04899786412715912,0.24556714296340942,0.5103614330291748,-0.04251939058303833,0.24203605949878693,0.5652427077293396,-0.024420401081442833,0.18666428327560425,0.48748600482940674,-0.016293099150061607,0.19620734453201294,0.4376314878463745,-0.047254569828510284,0.20231519639492035,0.5019237399101257,-0.03969245404005051,0.206204354763031,0.543813169002533,-0.024024752900004387
0.20090949535369873,0.7137144804000854,-3.75070356994911e-07,0.2761119604110718,0.6766677498817444,-0.022612588480114937,0.3388703763484955,0.6048991680145264,-0.030589397996664047,0.3685990571975708,0.5215986967086792,-0.04019639268517494,0.3759639263153076,0.44196492433547974,-0.04579407349228859,0.33728358149528503,0.50199955701828,0.004596933722496033,0.3503817319869995,0.4322819709777832,-0.030934443697333336,0.3281799554824829,0.48925068974494934,-0.0517905093729496,0.3130684494972229,0.5362676382064819,-0.059336982667446136,0.291555255651474,0.4849967658519745,0.0019742518197745085,0.3085208833217621,0.4127756357192993,-0.03768153861165047,0.2902579605579376,0.49715834856033325,-0.0498838871717453,0.2788085341453552,0.5511095523834229,-0.04675261676311493,0.24166713654994965,0.4807046949863434,-0.0070993839763104916,0.2518608868122101,0.4175393879413605,-0.04975390434265137,0.2466047704219818,0.5090978145599365,-0.043285712599754333,0.24274447560310364,0.5645293593406677,-0.02556837536394596,0.1862211525440216,0.48792681097984314,-0.017791353166103363,0.19607305526733398,0.4371011555194855,-0.048315491527318954,0.20266655087471008,0.5004032850265503,-0.040863897651433945,0.2062884271144867,0.5424143075942993,-0.025544654577970505
0.2008078694343567,0.7121716737747192,-3.7401747476906166e-07,0.27631768584251404,0.6753455400466919,-0.02235739678144455,0.3389774262905121,0.6042742133140564,-0.030079344287514687,0.3689839541912079,0.5215611457824707,-0.0394662506878376,0.3763825297355652,0.4421592354774475,-0.044938135892152786,0.3378462791442871,0.5020757913589478,0.0052545140497386456,0.35056960582733154,0.4322068691253662,-0.030077772215008736,0.3284838795661926,0.4880429804325104,-0.05098658427596092,0.3134610652923584,0.5351617932319641,-0.05855441465973854,0.2921287715435028,0.4847327172756195,0.0026021997909992933,0.3091530501842499,0.41191041469573975,-0.03671877086162567,0.29048535227775574,0.49519163370132446,-0.04901029169559479,0.2790687084197998,0.5491799116134644,-0.045907407999038696,0.24222855269908905,0.4802745282649994,-0.006479567848145962,0.2526184618473053,0.41811802983283997,-0.04893296957015991,0.24653777480125427,0.5088125467300415,-0.04248802736401558,0.24264219403266907,0.5635707378387451,-0.02473638392984867,0.18678772449493408,0.4872491955757141,-0.01715231128036976,0.1968313604593277,0.4368184208869934,-0.04725714772939682,0.20267784595489502,0.49983322620391846,-0.03941270709037781,0.2060219794511795,0.5412737131118774,-0.02384466677904129
0.20186853408813477,0.7110427618026733,-3.6912723544446635e-07,0.2764851748943329,0.6747885346412659,-0.022972220554947853,0.33912748098373413,0.6040375232696533,-0.031172454357147217,0.36909615993499756,0.5212986469268799,-0.04092588648200035,0.3765574097633362,0.441843181848526,-0.04664018005132675,0.33790215849876404,0.5011708736419678,0.0040984307415783405,0.3512668311595917,0.43115201592445374,-0.03176657482981682,0.3291829228401184,0.48776310682296753,-0.052685461938381195,0.31385189294815063,0.5350013971328735,-0.0601564422249794,0.2922266721725464,0.48413583636283875,0.001616236986592412,0.3092809021472931,0.41135475039482117,-0.03846285119652748,0.29101333022117615,0.49581703543663025,-0.05073545128107071,0.27945879101753235,0.5500714182853699,-0.04748019576072693,0.2423258274793625,0.47975999116897583,-0.007352232933044434,0.25268155336380005,0.4168137013912201,-0.05046994239091873,0.24703989923000336,0.5085769295692444,-0.04401889443397522,0.24291262030601501,0.563897430896759,-0.026124611496925354,0.18677276372909546,0.48679056763648987,-0.017944540828466415,0.19670993089675903,0.43652528524398804,-0.04878942295908928,0.20315289497375488,0.4997967779636383,-0.041427772492170334,0.20658715069293976,0.5414336919784546,-0.026079142466187477
0.20217689871788025,0.7129952907562256,-3.733367748282035e-07,0.27727335691452026,0.6757553815841675,-0.02212469093501568,0.3391263484954834,0.6038244366645813,-0.029826408252120018,0.3688484728336334,0.5206673741340637,-0.03940282762050629,0.3764529526233673,0.4409536123275757,-0.04507602006196976,0.3379661440849304,0.5024415254592896,0.005429596174508333,0.3511533737182617,0.4319598078727722,-0.030400874093174934,0.329061895608902,0.4881693124771118,-0.05157675966620445,0.31383562088012695,0.5360046625137329,-0.05919767916202545,0.2921999394893646,0.48534002900123596,0.00253726402297616,0.3094620704650879,0.4118380546569824,-0.03753834217786789,0.2909797132015228,0.49554720520973206,-0.05011829733848572,0.2793256640434265,0.5504046678543091,-0.04703795909881592,0.24223601818084717,0.4808063507080078,-0.006848428398370743,0.2526291012763977,0.41627684235572815,-0.049733273684978485,0.24679195880889893,0.5075912475585938,-0.04353732243180275,0.24260778725147247,0.5638609528541565,-0.02584955096244812,0.1867256760597229,0.4877936840057373,-0.01785530522465706,0.19646088778972626,0.43672600388526917,-0.048643700778484344,0.20286554098129272,0.4992353320121765,-0.041601989418268204,0.20652315020561218,0.5412749648094177,-0.026507915928959846
0.20215153694152832,0.70939040184021,-3.7969712707308645e-07,0.27602341771125793,0.6723430156707764,-0.02197272889316082,0.3380875289440155,0.6007749438285828,-0.02971535734832287,0.3682524859905243,0.5186683535575867,-0.0391080304980278,0.375702440738678,0.4403455853462219,-0.044498227536678314,0.33931559324264526,0.49940386414527893,0.004700980149209499,0.3515712022781372,0.4295794367790222,-0.0304253026843071,0.3291475176811218,0.48558399081230164,-0.051091164350509644,0.31365203857421875,0.531815767288208,-0.05858359858393669,0.2932741641998291,0.48236575722694397,0.0018617307068780065,0.3090445399284363,0.40994012355804443,-0.03709382936358452,0.29087957739830017,0.4938132166862488,-0.048995401710271835,0.279570996761322,0.5464310646057129,-0.04593028873205185,0.24302522838115692,0.4785120487213135,-0.007311106193810701,0.25262847542762756,0.41505861282348633,-0.0494878850877285,0.2476622611284256,0.5056713223457336,-0.042991653084754944,0.24404431879520416,0.5598052740097046,-0.02551080845296383,0.18721050024032593,0.48602187633514404,-0.01802125945687294,0.19686543941497803,0.4344731271266937,-0.0481492318212986,0.20318076014518738,0.49694985151290894,-0.04049183428287506,0.20662502944469452,0.5380715131759644,-0.02521905116736889
0.20203590393066406,0.7059930562973022,-3.8012188952052384e-07,0.2763710021972656,0.6709614992141724,-0.022145206108689308,0.33856940269470215,0.5998960733413696,-0.029802238568663597,0.3686371445655823,0.5175700783729553,-0.038987062871456146,0.3753446340560913,0.439802348613739,-0.044060852378606796,0.3380458354949951,0.49663740396499634,0.0036233877763152122,0.35111355781555176,0.4266633689403534,-0.031708139926195145,0.3284924626350403,0.48396843671798706,-0.05200975388288498,0.31328731775283813,0.5298422574996948,-0.05927666649222374,0.2920511066913605,0.4797174334526062,0.0008103265427052975,0.3084622621536255,0.407706081867218,-0.03840601071715355,0.2901914715766907,0.491982102394104,-0.04999568313360214,0.279053270816803,0.5437405705451965,-0.046643730252981186,0.24180980026721954,0.47609835863113403,-0.008289807476103306,0.25143861770629883,0.41300278902053833,-0.05069328472018242,0.24650253355503082,0.5042825937271118,-0.04380073398351669,0.2432737499475479,0.5577693581581116,-0.026029137894511223,0.18621456623077393,0.4840813875198364,-0.018933076411485672,0.19540388882160187,0.4337349534034729,-0.04935457557439804,0.2018379420042038,0.496616929769516,-0.04160619527101517,0.20550629496574402,0.5372973084449768,-0.026193788275122643
0.2019864022731781,0.7047421932220459,-3.752691952740861e-07,0.2762526571750641,0.6698861718177795,-0.021323153749108315,0.33843138813972473,0.5983241200447083,-0.02843504399061203,0.3685697317123413,0.5154796242713928,-0.03725995123386383,0.3740903437137604,0.43775469064712524,-0.04215283691883087,0.33866116404533386,0.4964822828769684,0.004411992151290178,0.3518286347389221,0.42601704597473145,-0.03046129085123539,0.3293726146221161,0.48191940784454346,-0.05078500509262085,0.3147621154785156,0.5277657508850098,-0.05824501812458038,0.2922663986682892,0.47892409563064575,0.0012319028610363603,0.3085601329803467,0.40589016675949097,-0.03781278431415558,0.29059457778930664,0.48837411403656006,-0.049890562891960144,0.2801963686943054,0.5402703285217285,-0.04697716236114502,0.24180901050567627,0.4749376177787781,-0.008079193532466888,0.2506161034107208,0.4113978445529938,-0.05010680481791496,0.24576923251152039,0.5016219615936279,-0.04365549236536026,0.24317573010921478,0.5553900599479675,-0.026356928050518036,0.1863715648651123,0.4824979901313782,-0.018897298723459244,0.1945575475692749,0.4322408437728882,-0.049127113074064255,0.20095843076705933,0.49409353733062744,-0.04167044907808304,0.20525246858596802,0.5344768166542053,-0.026599030941724777
0.2026118040084839,0.7028643488883972,-3.6743816167472687e-07,0.27650871872901917,0.667840838432312,-0.02161068469285965,0.3382032513618469,0.5966460108757019,-0.028980335220694542,0.3683500289916992,0.5148763060569763,-0.03795388713479042,0.37371304631233215,0.4373559355735779,-0.04288485646247864,0.3380225598812103,0.4941079914569855,0.0036305319517850876,0.35136234760284424,0.42428058385849,-0.03115002065896988,0.3293609619140625,0.48101913928985596,-0.0512734018266201,0.31482309103012085,0.5265234708786011,-0.05861697345972061,0.2916310131549835,0.47676539421081543,0.0005773887387476861,0.3081591725349426,0.4045542776584625,-0.03831356018781662,0.2906527519226074,0.4880896806716919,-0.050166402012109756,0.2802872359752655,0.539483904838562,-0.04717855527997017,0.2410556674003601,0.4730929434299469,-0.00854452233761549,0.2504807412624359,0.4103049039840698,-0.05043980851769447,0.24596159160137177,0.5008015632629395,-0.043737802654504776,0.24314528703689575,0.5537617206573486,-0.026331789791584015,0.18558090925216675,0.48091602325439453,-0.019174180924892426,0.19490963220596313,0.43155089020729065,-0.04920465499162674,0.20175579190254211,0.4937768578529358,-0.04141654819250107,0.20559683442115784,0.5339518189430237,-0.02613021247088909
0.20195674896240234,0.6998482942581177,-3.742537444395566e-07,0.27547985315322876,0.6660085916519165,-0.02138439752161503,0.3373921513557434,0.5966027975082397,-0.028717342764139175,0.36775994300842285,0.5157711505889893,-0.03768391162157059,0.37413111329078674,0.43834829330444336,-0.042607665061950684,0.33896276354789734,0.4935142993927002,0.0034192686434835196,0.35219085216522217,0.42387309670448303,-0.03142032027244568,0.33002597093582153,0.4800949692726135,-0.051394153386354446,0.3156953454017639,0.5254234671592712,-0.05860176309943199,0.29229971766471863,0.475406676530838,0.00023283679911401123,0.3087962567806244,0.4033728837966919,-0.038424666970968246,0.29077979922294617,0.4861442744731903,-0.05000809207558632,0.28066539764404297,0.536736249923706,-0.046905335038900375,0.2415170669555664,0.47132909297943115,-0.008996437303721905,0.2505572438240051,0.409660279750824,-0.05073540657758713,0.24547934532165527,0.4993165135383606,-0.04387973994016647,0.243085578083992,0.5513810515403748,-0.02645101770758629,0.18592439591884613,0.4787227213382721,-0.019706908613443375,0.19427412748336792,0.4292876720428467,-0.04939780756831169,0.20050948858261108,0.49071475863456726,-0.04134344682097435,0.20442314445972443,0.5300160050392151,-0.02594131790101528
0.2058832347393036,0.6855170130729675,-3.311475325062929e-07,0.2746761739253998,0.6553217172622681,-0.027080072090029716,0.33714669942855835,0.5881752371788025,-0.03791779652237892,0.36487650871276855,0.5101377367973328,-0.048635050654411316,0.365361750125885,0.4373067617416382,-0.05394701659679413,0.34296488761901855,0.4755689203739166,-0.004739019088447094,0.35041162371635437,0.4137709140777588,-0.04229617118835449,0.32953590154647827,0.47481009364128113,-0.06199098005890846,0.320146769285202,0.5141258835792542,-0.06923467665910721,0.29406800866127014,0.4574982523918152,-0.006338974926620722,0.30383092164993286,0.39768385887145996,-0.04790346696972847,0.2871595621109009,0.48564422130584717,-0.057622842490673065,0.2821907103061676,0.5259422659873962,-0.053201813250780106,0.24139100313186646,0.4557569921016693,-0.014381532557308674,0.2462845891714096,0.4031505882740021,-0.059579603374004364,0.2423311471939087,0.4948596954345703,-0.0505157895386219,0.24384815990924835,0.5366901159286499,-0.03169025853276253,0.18455296754837036,0.46688613295555115,-0.024267064407467842,0.18922394514083862,0.42913347482681274,-0.056648142635822296,0.19685035943984985,0.4938623309135437,-0.04803936928510666,0.20384842157363892,0.5267592668533325,-0.03192373737692833
0.21378743648529053,0.678148090839386,-2.90153764126444e-07,0.2750568389892578,0.6540823578834534,-0.034346163272857666,0.3361178934574127,0.5942325592041016,-0.05050000175833702,0.3555624783039093,0.5222218632698059,-0.06453386694192886,0.35006001591682434,0.4571232497692108,-0.07217257469892502,0.33763110637664795,0.4637683033943176,-0.017618777230381966,0.3431679606437683,0.40894824266433716,-0.05966637656092644,0.32638314366340637,0.4741142988204956,-0.08050636202096939,0.32017093896865845,0.5129514932632446,-0.08818027377128601,0.2856132984161377,0.44853538274765015,-0.01687939092516899,0.2897663712501526,0.40210187435150146,-0.06179812178015709,0.27990567684173584,0.4937581717967987,-0.07109534740447998,0.2802005708217621,0.5250993967056274,-0.06698133796453476,0.23268458247184753,0.4497274160385132,-0.023087933659553528,0.23059026896953583,0.41285616159439087,-0.07178162783384323,0.2319510281085968,0.5033004879951477,-0.06206030771136284,0.23704063892364502,0.5326877236366272,-0.043412093073129654,0.1767762303352356,0.4638213515281677,-0.0314776748418808,0.17890778183937073,0.4348544478416443,-0.06438490748405457,0.18830648064613342,0.5033580660820007,-0.05417844280600548,0.19579190015792847,0.5313174724578857,-0.03755224868655205
0.22333253920078278,0.6733309626579285,-2.341999163490982e-07,0.27963975071907043,0.6510744094848633,-0.03199614956974983,0.3380115032196045,0.6025606989860535,-0.05074581876397133,0.35852211713790894,0.5509244203567505,-0.06775405257940292,0.34342536330223083,0.49994251132011414,-0.079804927110672,0.3136684000492096,0.44199109077453613,-0.024254465475678444,0.3228391110897064,0.4091167449951172,-0.06369691342115402,0.31789469718933105,0.4789769947528839,-0.08628764748573303,0.31094905734062195,0.5212271213531494,-0.0962110087275505,0.2644520699977875,0.4320959448814392,-0.024346841499209404,0.27043694257736206,0.4255145192146301,-0.06137291342020035,0.2705216705799103,0.5053690075874329,-0.07181756943464279,0.2679516673088074,0.530070424079895,-0.0730561837553978,0.21468082070350647,0.4408707916736603,-0.030749903991818428,0.2193402647972107,0.4500330686569214,-0.06554053723812103,0.22755801677703857,0.5182437300682068,-0.06047540903091431,0.230194091796875,0.5339221358299255,-0.051353808492422104,0.16622239351272583,0.4644504189491272,-0.04021836444735527,0.17667783796787262,0.47405824065208435,-0.06170205399394035,0.18864619731903076,0.5268893837928772,-0.05529585853219032,0.1942717432975769,0.541915774345398,-0.045910000801086426
0.2171367108821869,0.6696078777313232,-2.1731507615641021e-07,0.2737153172492981,0.6547640562057495,-0.04482471942901611,0.3285452723503113,0.616630494594574,-0.07300835847854614,0.3273744583129883,0.5802544355392456,-0.09507111459970474,0.2900264263153076,0.5623859763145447,-0.11057975143194199,0.298235684633255,0.43245264887809753,-0.06044286862015724,0.2891930043697357,0.5049059987068176,-0.10729541629552841,0.29457151889801025,0.5853927731513977,-0.13036085665225983,0.3023260533809662,0.604241132736206,-0.14126445353031158,0.23833969235420227,0.42209166288375854,-0.05714653059840202,0.22414211928844452,0.5440276861190796,-0.09411395341157913,0.23697590827941895,0.6096140146255493,-0.10066494345664978,0.24698495864868164,0.5995285511016846,-0.10186924040317535,0.184045672416687,0.44441860914230347,-0.059300217777490616,0.1779145747423172,0.5753775835037231,-0.09034641832113266,0.19680985808372498,0.6246188879013062,-0.08051545917987823,0.20765237510204315,0.6068285703659058,-0.07107724249362946,0.13843664526939392,0.4826427400112152,-0.06675919145345688,0.13946345448493958,0.5852947235107422,-0.08577551692724228,0.15969398617744446,0.6319236159324646,-0.07798797637224197,0.17150339484214783,0.6249869465827942,-0.06799288094043732
0.20129160583019257,0.6218855977058411,-8.513153915146177e-08,0.25274017453193665,0.6183582544326782,-0.03289990872144699,0.30087676644325256,0.6210955381393433,-0.05905500799417496,0.32554545998573303,0.660400390625,-0.08272742480039597,0.3292884826660156,0.7169414162635803,-0.106751948595047,0.2887198328971863,0.4672149419784546,-0.05752238631248474,0.3016138970851898,0.6107248663902283,-0.09560075402259827,0.2967662811279297,0.6429049968719482,-0.11997118592262268,0.2916816473007202,0.6152413487434387,-0.1382511854171753,0.219797745347023,0.4666978418827057,-0.06401702016592026,0.23657956719398499,0.6426972150802612,-0.09321632981300354,0.23939965665340424,0.6776725649833679,-0.10026151686906815,0.23256538808345795,0.6436874270439148,-0.1082182452082634,0.16036611795425415,0.5028191804885864,-0.07348364591598511,0.17687790095806122,0.6577731370925903,-0.10468026995658875,0.1844334602355957,0.693390429019928,-0.09677176177501678,0.1833552122116089,0.662347674369812,-0.09041646122932434,0.11209024488925934,0.5540364384651184,-0.08725220710039139,0.12176698446273804,0.6612080335617065,-0.1160808578133583,0.13802188634872437,0.7072981595993042,-0.11118626594543457,0.14842894673347473,0.709620475769043,-0.10390768200159073
0.21127234399318695,0.6121981143951416,1.3828874045884731e-07,0.27115264534950256,0.6271575093269348,-0.054583579301834106,0.322721391916275,0.6663650870323181,-0.09926043450832367,0.34430596232414246,0.7208153009414673,-0.1372484564781189,0.3358362019062042,0.7659813165664673,-0.1752687692642212,0.30540192127227783,0.5103733539581299,-0.11097776889801025,0.3108196556568146,0.677214503288269,-0.16761530935764313,0.3043002188205719,0.6710755228996277,-0.2032543569803238,0.30045896768569946,0.6272971630096436,-0.22765426337718964,0.23302072286605835,0.5182017683982849,-0.10930748283863068,0.25340527296066284,0.716273307800293,-0.14855526387691498,0.24998915195465088,0.6970576643943787,-0.15394607186317444,0.2405564785003662,0.6358521580696106,-0.16248181462287903,0.16897644102573395,0.5544248819351196,-0.11086568981409073,0.19429990649223328,0.7304655909538269,-0.1436706930398941,0.19255715608596802,0.7099291682243347,-0.12621580064296722,0.18660816550254822,0.6508514881134033,-0.11457102000713348,0.11440684646368027,0.5995197296142578,-0.12020015716552734,0.12946674227714539,0.7276253700256348,-0.15050667524337769,0.13892433047294617,0.7239187359809875,-0.14568862318992615,0.14355945587158203,0.6919183135032654,-0.13866740465164185
0.19004473090171814,0.6230119466781616,1.5546321208148584e-07,0.24855530261993408,0.6378529071807861,-0.057244956493377686,0.3009645342826843,0.6673706769943237,-0.10179247707128525,0.3203946650028229,0.7293936014175415,-0.1416507065296173,0.31293392181396484,0.7919389605522156,-0.18076929450035095,0.30009838938713074,0.5276763439178467,-0.10546808689832687,0.2888961136341095,0.6960968375205994,-0.17347723245620728,0.2855556011199951,0.7006574273109436,-0.214393749833107,0.2907828986644745,0.655811607837677,-0.23922893404960632,0.2227533608675003,0.5241190195083618,-0.10366103798151016,0.22218194603919983,0.7388854026794434,-0.1529046893119812,0.223261296749115,0.7310054302215576,-0.15693287551403046,0.22331953048706055,0.660791277885437,-0.16024473309516907,0.15290187299251556,0.5515956282615662,-0.10756153613328934,0.15985384583473206,0.7414544820785522,-0.14889459311962128,0.16864895820617676,0.7346364259719849,-0.1269533336162567,0.17514309287071228,0.6734166145324707,-0.10797397792339325,0.09473012387752533,0.5884079337120056,-0.12003454566001892,0.10312758386135101,0.7319344282150269,-0.15349069237709045,0.11584509909152985,0.7356436252593994,-0.14557114243507385,0.12484110891819,0.7016218900680542,-0.13386163115501404
0.19012832641601562,0.6198211312294006,1.9871534107096522e-07,0.2523384988307953,0.6391408443450928,-0.05722096562385559,0.3019427955150604,0.6852336525917053,-0.10149747878313065,0.3175297975540161,0.7559718489646912,-0.13883134722709656,0.3106648027896881,0.8155862092971802,-0.1750965118408203,0.30058419704437256,0.5362256765365601,-0.12134580314159393,0.2837563157081604,0.7191321849822998,-0.18364068865776062,0.2845204472541809,0.7138795256614685,-0.2159401923418045,0.29191291332244873,0.6702068448066711,-0.23480994999408722,0.22123971581459045,0.5313101410865784,-0.11797251552343369,0.2220895141363144,0.7595654726028442,-0.15893156826496124,0.22501417994499207,0.7379364967346191,-0.15296527743339539,0.22637851536273956,0.667887270450592,-0.15087619423866272,0.1498408019542694,0.5579825639724731,-0.11860590428113937,0.1584009826183319,0.7581964731216431,-0.15585613250732422,0.16780412197113037,0.7341518402099609,-0.1272341012954712,0.17623522877693176,0.6733672022819519,-0.10369838029146194,0.09043146669864655,0.5952221155166626,-0.12750883400440216,0.09757111966609955,0.7409123778343201,-0.1637289673089981,0.11474011838436127,0.7305031418800354,-0.15484406054019928,0.12698979675769806,0.6985160708427429,-0.1409364640712738
0.1898101270198822,0.6214602589607239,2.1622558676881454e-07,0.24932323396205902,0.6368868947029114,-0.05516043305397034,0.30379411578178406,0.6753078103065491,-0.09747370332479477,0.32226040959358215,0.7482673525810242,-0.13400709629058838,0.30728012323379517,0.8116808533668518,-0.1697089821100235,0.29975399374961853,0.5289925336837769,-0.11128179728984833,0.2872501015663147,0.701898455619812,-0.17214566469192505,0.2914345860481262,0.7038087844848633,-0.20611020922660828,0.2983470559120178,0.6638792753219604,-0.2266194224357605,0.22280894219875336,0.5243048667907715,-0.10904119908809662,0.22362521290779114,0.749234676361084,-0.15154814720153809,0.23052895069122314,0.7336968779563904,-0.15154725313186646,0.23285095393657684,0.6666065454483032,-0.15403252840042114,0.15234963595867157,0.5511611700057983,-0.11104848235845566,0.16107064485549927,0.7516124248504639,-0.14739865064620972,0.17396366596221924,0.7341362833976746,-0.1253516674041748,0.1837119460105896,0.6750896573066711,-0.10732734203338623,0.09253811836242676,0.5880497097969055,-0.1212213784456253,0.10029473900794983,0.73583984375,-0.15489649772644043,0.11706323176622391,0.7269377112388611,-0.14943799376487732,0.12796440720558167,0.6957688331604004,-0.13954293727874756
0.1932084709405899,0.6202877163887024,1.6799583590909606e-07,0.2543317973613739,0.6303964853286743,-0.05321833863854408,0.30955588817596436,0.6632903218269348,-0.09659606963396072,0.3311378061771393,0.7310877442359924,-0.13505177199840546,0.31844258308410645,0.7927199602127075,-0.17181502282619476,0.3011130392551422,0.5205755233764648,-0.11012184619903564,0.29339075088500977,0.6924839019775391,-0.17142656445503235,0.2983487546443939,0.7016979455947876,-0.20193685591220856,0.30394768714904785,0.6640063524246216,-0.21909354627132416,0.22575876116752625,0.5190703272819519,-0.10965035855770111,0.22919470071792603,0.7393218278884888,-0.15268659591674805,0.2352975755929947,0.7295514941215515,-0.14878220856189728,0.23701001703739166,0.6588765978813171,-0.14756406843662262,0.15692654252052307,0.5479073524475098,-0.11373809725046158,0.16562700271606445,0.7450581192970276,-0.1491107940673828,0.17863953113555908,0.7305670976638794,-0.12321783602237701,0.18679897487163544,0.6674870252609253,-0.10278510302305222,0.09881499409675598,0.5871991515159607,-0.1260932981967926,0.10577870905399323,0.7328639030456543,-0.1573578268289566,0.12141736596822739,0.7262827157974243,-0.1494811624288559,0.12925051152706146,0.6920937299728394,-0.13827337324619293
0.19024664163589478,0.6489413380622864,-1.2792912684744806e-07,0.25547951459884644,0.6605070233345032,-0.04207975044846535,0.31415241956710815,0.6702265739440918,-0.07879766821861267,0.33952054381370544,0.7151215076446533,-0.11360134184360504,0.33230891823768616,0.7662450075149536,-0.14719270169734955,0.30491745471954346,0.5140318274497986,-0.07749440521001816,0.3005661964416504,0.6604464054107666,-0.13126049935817719,0.2949189841747284,0.7202823162078857,-0.16009512543678284,0.2958909273147583,0.7015092968940735,-0.17829810082912445,0.23515105247497559,0.5067323446273804,-0.08412560075521469,0.23392800986766815,0.6773577928543091,-0.12641143798828125,0.2309148758649826,0.7270057201385498,-0.1339595764875412,0.2297494262456894,0.6837515830993652,-0.14134001731872559,0.16765853762626648,0.5313976407051086,-0.0949527695775032,0.17051348090171814,0.6866292357444763,-0.13399231433868408,0.1728038638830185,0.7316229343414307,-0.12323703616857529,0.1714392751455307,0.6948978304862976,-0.11503136157989502,0.10946722328662872,0.5696895122528076,-0.1111493706703186,0.10462558269500732,0.6823160648345947,-0.13821138441562653,0.11805842071771622,0.724105954170227,-0.1314314603805542,0.12568363547325134,0.7160330414772034,-0.12491922080516815
0.1975775957107544,0.6846120953559875,-3.105983381601618e-08,0.2653391361236572,0.6700414419174194,-0.034386713057756424,0.3266434967517853,0.6466950178146362,-0.06610441207885742,0.3510938286781311,0.6677613854408264,-0.09643307328224182,0.33127647638320923,0.6999239325523376,-0.12376479059457779,0.31246045231819153,0.46762314438819885,-0.06195533648133278,0.3025950789451599,0.5797155499458313,-0.1123271957039833,0.3040584921836853,0.6413378715515137,-0.14091560244560242,0.31175050139427185,0.6331321001052856,-0.15783290565013885,0.24036678671836853,0.4668981432914734,-0.0691361278295517,0.2378213107585907,0.6246434450149536,-0.11022695899009705,0.2434515804052353,0.6822203397750854,-0.11886512488126755,0.24702876806259155,0.6547330021858215,-0.12389855831861496,0.17312011122703552,0.49894097447395325,-0.0804729014635086,0.1818438470363617,0.6610177755355835,-0.11635062843561172,0.18916824460029602,0.7024628520011902,-0.10676650702953339,0.18823185563087463,0.6662217974662781,-0.09710337966680527,0.11583016812801361,0.5450097918510437,-0.09653192013502121,0.12517903745174408,0.6719770431518555,-0.11967530101537704,0.1388338804244995,0.7083423137664795,-0.11345797032117844,0.14141812920570374,0.6864255666732788,-0.10522463172674179
0.2215884029865265,0.6696485877037048,-2.2197059479367454e-07,0.28442877531051636,0.656408965587616,-0.04215014725923538,0.33894601464271545,0.6343730092048645,-0.07403919100761414,0.3521072566509247,0.6140632629394531,-0.10285856574773788,0.3300965428352356,0.5924819111824036,-0.12735144793987274,0.32071539759635925,0.4359591603279114,-0.06059156358242035,0.31905144453048706,0.518629789352417,-0.11265164613723755,0.31909051537513733,0.5857501029968262,-0.1415102779865265,0.31758952140808105,0.6071536540985107,-0.15521489083766937,0.25046929717063904,0.4309823513031006,-0.06187150627374649,0.24812351167201996,0.554496169090271,-0.10309132933616638,0.25682947039604187,0.621890127658844,-0.11081718653440475,0.2605779469013214,0.624233603477478,-0.11254370212554932,0.18532750010490417,0.4605928659439087,-0.06867671757936478,0.1892290711402893,0.5828729867935181,-0.10630600154399872,0.20328381657600403,0.6392251253128052,-0.0962490662932396,0.20713871717453003,0.6328300833702087,-0.08442799746990204,0.13040098547935486,0.5069854855537415,-0.0804566964507103,0.13351283967494965,0.5955026149749756,-0.10415202379226685,0.1508285403251648,0.6417217254638672,-0.09583481401205063,0.15806302428245544,0.6392104029655457,-0.08430345356464386
0.22951380908489227,0.6747776865959167,-3.0949297524784924e-07,0.28561264276504517,0.6575963497161865,-0.04117897152900696,0.3392879068851471,0.621326744556427,-0.06838178634643555,0.3653548061847687,0.5792208909988403,-0.09243018180131912,0.34875163435935974,0.5391522645950317,-0.1104482039809227,0.32239753007888794,0.4290081858634949,-0.044392820447683334,0.3161955177783966,0.4508448541164398,-0.0910869613289833,0.3138282895088196,0.5248597860336304,-0.11596272885799408,0.3139303922653198,0.5501059889793396,-0.12772716581821442,0.26119208335876465,0.41558295488357544,-0.043683283030986786,0.25398096442222595,0.4795660674571991,-0.08325805515050888,0.2625280022621155,0.5542752146720886,-0.0916447713971138,0.267171174287796,0.5562814474105835,-0.09307847917079926,0.20163936913013458,0.4353194534778595,-0.049612417817115784,0.19658495485782623,0.5086275935173035,-0.08464103937149048,0.2136027216911316,0.5662264823913574,-0.07856620103120804,0.22260288894176483,0.5596150159835815,-0.07104664295911789,0.1506170928478241,0.4744558334350586,-0.06001625210046768,0.1488431692123413,0.5351035594940186,-0.08021952956914902,0.1673816442489624,0.5818724036216736,-0.074918732047081,0.17876848578453064,0.5821471214294434,-0.06731782108545303
0.22905069589614868,0.6699520945549011,-3.8830768289699336e-07,0.2930852472782135,0.6512064337730408,-0.03662753477692604,0.3574824929237366,0.5771100521087646,-0.050634682178497314,0.384774386882782,0.493974506855011,-0.06244592368602753,0.37985318899154663,0.4181913435459137,-0.06827324628829956,0.3495780825614929,0.44936078786849976,-0.011352078057825565,0.3623703122138977,0.39827823638916016,-0.053506482392549515,0.3410915732383728,0.46932318806648254,-0.07295890897512436,0.32758817076683044,0.5051340460777283,-0.07853227853775024,0.2980692386627197,0.4366797208786011,-0.00800511334091425,0.3106450140476227,0.3864379823207855,-0.052720703184604645,0.2972720265388489,0.48287925124168396,-0.05921052023768425,0.29305142164230347,0.5162479281425476,-0.051037028431892395,0.243486225605011,0.4402858018875122,-0.012841147370636463,0.2486206591129303,0.3962852358818054,-0.06316063553094864,0.2502816915512085,0.49583911895751953,-0.05168855935335159,0.25255969166755676,0.5327366590499878,-0.029544437304139137,0.18617701530456543,0.4563874304294586,-0.01988590694963932,0.19548463821411133,0.4241979718208313,-0.054755937308073044,0.20812557637691498,0.4973023533821106,-0.044858433306217194,0.21565110981464386,0.5287303328514099,-0.026864120736718178
0.22444280982017517,0.6716890931129456,-3.386719242826075e-07,0.28982776403427124,0.6459894180297852,-0.026971597224473953,0.3516525626182556,0.5727143883705139,-0.03698470816016197,0.3827182948589325,0.4932425916194916,-0.046783674508333206,0.37923407554626465,0.41586175560951233,-0.051854632794857025,0.34639817476272583,0.45292234420776367,-0.007163385394960642,0.35664528608322144,0.3945014774799347,-0.04699216037988663,0.3399607241153717,0.4580118656158447,-0.06685963273048401,0.3280482888221741,0.5003687143325806,-0.07286898046731949,0.2968863248825073,0.4379687011241913,-0.008799305185675621,0.3112255930900574,0.38249534368515015,-0.0520402155816555,0.3002004325389862,0.47324642539024353,-0.06224887818098068,0.2940371036529541,0.5142819285392761,-0.057394664734601974,0.24278980493545532,0.4391697645187378,-0.01687195897102356,0.25204041600227356,0.39207208156585693,-0.06546728312969208,0.25406304001808167,0.48766958713531494,-0.05779546499252319,0.25457334518432617,0.5288348197937012,-0.03877424821257591,0.18421006202697754,0.4541323184967041,-0.026232590898871422,0.19719022512435913,0.42023181915283203,-0.06155579537153244,0.20979803800582886,0.4910385012626648,-0.053385019302368164,0.21515125036239624,0.5259245038032532,-0.036770403385162354
0.22038981318473816,0.6731579303741455,-3.4023793205051334e-07,0.2873399257659912,0.6458565592765808,-0.026994269341230392,0.35034456849098206,0.5726938247680664,-0.03756255283951759,0.3813090920448303,0.49266815185546875,-0.047966163605451584,0.3790205121040344,0.41545525193214417,-0.053431447595357895,0.3440280258655548,0.45177051424980164,-0.007684862706810236,0.3554380238056183,0.3937397003173828,-0.046945720911026,0.33901551365852356,0.45884737372398376,-0.06630702316761017,0.32707464694976807,0.4996320605278015,-0.07249829918146133,0.2942807078361511,0.4370710253715515,-0.00981719046831131,0.30975043773651123,0.38153329491615295,-0.05261416360735893,0.29946088790893555,0.4738122224807739,-0.06257746368646622,0.29299288988113403,0.5125986337661743,-0.0580545999109745,0.24012447893619537,0.43852823972702026,-0.018319157883524895,0.2504864037036896,0.39138656854629517,-0.06648827344179153,0.25388815999031067,0.48737627267837524,-0.05862392857670784,0.2541276514530182,0.5267857909202576,-0.039969298988580704,0.1812315434217453,0.4540216028690338,-0.02816721424460411,0.19561834633350372,0.419613242149353,-0.06316641718149185,0.20977026224136353,0.49019861221313477,-0.0548519492149353,0.2150631546974182,0.5247443914413452,-0.038491953164339066
0.21802189946174622,0.6728968620300293,-3.5548742971514e-07,0.285291850566864,0.6467841267585754,-0.02704668417572975,0.3489515781402588,0.5727877020835876,-0.03730202093720436,0.3798917531967163,0.4917917549610138,-0.04735025018453598,0.37711668014526367,0.41456499695777893,-0.05237967148423195,0.34326329827308655,0.4525512158870697,-0.00753897475078702,0.3545300364494324,0.3919021487236023,-0.04728339612483978,0.33761274814605713,0.45698925852775574,-0.06677822768688202,0.3260026276111603,0.4991530776023865,-0.07286179065704346,0.29372119903564453,0.4378840923309326,-0.009564641863107681,0.3088338375091553,0.3799508810043335,-0.05301610380411148,0.2976128160953522,0.472723126411438,-0.06282737106084824,0.2913352847099304,0.5130712389945984,-0.057897988706827164,0.23963260650634766,0.43893522024154663,-0.01804560236632824,0.2491767853498459,0.3891300857067108,-0.06681886315345764,0.2515696585178375,0.4859505593776703,-0.058473821729421616,0.2521476745605469,0.5266878008842468,-0.03918242081999779,0.1805468499660492,0.45333629846572876,-0.02788134291768074,0.1939333975315094,0.41757237911224365,-0.06330551207065582,0.20671023428440094,0.4888404309749603,-0.054749514907598495,0.21175792813301086,0.5237391591072083,-0.038026321679353714
0.2164161503314972,0.6733808517456055,-3.589832147099514e-07,0.28467652201652527,0.6471547484397888,-0.0276404470205307,0.34812474250793457,0.5739905834197998,-0.03815380856394768,0.3789396584033966,0.49270930886268616,-0.04847780242562294,0.37649327516555786,0.41491934657096863,-0.05376544967293739,0.34349504113197327,0.45271846652030945,-0.007690899074077606,0.3547384440898895,0.3911733031272888,-0.04805079847574234,0.33635473251342773,0.4561329483985901,-0.06836360692977905,0.32431721687316895,0.4993458688259125,-0.0749310851097107,0.2937818169593811,0.4376867711544037,-0.009395220316946507,0.30809950828552246,0.37953251600265503,-0.05364273488521576,0.2955893278121948,0.47129541635513306,-0.06436504423618317,0.2892541289329529,0.5131273865699768,-0.05992020666599274,0.2397361397743225,0.4384523630142212,-0.01761546917259693,0.24731279909610748,0.3885759115219116,-0.06634501367807388,0.24878224730491638,0.48458781838417053,-0.05839065834879875,0.250080406665802,0.5267871022224426,-0.039305221289396286,0.18094457685947418,0.45256754755973816,-0.02732831798493862,0.19246192276477814,0.41663604974746704,-0.06250149011611938,0.20484843850135803,0.4871290624141693,-0.05422253906726837,0.2110442966222763,0.5226538777351379,-0.03765787556767464
0.2152252197265625,0.6730164289474487,-3.7095185234647943e-07,0.28335148096084595,0.6470509767532349,-0.0276219192892313,0.3474700152873993,0.5733223557472229,-0.03792432323098183,0.3785959482192993,0.49181854724884033,-0.047889746725559235,0.37672337889671326,0.41446444392204285,-0.05261116102337837,0.34325113892555237,0.4525241255760193,-0.008420074358582497,0.3544929623603821,0.39065787196159363,-0.04855828359723091,0.3352721929550171,0.4567759931087494,-0.06826316565275192,0.3235178589820862,0.4990672171115875,-0.07459890842437744,0.2936633229255676,0.43725621700286865,-0.01015767827630043,0.3085020184516907,0.3795657455921173,-0.054781749844551086,0.29503506422042847,0.4724232256412506,-0.0650857463479042,0.2884817123413086,0.5135681629180908,-0.06029811501502991,0.23986588418483734,0.4377577304840088,-0.018340831622481346,0.24682071805000305,0.3880833387374878,-0.06729777902364731,0.2479114681482315,0.4845159649848938,-0.05895395576953888,0.24971355497837067,0.5257803201675415,-0.03961773216724396,0.18142707645893097,0.451397567987442,-0.027994059026241302,0.19262734055519104,0.41634923219680786,-0.06318388879299164,0.20456913113594055,0.48719075322151184,-0.05470643937587738,0.21088698506355286,0.5218517780303955,-0.038043562322854996
0.21475575864315033,0.6727656722068787,-3.628990725701442e-07,0.2830052971839905,0.6466789245605469,-0.02805040404200554,0.34713056683540344,0.5732330083847046,-0.03874582797288895,0.377897709608078,0.49127018451690674,-0.04896562546491623,0.37633076310157776,0.4134078025817871,-0.053946323692798615,0.3412873148918152,0.45169350504875183,-0.009614262729883194,0.35218164324760437,0.39012646675109863,-0.04970988258719444,0.33389097452163696,0.45604315400123596,-0.0693439394235611,0.3221740424633026,0.49781784415245056,-0.07575149089097977,0.2920089662075043,0.4366742670536041,-0.011211088858544827,0.3065786361694336,0.3788805305957794,-0.05589360371232033,0.2944357097148895,0.47237005829811096,-0.06619159877300262,0.28813642263412476,0.513404369354248,-0.06155606359243393,0.23860375583171844,0.43738189339637756,-0.019200822338461876,0.24549096822738647,0.38713616132736206,-0.06830590218305588,0.24764300882816315,0.4837493896484375,-0.06011682003736496,0.24946728348731995,0.5249309539794922,-0.040993109345436096,0.1804160177707672,0.4514389634132385,-0.028679942712187767,0.19148363173007965,0.4159715175628662,-0.06429115682840347,0.2042863965034485,0.4866192936897278,-0.05624495819211006,0.2109072208404541,0.5214700102806091,-0.03993101790547371
0.21471181511878967,0.6726580262184143,-3.717736092312407e-07,0.2816939949989319,0.6473731398582458,-0.028374798595905304,0.3459767699241638,0.5739818215370178,-0.03898371756076813,0.37716788053512573,0.4928704798221588,-0.04901782423257828,0.3751995861530304,0.4157993495464325,-0.053669460117816925,0.3433471918106079,0.4513329863548279,-0.00872008502483368,0.35403263568878174,0.39090943336486816,-0.048989929258823395,0.33481860160827637,0.45649251341819763,-0.06872078776359558,0.32315558195114136,0.4980197250843048,-0.07510661333799362,0.29351356625556946,0.4358181357383728,-0.01020597293972969,0.3073332905769348,0.379238098859787,-0.054859936237335205,0.29399096965789795,0.47231751680374146,-0.06497027724981308,0.2879478633403778,0.5123810768127441,-0.060066137462854385,0.2395360767841339,0.4363291561603546,-0.018267357721924782,0.24616141617298126,0.3880576491355896,-0.06753093749284744,0.24704769253730774,0.48469507694244385,-0.05913638696074486,0.24899549782276154,0.5247244238853455,-0.039785098284482956,0.1810188740491867,0.45013341307640076,-0.027857042849063873,0.19195719063282013,0.4160773754119873,-0.06334661692380905,0.20357424020767212,0.4872433841228485,-0.05487537011504173,0.20998087525367737,0.5210688710212708,-0.038193318992853165
0.21604913473129272,0.6711385846138,-3.7201098734840343e-07,0.2835400104522705,0.6447336673736572,-0.027595452964305878,0.34741687774658203,0.5721538066864014,-0.03822202980518341,0.37819820642471313,0.4914572834968567,-0.04836660996079445,0.37590575218200684,0.4147438704967499,-0.053048182278871536,0.34371447563171387,0.4529341757297516,-0.008662845008075237,0.35582539439201355,0.39078232645988464,-0.04817250370979309,0.3368922472000122,0.4568697214126587,-0.06708279997110367,0.3250831365585327,0.49674567580223083,-0.07310964912176132,0.29487448930740356,0.4373060166835785,-0.010449059307575226,0.3101065754890442,0.3792533874511719,-0.054220426827669144,0.2966088652610779,0.47240152955055237,-0.06398487091064453,0.28997695446014404,0.510410487651825,-0.05911610275506973,0.24152997136116028,0.43703407049179077,-0.01858404465019703,0.25019001960754395,0.38897937536239624,-0.0676359236240387,0.25039389729499817,0.4859563112258911,-0.05901363864541054,0.2512860596179962,0.5239736437797546,-0.03959567844867706,0.18346993625164032,0.4495944082736969,-0.02807159349322319,0.19550007581710815,0.4150083363056183,-0.06325197964906693,0.20660212635993958,0.4865616261959076,-0.05417068675160408,0.21169015765190125,0.5199208855628967,-0.03717295452952385
0.21713241934776306,0.6706638932228088,-3.695858197261259e-07,0.2840842306613922,0.6450539827346802,-0.02802678942680359,0.348018079996109,0.5729384422302246,-0.038980018347501755,0.3787129521369934,0.49272042512893677,-0.04935887083411217,0.37668171525001526,0.41602861881256104,-0.054280754178762436,0.3444681167602539,0.4519939422607422,-0.009902538731694221,0.35664254426956177,0.39058229327201843,-0.04991606995463371,0.3375481963157654,0.4571358263492584,-0.06909773498773575,0.32566505670547485,0.4968583285808563,-0.07533923536539078,0.2956220507621765,0.4362304210662842,-0.011712691746652126,0.31138738989830017,0.3793497681617737,-0.056274231523275375,0.29766374826431274,0.47297975420951843,-0.06630060076713562,0.29078635573387146,0.511144757270813,-0.06153733655810356,0.24228771030902863,0.43598493933677673,-0.019887080416083336,0.25087952613830566,0.3880613446235657,-0.06936986744403839,0.25116896629333496,0.48484963178634644,-0.061112288385629654,0.2521654963493347,0.5229939818382263,-0.04191431775689125,0.1843624711036682,0.44891124963760376,-0.029452849179506302,0.1961822807788849,0.415020227432251,-0.06509073823690414,0.20775051414966583,0.48631998896598816,-0.056620266288518906,0.21350251138210297,0.5198657512664795,-0.040034495294094086
0.21780511736869812,0.6718690991401672,-3.766511440517206e-07,0.2842787504196167,0.6464255452156067,-0.028231363743543625,0.34803223609924316,0.5737717747688293,-0.039094191044569016,0.3790454864501953,0.4942777752876282,-0.049364425241947174,0.37778228521347046,0.41817140579223633,-0.05393476039171219,0.34542492032051086,0.4517066478729248,-0.009008816443383694,0.3577457368373871,0.39063358306884766,-0.04919757321476936,0.338270902633667,0.45805278420448303,-0.0683838352560997,0.3262099027633667,0.4978230893611908,-0.07451514154672623,0.29656434059143066,0.43595758080482483,-0.010764230042696,0.3124651312828064,0.37992602586746216,-0.0554947555065155,0.29828765988349915,0.47438621520996094,-0.06537321954965591,0.2913619577884674,0.5117883682250977,-0.06027941033244133,0.24325160682201385,0.4357294738292694,-0.019046882167458534,0.25165557861328125,0.38939058780670166,-0.06859665364027023,0.25147545337677,0.4864640235900879,-0.06014097109436989,0.25246065855026245,0.5233222842216492,-0.0406746082007885,0.18558484315872192,0.44854140281677246,-0.02878650277853012,0.19725275039672852,0.4159119725227356,-0.06411047279834747,0.2082987129688263,0.48742222785949707,-0.05533105880022049,0.21385878324508667,0.5197686553001404,-0.038485992699861526
0.21850311756134033,0.6730052828788757,-3.7273181874297734e-07,0.28553351759910583,0.6464028358459473,-0.02751348167657852,0.34855812788009644,0.5740780830383301,-0.03832811117172241,0.3792211413383484,0.49503228068351746,-0.048727668821811676,0.37792128324508667,0.41928839683532715,-0.05357986316084862,0.34600186347961426,0.45252683758735657,-0.00924556702375412,0.35840317606925964,0.39110201597213745,-0.04919296130537987,0.339063435792923,0.45841890573501587,-0.06849366426467896,0.3273923695087433,0.4981796443462372,-0.0748751237988472,0.2968561351299286,0.4366863965988159,-0.011390924453735352,0.31280121207237244,0.38029569387435913,-0.0559191070497036,0.29883188009262085,0.4746054708957672,-0.06587885320186615,0.2920265793800354,0.5128875970840454,-0.06102270632982254,0.24328765273094177,0.43667447566986084,-0.01990082859992981,0.25145718455314636,0.38963180780410767,-0.06882315129041672,0.2515312135219574,0.48600292205810547,-0.06031646206974983,0.2527157962322235,0.5235059857368469,-0.04105976223945618,0.1855413168668747,0.449906587600708,-0.02983514592051506,0.19698327779769897,0.41639575362205505,-0.06452188640832901,0.20827540755271912,0.48705145716667175,-0.05556054040789604,0.21403950452804565,0.5196579694747925,-0.03879445046186447
0.22005173563957214,0.676199734210968,-3.2940647543000523e-07,0.28595414757728577,0.6474592089653015,-0.0324607789516449,0.34562012553215027,0.581419825553894,-0.048119060695171356,0.3742296099662781,0.5065949559211731,-0.06254768371582031,0.37357792258262634,0.4335291087627411,-0.07087329775094986,0.3473013639450073,0.44898688793182373,-0.015337774530053139,0.3565327227115631,0.39468950033187866,-0.05851791054010391,0.3383699059486389,0.46305909752845764,-0.07987985759973526,0.32771095633506775,0.4998120367527008,-0.087889164686203,0.29405829310417175,0.4346316158771515,-0.016650119796395302,0.30510830879211426,0.3883919417858124,-0.06508784741163254,0.2936934530735016,0.48609626293182373,-0.0766630545258522,0.28811895847320557,0.518433690071106,-0.07319153100252151,0.23830774426460266,0.43731510639190674,-0.02477443590760231,0.2426908314228058,0.3986995220184326,-0.07743389159440994,0.24496573209762573,0.4954695701599121,-0.06935571134090424,0.24619293212890625,0.5264023542404175,-0.050707314163446426,0.17944732308387756,0.4543130695819855,-0.0346045196056366,0.1876271665096283,0.4271749258041382,-0.07198932021856308,0.2003943920135498,0.5009768009185791,-0.06346995383501053,0.20666882395744324,0.5304238200187683,-0.047057054936885834
0.22936519980430603,0.6756783127784729,-2.962927965199924e-07,0.29019245505332947,0.6473224759101868,-0.03954610973596573,0.34968459606170654,0.5842342972755432,-0.06028500944375992,0.37541675567626953,0.5143495798110962,-0.07829847186803818,0.3682495355606079,0.4469415247440338,-0.08932410180568695,0.33209308981895447,0.42870718240737915,-0.026379724964499474,0.33995747566223145,0.3939593732357025,-0.07174932211637497,0.3317314088344574,0.47373366355895996,-0.09145167469978333,0.32381829619407654,0.5104291439056396,-0.09758655726909637,0.2775440812110901,0.42141374945640564,-0.024994390085339546,0.285508394241333,0.40403634309768677,-0.0719107985496521,0.2845289707183838,0.5070385932922363,-0.07936599105596542,0.2813436686992645,0.5270950198173523,-0.07448641955852509,0.22338718175888062,0.4331646263599396,-0.031208869069814682,0.22681428492069244,0.42311012744903564,-0.08168509602546692,0.2369140386581421,0.5181017518043518,-0.07101277261972427,0.2388150990009308,0.537077784538269,-0.05265463516116142,0.16774675250053406,0.4600808024406433,-0.040154680609703064,0.17583739757537842,0.45470860600471497,-0.07470066100358963,0.1937597692012787,0.5260457396507263,-0.06587857753038406,0.2003670483827591,0.5471622943878174,-0.050611596554517746
0.23659110069274902,0.6727326512336731,-2.6546533149485185e-07,0.2934878468513489,0.6443541646003723,-0.039073843508958817,0.35119399428367615,0.5937471389770508,-0.06536493450403214,0.3729897141456604,0.5383954644203186,-0.08848615735769272,0.349424809217453,0.4917929470539093,-0.10614041239023209,0.31866908073425293,0.4090178310871124,-0.042605526745319366,0.3331699073314667,0.41829782724380493,-0.08765450865030289,0.3311364948749542,0.4987255334854126,-0.11147710680961609,0.3209231197834015,0.5253293514251709,-0.12278503179550171,0.25679609179496765,0.40358859300613403,-0.04309792444109917,0.27243688702583313,0.4513856768608093,-0.08049600571393967,0.28007665276527405,0.5377108454704285,-0.0888250321149826,0.27330338954925537,0.5401972532272339,-0.09063570201396942,0.1994653046131134,0.4291823208332062,-0.04968864098191261,0.2180570513010025,0.4960707426071167,-0.08282425999641418,0.23382863402366638,0.5632708072662354,-0.07484057545661926,0.23042593896389008,0.5593806505203247,-0.0664360448718071,0.1493288278579712,0.47311535477638245,-0.06043146923184395,0.16851840913295746,0.5349881649017334,-0.0784182995557785,0.18893253803253174,0.5833039283752441,-0.0708460882306099,0.1924409568309784,0.5831498503684998,-0.062179118394851685
0.22401535511016846,0.6761599183082581,-2.174242439423324e-07,0.27876654267311096,0.6471166014671326,-0.034792084246873856,0.3318132758140564,0.6083929538726807,-0.06242108717560768,0.3549881875514984,0.5856999158859253,-0.08906497061252594,0.3424086570739746,0.5926344394683838,-0.11050528287887573,0.3077848553657532,0.43799251317977905,-0.054528411477804184,0.31406575441360474,0.4501902461051941,-0.10757239162921906,0.3193362355232239,0.5018144249916077,-0.1331368386745453,0.3197270929813385,0.5284029245376587,-0.14408743381500244,0.24440345168113708,0.42711544036865234,-0.05818719416856766,0.24832738935947418,0.5483669638633728,-0.10314787924289703,0.2636391520500183,0.6145379543304443,-0.10850425809621811,0.26875337958335876,0.6093330979347229,-0.10693511366844177,0.18591703474521637,0.45614373683929443,-0.06802723556756973,0.19615337252616882,0.5990605354309082,-0.10430802404880524,0.21520601212978363,0.6447232365608215,-0.09391751885414124,0.22237874567508698,0.6251758337020874,-0.08312676846981049,0.1363387405872345,0.5038695931434631,-0.08304186910390854,0.1450565755367279,0.6155663728713989,-0.10750619322061539,0.16601194441318512,0.6590356826782227,-0.10278810560703278,0.1767021268606186,0.6503249406814575,-0.09404245018959045
0.2212674468755722,0.634792149066925,1.9470668632948218e-08,0.28046804666519165,0.6238085627555847,-0.044590238481760025,0.3347097635269165,0.6280609369277954,-0.08244720846414566,0.3657395541667938,0.6656051874160767,-0.11572246253490448,0.3574780821800232,0.7040818929672241,-0.14732055366039276,0.3064211308956146,0.4554136395454407,-0.08728229999542236,0.32101956009864807,0.6158496141433716,-0.13756081461906433,0.3237162232398987,0.6327663660049438,-0.16810989379882812,0.3233961760997772,0.5950155854225159,-0.1892586052417755,0.23478630185127258,0.4715212881565094,-0.08960186690092087,0.2661953270435333,0.6696027517318726,-0.12323644757270813,0.27062493562698364,0.6779499053955078,-0.1263851523399353,0.2599838376045227,0.6176817417144775,-0.13292431831359863,0.17313213646411896,0.5201435089111328,-0.09562504291534424,0.2068791538476944,0.6951931715011597,-0.1245916336774826,0.21091988682746887,0.6993609666824341,-0.1057661771774292,0.20151422917842865,0.6443067193031311,-0.09366143494844437,0.12158554792404175,0.5807499885559082,-0.10822794586420059,0.14406616985797882,0.7039290070533752,-0.13417929410934448,0.15376406908035278,0.7186002135276794,-0.12606211006641388,0.1517089605331421,0.6936575174331665,-0.11713267862796783
0.2219272255897522,0.643253743648529,-1.3175252888686373e-07,0.2808818519115448,0.6409673690795898,-0.039581675082445145,0.33922433853149414,0.653936505317688,-0.07571172714233398,0.37471333146095276,0.6913425326347351,-0.11034572124481201,0.36678045988082886,0.7362050414085388,-0.14455275237560272,0.31148967146873474,0.5077733397483826,-0.07979230582714081,0.3335269093513489,0.6591058969497681,-0.13286034762859344,0.3315676748752594,0.6758080124855042,-0.16387179493904114,0.32738161087036133,0.6468027234077454,-0.18265435099601746,0.24105747044086456,0.5156685709953308,-0.08419652283191681,0.27378490567207336,0.7075595855712891,-0.11852314323186874,0.26828432083129883,0.7114765644073486,-0.11770046502351761,0.25690948963165283,0.6551437377929688,-0.11912542581558228,0.17973722517490387,0.5531843900680542,-0.09283452481031418,0.21062035858631134,0.7270568609237671,-0.11940084397792816,0.20874351263046265,0.7229874134063721,-0.09713096171617508,0.20121890306472778,0.6670894026756287,-0.08136019855737686,0.12728258967399597,0.5996432304382324,-0.10862921178340912,0.14632351696491241,0.7310037612915039,-0.13052552938461304,0.14855140447616577,0.735850989818573,-0.12027934938669205,0.1418321132659912,0.7053024172782898,-0.10931530594825745
0.2128731608390808,0.6427855491638184,1.0298256825080898e-07,0.2760201692581177,0.6439234614372253,-0.043725065886974335,0.3341338634490967,0.6612092852592468,-0.07999642193317413,0.36812806129455566,0.710871160030365,-0.11444146186113358,0.36432361602783203,0.7574654221534729,-0.14958149194717407,0.3094407320022583,0.5181922912597656,-0.08300023525953293,0.32198548316955566,0.6581262350082397,-0.13635139167308807,0.3232049345970154,0.6587470173835754,-0.17207032442092896,0.3238869309425354,0.6210859417915344,-0.1964651346206665,0.23596814274787903,0.5222277045249939,-0.086728535592556,0.2636770009994507,0.7193194627761841,-0.12498441338539124,0.2607528269290924,0.7121669054031372,-0.13397511839866638,0.24856817722320557,0.6538729667663574,-0.1445074826478958,0.17100705206394196,0.556978702545166,-0.09436178207397461,0.19975364208221436,0.7403085827827454,-0.12365803122520447,0.19852213561534882,0.7350647449493408,-0.10860354453325272,0.19128066301345825,0.6793100237846375,-0.099689781665802,0.11473771929740906,0.6027937531471252,-0.10965221375226974,0.1370261311531067,0.7459640502929688,-0.13480888307094574,0.14163964986801147,0.7552281618118286,-0.12879978120326996,0.13743893802165985,0.7266895771026611,-0.1224556639790535
0.1958991438150406,0.6648221611976624,-7.542310775932037e-09,0.262044757604599,0.6683992147445679,-0.04463401809334755,0.32405322790145874,0.6736622452735901,-0.0812571793794632,0.3577420711517334,0.7172338962554932,-0.11707214266061783,0.34053269028663635,0.7644606828689575,-0.15155604481697083,0.29967883229255676,0.523138165473938,-0.07328002899885178,0.3105100095272064,0.6447048187255859,-0.13009625673294067,0.31164613366127014,0.6677562594413757,-0.16237017512321472,0.3090319037437439,0.6435876488685608,-0.1811985969543457,0.22899876534938812,0.524483323097229,-0.07786133140325546,0.24537444114685059,0.7105199098587036,-0.12261955440044403,0.24405865371227264,0.7317175269126892,-0.13074816763401031,0.2350936084985733,0.6731610298156738,-0.13640812039375305,0.16407659649848938,0.5566331744194031,-0.08798684924840927,0.18436431884765625,0.7342978715896606,-0.12606127560138702,0.18736512959003448,0.7532790303230286,-0.11245277523994446,0.1819935441017151,0.6990002393722534,-0.10070797801017761,0.10551664233207703,0.5990796089172363,-0.10520897060632706,0.12506945431232452,0.7385578751564026,-0.13284932076931,0.13535507023334503,0.7656558752059937,-0.12588909268379211,0.13411852717399597,0.7429575324058533,-0.11712659895420074
0.2044420838356018,0.6857094764709473,-1.264604065909225e-07,0.2626922130584717,0.6861717700958252,-0.043595630675554276,0.3212440609931946,0.682874858379364,-0.08147680759429932,0.3548729121685028,0.715464174747467,-0.11726415157318115,0.34147414565086365,0.7488239407539368,-0.15035930275917053,0.30313339829444885,0.5176721215248108,-0.07994145900011063,0.3066087067127228,0.6451315879821777,-0.13420896232128143,0.3072656989097595,0.7108114957809448,-0.16056281328201294,0.30626970529556274,0.703433096408844,-0.17533481121063232,0.23033744096755981,0.5162936449050903,-0.0854554995894432,0.23893579840660095,0.6847243309020996,-0.12912911176681519,0.2445845603942871,0.738919198513031,-0.1334538757801056,0.2449503391981125,0.6993890404701233,-0.13621044158935547,0.16399246454238892,0.5458638668060303,-0.09564360976219177,0.1784369796514511,0.7086130380630493,-0.13327494263648987,0.18773382902145386,0.7484114170074463,-0.11798223853111267,0.18628592789173126,0.7054935097694397,-0.10544508695602417,0.10581755638122559,0.5859704613685608,-0.11187907308340073,0.11708386242389679,0.7111755609512329,-0.13646036386489868,0.13482366502285004,0.7498162984848022,-0.12664061784744263,0.1415528953075409,0.7323073148727417,-0.11668753623962402
0.21096186339855194,0.7140859961509705,-2.574498125795799e-07,0.2779810130596161,0.7040930986404419,-0.038641560822725296,0.341388076543808,0.6786351203918457,-0.0692501813173294,0.37380003929138184,0.6812906265258789,-0.09819847345352173,0.3491837978363037,0.6921281218528748,-0.1241874098777771,0.30282047390937805,0.5086225271224976,-0.06693127006292343,0.3107309341430664,0.5923964381217957,-0.12051444500684738,0.3165583610534668,0.6636928915977478,-0.14931151270866394,0.31307756900787354,0.6844838857650757,-0.16301442682743073,0.2319936603307724,0.511509358882904,-0.07164079695940018,0.23833025991916656,0.6318076848983765,-0.11079614609479904,0.2572871446609497,0.6971156001091003,-0.11364845931529999,0.26095008850097656,0.6973652243614197,-0.11369811743497849,0.16677534580230713,0.5489559769630432,-0.08171376585960388,0.1772097796201706,0.6714420318603516,-0.11425013840198517,0.19518893957138062,0.7102004885673523,-0.09920114278793335,0.1949591189622879,0.6892849206924438,-0.0857420265674591,0.11127540469169617,0.5990009903907776,-0.09721158444881439,0.11808916926383972,0.6846081018447876,-0.11629115790128708,0.13842357695102692,0.713840126991272,-0.10505447536706924,0.14417636394500732,0.7004387378692627,-0.09339995682239532
0.18790684640407562,0.8356722593307495,-4.774217359226895e-07,0.2648698091506958,0.8055425882339478,-0.029828038066625595,0.33536094427108765,0.722828209400177,-0.04560675472021103,0.3729211390018463,0.6432395577430725,-0.062384724617004395,0.39491158723831177,0.5672974586486816,-0.07517289370298386,0.3081492483615875,0.5798231959342957,-0.014020339585840702,0.33636462688446045,0.4901683032512665,-0.05842812359333038,0.33613845705986023,0.549261748790741,-0.08367186039686203,0.32342416048049927,0.6137675046920776,-0.0921696200966835,0.2561480402946472,0.572919487953186,-0.016088761389255524,0.2848675847053528,0.504751980304718,-0.0638953447341919,0.28184646368026733,0.6105446815490723,-0.0769217237830162,0.26821383833885193,0.6793292760848999,-0.07354673743247986,0.19989991188049316,0.584053099155426,-0.024936670437455177,0.21981051564216614,0.5141867399215698,-0.07368846237659454,0.22916872799396515,0.6226420998573303,-0.06326409429311752,0.22535866498947144,0.6902354955673218,-0.04238172620534897,0.13990777730941772,0.6112319827079773,-0.03597458824515343,0.1613532304763794,0.5595703721046448,-0.07150030881166458,0.1818990409374237,0.6328142285346985,-0.061045993119478226,0.1859227418899536,0.6804171800613403,-0.042883824557065964
0.17801746726036072,0.8828319311141968,-4.4126821308054787e-07,0.25392797589302063,0.8547550439834595,-0.026749735698103905,0.33098408579826355,0.7671432495117188,-0.03713470697402954,0.36589062213897705,0.6794498562812805,-0.048876453191041946,0.386249303817749,0.5998529195785522,-0.05672549828886986,0.3039840757846832,0.6197591423988342,-0.004644554574042559,0.33223676681518555,0.5252070426940918,-0.04533735290169716,0.33234089612960815,0.5719294548034668,-0.06889332085847855,0.3213146924972534,0.6316889524459839,-0.07627597451210022,0.25134655833244324,0.6117497682571411,-0.007288586348295212,0.2770554721355438,0.5362983345985413,-0.05315123125910759,0.27161481976509094,0.6404613256454468,-0.0660373866558075,0.2615824341773987,0.7118974924087524,-0.06150512769818306,0.1945537030696869,0.6201185584068298,-0.016824891790747643,0.2173982560634613,0.5652990341186523,-0.06405948847532272,0.21865475177764893,0.6701629161834717,-0.05493675172328949,0.21239422261714935,0.7300226092338562,-0.03393681347370148,0.13317346572875977,0.6415000557899475,-0.028361685574054718,0.158417746424675,0.5919447541236877,-0.05700602009892464,0.16890576481819153,0.6618735790252686,-0.0437399186193943,0.16604584455490112,0.7026681900024414,-0.024594182148575783
0.16470110416412354,0.9326066970825195,-3.6723079688272264e-07,0.24152708053588867,0.9012526869773865,-0.027499282732605934,0.31970542669296265,0.8074939250946045,-0.038765791803598404,0.355980783700943,0.7205423712730408,-0.05108541622757912,0.37406212091445923,0.641838550567627,-0.059388063848018646,0.29300302267074585,0.6591055393218994,-0.010508554056286812,0.3236192464828491,0.565338671207428,-0.05253235995769501,0.3264005184173584,0.600472629070282,-0.07679378241300583,0.3148018419742584,0.659473717212677,-0.08485297858715057,0.23638863861560822,0.6490241289138794,-0.013854552060365677,0.26150059700012207,0.573722243309021,-0.06292320787906647,0.25948387384414673,0.6799336075782776,-0.07714282721281052,0.25087282061576843,0.7576824426651001,-0.07362505048513412,0.17679277062416077,0.6590428948402405,-0.02365504577755928,0.19640161097049713,0.5966747999191284,-0.07127222418785095,0.20260874927043915,0.7026840448379517,-0.06164422258734703,0.1986178457736969,0.7687333822250366,-0.04139290750026703,0.11483342945575714,0.6850289702415466,-0.03575772047042847,0.1346128284931183,0.6412994265556335,-0.06526407599449158,0.14748242497444153,0.7076239585876465,-0.053004033863544464,0.14709007740020752,0.7469452023506165,-0.035130031406879425
0.15415632724761963,0.9845765829086304,-3.6939721326234576e-07,0.23453974723815918,0.95189368724823,-0.02707841247320175,0.3097456097602844,0.8568123579025269,-0.037424806505441666,0.34486737847328186,0.7665762305259705,-0.049325525760650635,0.362157940864563,0.6850541830062866,-0.05815334618091583,0.2776118516921997,0.7065390348434448,-0.006942706182599068,0.30501365661621094,0.6121013164520264,-0.04960033297538757,0.30667322874069214,0.6412732005119324,-0.07688334584236145,0.2972058653831482,0.69898521900177,-0.0877259373664856,0.21765775978565216,0.7012917399406433,-0.011179539375007153,0.2418210804462433,0.6256541013717651,-0.06142100319266319,0.24176476895809174,0.7290159463882446,-0.07898568361997604,0.23540885746479034,0.8085795640945435,-0.07834815979003906,0.15613488852977753,0.7195256948471069,-0.021893076598644257,0.17572414875030518,0.650579571723938,-0.07191924005746841,0.18260100483894348,0.7552177309989929,-0.06523629277944565,0.178972989320755,0.8230542540550232,-0.04726569727063179,0.09409739077091217,0.7545216679573059,-0.034702811390161514,0.11383383721113205,0.708523154258728,-0.06892667710781097,0.12668022513389587,0.7782362103462219,-0.05913734808564186,0.12602241337299347,0.823164701461792,-0.04264514148235321
0.1526840180158615,1.0286900997161865,-4.0748389551481523e-07,0.22665877640247345,1.000425100326538,-0.027522487565875053,0.29898911714553833,0.913791298866272,-0.0383758507668972,0.3311390280723572,0.8258819580078125,-0.05092558637261391,0.34435954689979553,0.7450684905052185,-0.060152433812618256,0.2643107771873474,0.7516666054725647,-0.004464458208531141,0.2851387560367584,0.650310218334198,-0.048012372106313705,0.2873679995536804,0.6938775777816772,-0.07574900984764099,0.28023502230644226,0.7596696615219116,-0.08609820157289505,0.20361609756946564,0.7480220794677734,-0.008288390003144741,0.22423480451107025,0.6729861497879028,-0.05881059169769287,0.22506901621818542,0.7773216366767883,-0.07779714465141296,0.2207406461238861,0.8554676175117493,-0.07705342769622803,0.14242011308670044,0.7650394439697266,-0.018901437520980835,0.15827244520187378,0.7103956937789917,-0.0729767307639122,0.16574710607528687,0.8169305920600891,-0.0707218125462532,0.16564726829528809,0.8862314224243164,-0.05358244478702545,0.08142413198947906,0.7990736961364746,-0.03104269877076149,0.09923048317432404,0.76204514503479,-0.07076960057020187,0.11333059519529343,0.8421310782432556,-0.06365489214658737,0.1175377294421196,0.8974456787109375,-0.04678019881248474
0.1474514603614807,1.0890721082687378,-4.195338192403142e-07,0.2149709016084671,1.062851071357727,-0.03950504958629608,0.28511297702789307,0.9716063141822815,-0.058872856199741364,0.3151082992553711,0.872985303401947,-0.07759204506874084,0.33287057280540466,0.787499189376831,-0.09266892820596695,0.24673952162265778,0.8273701071739197,-0.02872988022863865,0.26370033621788025,0.708786129951477,-0.08237709850072861,0.2675393223762512,0.7569532990455627,-0.11268854141235352,0.267668753862381,0.831400990486145,-0.12332911789417267,0.1800355613231659,0.8320452570915222,-0.029445242136716843,0.19565676152706146,0.7442381381988525,-0.08692216873168945,0.19835257530212402,0.8515716195106506,-0.10350636392831802,0.19786348938941956,0.9298723340034485,-0.10117270797491074,0.1162349283695221,0.8571138978004456,-0.03804576024413109,0.1287640929222107,0.8022266030311584,-0.09677435457706451,0.13584691286087036,0.9071491360664368,-0.08867894113063812,0.13760140538215637,0.970780611038208,-0.0677192285656929,0.054250285029411316,0.8965351581573486,-0.049173854291439056,0.06286521255970001,0.8514300584793091,-0.0882020965218544,0.07903677225112915,0.9269344806671143,-0.0762869194149971,0.08413371443748474,0.9763613939285278,-0.056838829070329666
0.1317092776298523,1.0953508615493774,-3.6888923204969615e-07,0.1963685154914856,1.072066307067871,-0.040475405752658844,0.2588993310928345,1.0120078325271606,-0.06880901008844376,0.2899499237537384,0.9369876384735107,-0.09553129971027374,0.30932265520095825,0.8633570075035095,-0.11895183473825455,0.21606147289276123,0.8629134893417358,-0.054361697286367416,0.23114725947380066,0.7757589817047119,-0.10645369440317154,0.23278173804283142,0.8399950861930847,-0.1372557133436203,0.2275298535823822,0.9180232882499695,-0.1493515968322754,0.1521952748298645,0.8674569725990295,-0.05276051163673401,0.16061082482337952,0.8355900645256042,-0.10406243801116943,0.17017340660095215,0.9260979890823364,-0.12218765914440155,0.17225323617458344,1.0000543594360352,-0.12582145631313324,0.09232226014137268,0.8923545479774475,-0.056530505418777466,0.09409305453300476,0.897742509841919,-0.09937774389982224,0.11142327636480331,0.9722397923469543,-0.09557077288627625,0.12116488069295883,1.0325067043304443,-0.0844656303524971,0.038573235273361206,0.9312952756881714,-0.06350933760404587,0.03790979087352753,0.9371265172958374,-0.08949806541204453,0.058090269565582275,0.991243839263916,-0.08151543140411377,0.07216040790081024,1.0357117652893066,-0.06870382279157639
